[2026-09-01 09:46:31] [Client thread/INFO] [CustomSkinLoader Core]: CustomSkinLoader 14.28
[2026-09-01 09:46:31] [Client thread/INFO] [CustomSkinLoader Core]: DataDir: C:\Users\Public\AppData\Server17\.minecraft\CustomSkinLoader
[2026-09-01 09:46:31] [Client thread/INFO] [CustomSkinLoader Core]: Operating System: Windows 11 (amd64) version 10.0
[2026-09-01 09:46:31] [Client thread/INFO] [CustomSkinLoader Core]: Java Version: 1.8.0_461, Oracle Corporation
[2026-09-01 09:46:31] [Client thread/INFO] [CustomSkinLoader Core]: Java VM Version: Java HotSpot(TM) 64-Bit Server VM (mixed mode), Oracle Corporation
[2026-09-01 09:46:31] [Client thread/INFO] [CustomSkinLoader Core]: Minecraft: 1.12.2
[2026-09-01 09:46:31] [Client thread/INFO] [CustomSkinLoader Core]: Config File: C:\Users\Public\AppData\Server17\.minecraft\CustomSkinLoader\CustomSkinLoader.json
[2026-09-01 09:46:31] [Client thread/INFO] [CustomSkinLoader Core]: Try to load config.
[2026-09-01 09:46:31] [Client thread/INFO] [CustomSkinLoader Core]: Successfully load config.
[2026-09-01 09:46:31] [Client thread/INFO] [CustomSkinLoader Core]: Add a profile loader: GameProfile
[2026-09-01 09:46:31] [Client thread/INFO] [CustomSkinLoader Core]: Add a profile loader: MojangAPI
[2026-09-01 09:46:31] [Client thread/INFO] [CustomSkinLoader Core]: Add a profile loader: Legacy
[2026-09-01 09:46:31] [Client thread/INFO] [CustomSkinLoader Core]: Add a profile loader: CustomSkinAPI
[2026-09-01 09:46:31] [Client thread/INFO] [CustomSkinLoader Core]: Add a profile loader: CustomSKinAPIPlus
[2026-09-01 09:46:31] [Client thread/INFO] [CustomSkinLoader Core]: Add a profile loader: UniSkinAPI
[2026-09-01 09:46:31] [Client thread/INFO] [CustomSkinLoader Core]: Add a profile loader: ElyByAPI
[2026-09-01 09:46:31] [Client thread/INFO] [CustomSkinLoader Core]: Add a profile loader: GlitchlessAPI
[2026-09-01 09:46:31] [Client thread/INFO] [CustomSkinLoader Core]: Add a profile loader: MinecraftCapesAPI
[2026-09-01 09:46:31] [Client thread/INFO] [CustomSkinLoader Core]: Add a profile loader: WynntilsAPI
[2026-09-01 09:46:31] [Client thread/INFO] [CustomSkinLoader Core]: Successfully update config.
[2026-09-01 09:46:31] [Client thread/INFO] [CustomSkinLoader Core]: version : 14.28
[2026-09-01 09:46:31] [Client thread/INFO] [CustomSkinLoader Core]: buildNumber : 38
[2026-09-01 09:46:31] [Client thread/INFO] [CustomSkinLoader Core]: loadlist : [{ "name": "GameProfile", "type": "GameProfile" }, { "name": "Server17", "type": "Legacy", "checkPNG": "false", "skin": "https://star-plays-dev.github.io/Web/skins/{USERNAME}.png", "model": "auto", "cape": "https://star-plays-dev.github.io/Web/capes/{USERNAME}.png" }]
[2026-09-01 09:46:31] [Client thread/INFO] [CustomSkinLoader Core]: enableDynamicSkull : true
[2026-09-01 09:46:31] [Client thread/INFO] [CustomSkinLoader Core]: enableTransparentSkin : true
[2026-09-01 09:46:31] [Client thread/INFO] [CustomSkinLoader Core]: forceLoadAllTextures : true
[2026-09-01 09:46:31] [Client thread/INFO] [CustomSkinLoader Core]: enableCape : true
[2026-09-01 09:46:31] [Client thread/INFO] [CustomSkinLoader Core]: threadPoolSize : 8
[2026-09-01 09:46:31] [Client thread/INFO] [CustomSkinLoader Core]: enableLogStdOut : false
[2026-09-01 09:46:31] [Client thread/INFO] [CustomSkinLoader Core]: cacheExpiry : 30
[2026-09-01 09:46:31] [Client thread/INFO] [CustomSkinLoader Core]: forceUpdateSkull : false
[2026-09-01 09:46:31] [Client thread/INFO] [CustomSkinLoader Core]: enableLocalProfileCache : false
[2026-09-01 09:46:31] [Client thread/INFO] [CustomSkinLoader Core]: enableCacheAutoClean : false
[2026-09-01 09:46:31] [Client thread/INFO] [CustomSkinLoader Core]: forceDisableCache : false
[2026-09-01 09:46:31] [Verdie/INFO] [CustomSkinLoader Core]: Loading Verdie's profile.
[2026-09-01 09:46:31] [Verdie/INFO] [CustomSkinLoader Core]: 1/2 Try to load profile from 'GameProfile'.
[2026-09-01 09:46:31] [Verdie/INFO] [CustomSkinLoader Core]: Profile not found.
[2026-09-01 09:46:31] [Verdie/INFO] [CustomSkinLoader Core]: 2/2 Try to load profile from 'Server17'.
[2026-09-01 09:46:31] [Verdie/DEBUG] [CustomSkinLoader Core]: Try to request 'https://star-plays-dev.github.io/Web/skins/Verdie.png'.
[2026-09-01 09:46:32] [Verdie/DEBUG] [CustomSkinLoader Core]: Successfully request (Response Code: 304 , Content Length: -1)
[2026-09-01 09:46:32] [Verdie/DEBUG] [CustomSkinLoader Core]: Cache file found (Length: 750 , Path: 'C:\Users\Public\AppData\Server17\.minecraft\CustomSkinLoader\caches\0cbfd09f9e96e29a0bf7d639d6cae6713d1f789b' , Expire: 0)
[2026-09-01 09:46:32] [Verdie/DEBUG] [CustomSkinLoader Core]: Try to request 'https://star-plays-dev.github.io/Web/capes/Verdie.png'.
[2026-09-01 09:46:32] [Verdie/DEBUG] [CustomSkinLoader Core]: Successfully request (Response Code: 304 , Content Length: -1)
[2026-09-01 09:46:32] [Verdie/DEBUG] [CustomSkinLoader Core]: Cache file found (Length: 552 , Path: 'C:\Users\Public\AppData\Server17\.minecraft\CustomSkinLoader\caches\455989938b8d3949cb21c1ce9d926c1f835f99cc' , Expire: 0)
[2026-09-01 09:46:32] [Verdie/INFO] [CustomSkinLoader Core]: Verdie's profile loaded.
[2026-09-01 09:46:32] [Verdie/INFO] [CustomSkinLoader Core]: (SkinUrl: (LEGACY)https://star-plays-dev.github.io/Web/skins/Verdie.png , Model: auto , CapeUrl: (LEGACY)https://star-plays-dev.github.io/Web/capes/Verdie.png  , Expiry: 1788230822)
[2026-09-01 09:48:33] [kotiktepich/INFO] [CustomSkinLoader Core]: Loading kotiktepich's profile.
[2026-09-01 09:48:33] [kotiktepich/INFO] [CustomSkinLoader Core]: 1/2 Try to load profile from 'GameProfile'.
[2026-09-01 09:48:33] [kotiktepich/INFO] [CustomSkinLoader Core]: Profile not found.
[2026-09-01 09:48:33] [kotiktepich/INFO] [CustomSkinLoader Core]: 2/2 Try to load profile from 'Server17'.
[2026-09-01 09:48:33] [kotiktepich/DEBUG] [CustomSkinLoader Core]: Try to request 'https://star-plays-dev.github.io/Web/skins/kotiktepich.png'.
[2026-09-01 09:48:34] [kotiktepich/DEBUG] [CustomSkinLoader Core]: Successfully request (Response Code: 304 , Content Length: -1)
[2026-09-01 09:48:34] [kotiktepich/DEBUG] [CustomSkinLoader Core]: Cache file found (Length: 3353 , Path: 'C:\Users\Public\AppData\Server17\.minecraft\CustomSkinLoader\caches\71ffd2efd6ceab53ae7ab15d75e0f484c79be6dc' , Expire: 0)
[2026-09-01 09:48:34] [kotiktepich/DEBUG] [CustomSkinLoader Core]: Try to request 'https://star-plays-dev.github.io/Web/capes/kotiktepich.png'.
[2026-09-01 09:48:34] [kotiktepich/DEBUG] [CustomSkinLoader Core]: Failed to request (Response Code: 404)
[2026-09-01 09:48:34] [kotiktepich/INFO] [CustomSkinLoader Core]: kotiktepich's profile loaded.
[2026-09-01 09:48:34] [kotiktepich/INFO] [CustomSkinLoader Core]: (SkinUrl: (LEGACY)https://star-plays-dev.github.io/Web/skins/kotiktepich.png , Model: auto , CapeUrl: null  , Expiry: 1788230944)
[2026-09-01 09:48:35] [/INFO] [CustomSkinLoader Core]: Loading 's profile.
[2026-09-01 09:48:35] [/INFO] [CustomSkinLoader Core]: 1/2 Try to load profile from 'GameProfile'.
[2026-09-01 09:48:35] [/INFO] [CustomSkinLoader Core]: Profile not found.
[2026-09-01 09:48:35] [/INFO] [CustomSkinLoader Core]: Loading 's profile.
[2026-09-01 09:48:35] [/INFO] [CustomSkinLoader Core]: 2/2 Try to load profile from 'Server17'.
[2026-09-01 09:48:35] [/INFO] [CustomSkinLoader Core]: 1/2 Try to load profile from 'GameProfile'.
[2026-09-01 09:48:35] [/DEBUG] [CustomSkinLoader Core]: Try to request 'https://star-plays-dev.github.io/Web/skins/.png'.
[2026-09-01 09:48:35] [/INFO] [CustomSkinLoader Core]: Profile not found.
[2026-09-01 09:48:35] [/INFO] [CustomSkinLoader Core]: 2/2 Try to load profile from 'Server17'.
[2026-09-01 09:48:35] [/DEBUG] [CustomSkinLoader Core]: Try to request 'https://star-plays-dev.github.io/Web/skins/.png'.
[2026-09-01 09:48:35] [/INFO] [CustomSkinLoader Core]: Loading 's profile.
[2026-09-01 09:48:35] [/INFO] [CustomSkinLoader Core]: 1/2 Try to load profile from 'GameProfile'.
[2026-09-01 09:48:35] [/INFO] [CustomSkinLoader Core]: Loading 's profile.
[2026-09-01 09:48:35] [/INFO] [CustomSkinLoader Core]: Loading 's profile.
[2026-09-01 09:48:35] [/INFO] [CustomSkinLoader Core]: Profile not found.
[2026-09-01 09:48:35] [/INFO] [CustomSkinLoader Core]: 1/2 Try to load profile from 'GameProfile'.
[2026-09-01 09:48:35] [/INFO] [CustomSkinLoader Core]: 1/2 Try to load profile from 'GameProfile'.
[2026-09-01 09:48:35] [/INFO] [CustomSkinLoader Core]: Profile not found.
[2026-09-01 09:48:35] [/INFO] [CustomSkinLoader Core]: Profile not found.
[2026-09-01 09:48:35] [/INFO] [CustomSkinLoader Core]: 2/2 Try to load profile from 'Server17'.
[2026-09-01 09:48:35] [/INFO] [CustomSkinLoader Core]: 2/2 Try to load profile from 'S[2026-09-01 09:49:03] [Client thread/INFO] [CustomSkinLoader Forge]: [CSL DEBUG] Successfully transformed method <init> in class net.minecraft.client.gui.spectator.PlayerMenuObject
Core]: 2/2 Try to load profile from 'Server17'.
[2026-09-01 09:48:35] [/DEBUG] [CustomSkinLoader Core]: Try to request 'https://star-plays-dev.github.io/Web/skins/.png'.
[2026-09-01 09:48:35] [/DEBUG] [CustomSkinLoader Core]: Try to request 'https://star-plays-dev.github.io/Web/skins/.png'.
[2026-09-01 09:48:35] [/INFO] [CustomSkinLoader Core]: Loading 's profile.
[2026-09-01 09:48:35] [/INFO] [CustomSkinLoader Core]: 1/2 Try to load profile from 'GameProfile'.
[2026-09-01 09:48:35] [/INFO] [CustomSkinLoader Core]: Profile not found.
[2026-09-01 09:48:35] [/INFO] [CustomSkinLoader Core]: 2/2 Try to load profile from 'Server17'.
[2026-09-01 09:48:35] [/DEBUG] [CustomSkinLoader Core]: Try to request 'https://star-plays-dev.github.io/Web/skins/.png'.
[2026-09-01 09:48:35] [/INFO] [CustomSkinLoader Core]: Loading 's profile.
[2026-09-01 09:48:35] [/INFO] [CustomSkinLoader Core]: 1/2 Try to load profile from 'GameProfile'.
[2026-09-01 09:48:35] [/INFO] [CustomSkinLoader Core]: Profile not found.
[2026-09-01 09:48:35] [/INFO] [CustomSkinLoader Core]: 2/2 Try to load profile from 'Server17'.
[2026-09-01 09:48:35] [/DEBUG] [CustomSkinLoader Core]: Try to request 'https://star-plays-dev.github.io/Web/skins/.png'.
[2026-09-01 09:48:35] [/INFO] [CustomSkinLoader Core]: Loading 's profile.
[2026-09-01 09:48:35] [/INFO] [CustomSkinLoader Core]: 1/2 Try to load profile from 'GameProfile'.
[2026-09-01 09:48:35] [/INFO] [CustomSkinLoader Core]: Profile not found.
[2026-09-01 09:48:35] [/INFO] [CustomSkinLoader Core]: 2/2 Try to load profile from 'Server17'.
[2026-09-01 09:48:35] [/DEBUG] [CustomSkinLoader Core]: Try to request 'https://star-plays-dev.github.io/Web/skins/.png'.
[2026-09-01 09:48:36] [/DEBUG] [CustomSkinLoader Core]: Failed to request (Response Code: 404)
[2026-09-01 09:48:36] [/DEBUG] [CustomSkinLoader Core]: Try to request 'https://star-plays-dev.github.io/Web/capes/.png'.
[2026-09-01 09:48:36] [/DEBUG] [CustomSkinLoader Core]: Failed to request (Response Code: 404)
[2026-09-01 09:48:36] [/DEBUG] [CustomSkinLoader Core]: Try to request 'https://star-plays-dev.github.io/Web/capes/.png'.
[2026-09-01 09:48:36] [/DEBUG] [CustomSkinLoader Core]: Failed to request (Response Code: 404)
[2026-09-01 09:48:36] [/DEBUG] [CustomSkinLoader Core]: Try to request 'https://star-plays-dev.github.io/Web/capes/.png'.
[2026-09-01 09:48:36] [/DEBUG] [CustomSkinLoader Core]: Failed to request (Response Code: 404)
[2026-09-01 09:48:36] [/DEBUG] [CustomSkinLoader Core]: Try to request 'https://star-plays-dev.github.io/Web/capes/.png'.
[2026-09-01 09:48:36] [/DEBUG] [CustomSkinLoader Core]: Failed to request (Response Code: 404)
[2026-09-01 09:48:36] [/DEBUG] [CustomSkinLoader Core]: Try to request 'https://star-plays-dev.github.io/Web/capes/.png'.
[2026-09-01 09:48:36] [/DEBUG] [CustomSkinLoader Core]: Failed to request (Response Code: 404)
[2026-09-01 09:48:36] [/DEBUG] [CustomSkinLoader Core]: Try to request 'https://star-plays-dev.github.io/Web/capes/.png'.
[2026-09-01 09:48:36] [/DEBUG] [CustomSkinLoader Core]: Failed to request (Response Code: 404)
[2026-09-01 09:48:36] [/DEBUG] [CustomSkinLoader Core]: Try to request 'https://star-plays-dev.github.io/Web/capes/.png'.
[2026-09-01 09:48:36] [/DEBUG] [CustomSkinLoader Core]: Failed to request (Response Code: 404)
[2026-09-01 09:48:36] [/DEBUG] [CustomSkinLoader Core]: Try to request 'https://star-plays-dev.github.io/Web/capes/.png'.
[2026-09-01 09:48:36] [/DEBUG] [CustomSkinLoader Core]: Failed to request (Response Code: 404)
[2026-09-01 09:48:36] [/DEBUG] [CustomSkinLoader Core]: Failed to request (Response Code: 404)
[2026-09-01 09:48:36] [/INFO] [CustomSkinLoader Core]: No texture could be found.
[2026-09-01 09:48:36] [/INFO] [CustomSkinLoader Core]: 's profile not found in load list.
[2026-09-01 09:48:36] [/INFO] [CustomSkinLoader Core]: Loading 's profile.
[2026-09-01 09:48:36] [/INFO] [CustomSkinLoader Core]: 1/2 Try to load profile from 'GameProfile'.
[2026-09-01 09:48:36] [/INFO] [CustomSkinLoader Core]: No texture could be found.
[2026-09-01 09:48:36] [/INFO] [CustomSkinLoader Core]: Profile not found.
[2026-09-01 09:48:36] [/DEBUG] [CustomSkinLoader Core]: Failed to request (Response Code: 404)
[2026-09-01 09:48:36] [/DEBUG] [CustomSkinLoader Core]: Failed to request (Response Code: 404)
[2026-09-01 09:48:36] [/INFO] [CustomSkinLoader Core]: No texture could be found.
[2026-09-01 09:48:36] [/INFO] [CustomSkinLoader Core]: 's profile not found in load list.
[2026-09-01 09:48:36] [/INFO] [CustomSkinLoader Core]: 2/2 Try to load profile from 'Server17'.
[2026-09-01 09:48:36] [/INFO] [CustomSkinLoader Core]: 's profile not found in load list.
[2026-09-01 09:48:36] [/DEBUG] [CustomSkinLoader Core]: Try to request 'https://star-plays-dev.github.io/Web/skins/.png'.
[2026-09-01 09:48:36] [/INFO] [CustomSkinLoader Core]: Loading 's profile.
[2026-09-01 09:48:36] [/INFO] [CustomSkinLoader Core]: 1/2 Try to load profile from 'GameProfile'.
[2026-09-01 09:48:36] [/INFO] [CustomSkinLoader Core]: Profile not found.
[2026-09-01 09:48:36] [/INFO] [CustomSkinLoader Core]: 2/2 Try to load profile from 'Server17'.
[2026-09-01 09:48:36] [/DEBUG] [CustomSkinLoader Core]: Try to request 'https://star-plays-dev.github.io/Web/skins/.png'.
[2026-09-01 09:48:36] [/INFO] [CustomSkinLoader Core]: Loading 's profile.
[2026-09-01 09:48:36] [/INFO] [CustomSkinLoader Core]: No texture could be found.
[2026-09-01 09:48:36] [/INFO] [CustomSkinLoader Core]: 1/2 Try to load profile from 'GameProfile'.
[2026-09-01 09:48:36] [/INFO] [CustomSkinLoader Core]: 's profile not found in load list.
[2026-09-01 09:48:36] [/INFO] [CustomSkinLoader Core]: Profile not found.
[2026-09-01 09:48:36] [/INFO] [CustomSkinLoader Core]: 2/2 Try to load profile from 'Server17'.
[2026-09-01 09:48:36] [/DEBUG] [CustomSkinLoader Core]: Try to request 'https://star-plays-dev.github.io/Web/skins/.png'.
[2026-09-01 09:48:36] [/INFO] [CustomSkinLoader Core]: Loading 's profile.
[2026-09-01 09:48:36] [/INFO] [CustomSkinLoader Core]: 1/2 Try to load profile from 'GameProfile'.
[2026-09-01 09:48:36] [/INFO] [CustomSkinLoader Core]: Profile not found.
[2026-09-01 09:48:36] [/INFO] [CustomSkinLoader Core]: 2/2 Try to load profile from 'Server17'.
[2026-09-01 09:48:36] [/DEBUG] [CustomSkinLoader Core]: Try to request 'https://star-plays-dev.github.io/Web/skins/.png'.
[2026-09-01 09:48:36] [/DEBUG] [CustomSkinLoader Core]: Failed to request (Response Code: 404)
[2026-09-01 09:48:36] [/DEBUG] [CustomSkinLoader Core]: Failed to request (Response Code: 404)
[2026-09-01 09:48:36] [/INFO] [CustomSkinLoader Core]: No texture could be found.
[2026-09-01 09:48:36] [/INFO] [CustomSkinLoader Core]: No texture could be found.
[2026-09-01 09:48:36] [/INFO] [CustomSkinLoader Core]: 's profile not found in load list.
[2026-09-01 09:48:36] [/INFO] [CustomSkinLoader Core]: 's profile not found in load list.
[2026-09-01 09:48:36] [/INFO] [CustomSkinLoader Core]: Loading 's profile.
[2026-09-01 09:48:36] [/INFO] [CustomSkinLoader Core]: 1/2 Try to load profile from 'GameProfile'.
[2026-09-01 09:48:36] [/INFO] [CustomSkinLoader Core]: Profile not found.
[2026-09-01 09:48:36] [/INFO] [CustomSkinLoader Core]: 2/2 Try to load profile from 'Server17'.
[2026-09-01 09:48:36] [/DEBUG] [CustomSkinLoader Core]: Try to request 'https://star-plays-dev.github.io/Web/skins/.png'.
[2026-09-01 09:48:36] [/INFO] [CustomSkinLoader Core]: Loading 's profile.
[2026-09-01 09:48:36] [/INFO] [CustomSkinLoader Core]: 1/2 Try to load profile from 'GameProfile'.
[2026-09-01 09:48:36] [/INFO] [CustomSkinLoader Core]: Profile not found.
[2026-09-01 09:48:36] [/INFO] [CustomSkinLoader Core]: 2/2 Try to load profile from 'Server17'.
[2026-09-01 09:48:36] [/DEBUG] [CustomSkinLoader Core]: Try to request 'https://star-plays-dev.github.io/Web/skins/.png'.
[2026-09-01 09:48:36] [/DEBUG] [CustomSkinLoader Core]: Failed to request (Response Code: 404)
[2026-09-01 09:48:36] [/INFO] [CustomSkinLoader Core]: No texture could be found.
[2026-09-01 09:48:36] [/INFO] [CustomSkinLoader Core]: 's profile not found in load list.
[2026-09-01 09:48:36] [/INFO] [CustomSkinLoader Core]: Loading 's profile.
[2026-09-01 09:48:36] [/INFO] [CustomSkinLoader Core]: 1/2 Try to load profile from 'GameProfile'.
[2026-09-01 09:48:36] [/INFO] [CustomSkinLoader Core]: Profile not found.
[2026-09-01 09:48:36] [/INFO] [CustomSkinLoader Core]: 2/2 Try to load profile from 'Server17'.
[2026-09-01 09:48:36] [/DEBUG] [CustomSkinLoader Core]: Try to request 'https://star-plays-dev.github.io/Web/skins/.png'.
[2026-09-01 09:48:36] [/DEBUG] [CustomSkinLoader Core]: Failed to request (Response Code: 404)
[2026-09-01 09:48:36] [/INFO] [CustomSkinLoader Core]: No texture could be found.
[2026-09-01 09:48:36] [/INFO] [CustomSkinLoader Core]: 's profile not found in load list.
[2026-09-01 09:48:36] [/INFO] [CustomSkinLoader Core]: Loading 's profile.
[2026-09-01 09:48:36] [/INFO] [CustomSkinLoader Core]: 1/2 Try to load profile from 'GameProfile'.
[2026-09-01 09:48:36] [/INFO] [CustomSkinLoader Core]: Profile not found.
[2026-09-01 09:48:36] [/INFO] [CustomSkinLoader Core]: 2/2 Try to load profile from 'Server17'.
[2026-09-01 09:48:36] [/DEBUG] [CustomSkinLoader Core]: Try to request 'https://star-plays-dev.github.io/Web/skins/.png'.
[2026-09-01 09:48:37] [/DEBUG] [CustomSkinLoader Core]: Failed to request (Response Code: 404)
[2026-09-01 09:48:37] [/DEBUG] [CustomSkinLoader Core]: Try to request 'https://star-plays-dev.github.io/Web/capes/.png'.
[2026-09-01 09:48:37] [/DEBUG] [CustomSkinLoader Core]: Failed to request (Response Code: 404)
[2026-09-01 09:48:37] [/DEBUG] [CustomSkinLoader Core]: Try to request 'https://star-plays-dev.github.io/Web/capes/.png'.
[2026-09-01 09:48:37] [/DEBUG] [CustomSkinLoader Core]: Failed to request (Response Code: 404)
[2026-09-01 09:48:37] [/DEBUG] [CustomSkinLoader Core]: Try to request 'https://star-plays-dev.github.io/Web/capes/.png'.
[2026-09-01 09:48:37] [/DEBUG] [CustomSkinLoader Core]: Failed to request (Response Code: 404)
[2026-09-01 09:48:37] [/DEBUG] [CustomSkinLoader Core]: Try to request 'https://star-plays-dev.github.io/Web/capes/.png'.
[2026-09-01 09:48:37] [/DEBUG] [CustomSkinLoader Core]: Failed to request (Response Code: 404)
[2026-09-01 09:48:37] [/DEBUG] [CustomSkinLoader Core]: Try to request 'https://star-plays-dev.github.io/Web/capes/.png'.
[2026-09-01 09:48:37] [/DEBUG] [CustomSkinLoader Core]: Failed to request (Response Code: 404)
[2026-09-01 09:48:37] [/DEBUG] [CustomSkinLoader Core]: Try to request 'https://star-plays-dev.github.io/Web/capes/.png'.
[2026-09-01 09:48:37] [/DEBUG] [CustomSkinLoader Core]: Failed to request (Response Code: 404)
[2026-09-01 09:48:37] [/DEBUG] [CustomSkinLoader Core]: Try to request 'https://star-plays-dev.github.io/Web/capes/.png'.
[2026-09-01 09:48:37] [/DEBUG] [CustomSkinLoader Core]: Failed to request (Response Code: 404)
[2026-09-01 09:48:37] [/DEBUG] [CustomSkinLoader Core]: Try to request 'https://star-plays-dev.github.io/Web/capes/.png'.
[2026-09-01 09:48:38] [/DEBUG] [CustomSkinLoader Core]: Failed to request (Response Code: 404)
[2026-09-01 09:48:38] [/INFO] [CustomSkinLoader Core]: No texture could be found.
[2026-09-01 09:48:38] [/INFO] [CustomSkinLoader Core]: 's profile not found in load list.
[2026-09-01 09:48:38] [/INFO] [CustomSkinLoader Core]: Loading 's profile.
[2026-09-01 09:48:38] [/INFO] [CustomSkinLoader Core]: 1/2 Try to load profile from 'GameProfile'.
[2026-09-01 09:48:38] [/INFO] [CustomSkinLoader Core]: Profile not found.
[2026-09-01 09:48:38] [/INFO] [CustomSkinLoader Core]: 2/2 Try to load profile from 'Server17'.
[2026-09-01 09:48:38] [/DEBUG] [CustomSkinLoader Core]: Try to request 'https://star-plays-dev.github.io/Web/skins/.png'.
[2026-09-01 09:48:38] [/DEBUG] [CustomSkinLoader Core]: Failed to request (Response Code: 404)
[2026-09-01 09:48:38] [/INFO] [CustomSkinLoader Core]: No texture could be found.
[2026-09-01 09:48:38] [/INFO] [CustomSkinLoader Core]: 's profile not found in load list.
[2026-09-01 09:48:38] [/INFO] [CustomSkinLoader Core]: Loading 's profile.
[2026-09-01 09:48:38] [/INFO] [CustomSkinLoader Core]: 1/2 Try to load profile from 'GameProfile'.
[2026-09-01 09:48:38] [/INFO] [CustomSkinLoader Core]: Profile not found.
[2026-09-01 09:48:38] [/INFO] [CustomSkinLoader Core]: 2/2 Try to load profile from 'Server17'.
[2026-09-01 09:48:38] [/DEBUG] [CustomSkinLoader Core]: Try to request 'https://star-plays-dev.github.io/Web/skins/.png'.
[2026-09-01 09:48:38] [/DEBUG] [CustomSkinLoader Core]: Failed to request (Response Code: 404)
[2026-09-01 09:48:38] [/INFO] [CustomSkinLoader Core]: No texture could be found.
[2026-09-01 09:48:38] [/INFO] [CustomSkinLoader Core]: 's profile not found in load list.
[2026-09-01 09:48:38] [/INFO] [CustomSkinLoader Core]: Loading 's profile.
[2026-09-01 09:48:38] [/INFO] [CustomSkinLoader Core]: 1/2 Try to load profile from 'GameProfile'.
[2026-09-01 09:48:38] [/INFO] [CustomSkinLoader Core]: Profile not found.
[2026-09-01 09:48:38] [/INFO] [CustomSkinLoader Core]: 2/2 Try to load profile from 'Server17'.
[2026-09-01 09:48:38] [/DEBUG] [CustomSkinLoader Core]: Try to request 'https://star-plays-dev.github.io/Web/skins/.png'.
[2026-09-01 09:48:38] [/DEBUG] [CustomSkinLoader Core]: Failed to request (Response Code: 404)
[2026-09-01 09:48:38] [/INFO] [CustomSkinLoader Core]: No texture could be found.
[2026-09-01 09:48:38] [/INFO] [CustomSkinLoader Core]: 's profile not found in load list.
[2026-09-01 09:48:38] [/INFO] [CustomSkinLoader Core]: Loading 's profile.
[2026-09-01 09:48:38] [/INFO] [CustomSkinLoader Core]: 1/2 Try to load profile from 'GameProfile'.
[2026-09-01 09:48:38] [/INFO] [CustomSkinLoader Core]: Profile not found.
[2026-09-01 09:48:38] [/INFO] [CustomSkinLoader Core]: 2/2 Try to load profile from 'Server17'.
[2026-09-01 09:48:38] [/DEBUG] [CustomSkinLoader Core]: Failed to request (Response Code: 404)
[2026-09-01 09:48:38] [/DEBUG] [CustomSkinLoader Core]: Try to request 'https://star-plays-dev.github.io/Web/skins/.png'.
[2026-09-01 09:48:38] [/INFO] [CustomSkinLoader Core]: No texture could be found.
[2026-09-01 09:48:38] [/INFO] [CustomSkinLoader Core]: 's profile not found in load list.
[2026-09-01 09:48:38] [/DEBUG] [CustomSkinLoader Core]: Failed to request (Response Code: 404)
[2026-09-01 09:48:38] [/INFO] [CustomSkinLoader Core]: Loading 's profile.
[2026-09-01 09:48:38] [/INFO] [CustomSkinLoader Core]: No texture could be found.
[2026-09-01 09:48:38] [/INFO] [CustomSkinLoader Core]: 1/2 Try to load profile from 'GameProfile'.
[2026-09-01 09:48:38] [/INFO] [CustomSkinLoader Core]: 's profile not found in load list.
[2026-09-01 09:48:38] [/INFO] [CustomSkinLoader Core]: Profile not found.
[2026-09-01 09:48:38] [/INFO] [CustomSkinLoader Core]: 2/2 Try to load profile from 'Server17'.
[2026-09-01 09:48:38] [/INFO] [CustomSkinLoader Core]: Loading 's profile.
[2026-09-01 09:48:38] [/DEBUG] [CustomSkinLoader Core]: Try to request 'https://star-plays-dev.github.io/Web/skins/.png'.
[2026-09-01 09:48:38] [/INFO] [CustomSkinLoader Core]: 1/2 Try to load profile from 'GameProfile'.
[2026-09-01 09:48:38] [/INFO] [CustomSkinLoader Core]: Profile not found.
[2026-09-01 09:48:38] [/INFO] [CustomSkinLoader Core]: 2/2 Try to load profile from 'Server17'.
[2026-09-01 09:48:38] [/DEBUG] [CustomSkinLoader Core]: Try to request 'https://star-plays-dev.github.io/Web/skins/.png'.
[2026-09-01 09:48:38] [/DEBUG] [CustomSkinLoader Core]: Failed to request (Response Code: 404)
[2026-09-01 09:48:38] [/INFO] [CustomSkinLoader Core]: No texture could be found.
[2026-09-01 09:48:38] [/INFO] [CustomSkinLoader Core]: 's profile not found in load list.
[2026-09-01 09:48:38] [/INFO] [CustomSkinLoader Core]: Loading 's profile.
[2026-09-01 09:48:38] [/INFO] [CustomSkinLoader Core]: 1/2 Try to load profile from 'GameProfile'.
[2026-09-01 09:48:38] [/INFO] [CustomSkinLoader Core]: Profile not found.
[2026-09-01 09:48:38] [/INFO] [CustomSkinLoader Core]: 2/2 Try to load profile from 'Server17'.
[2026-09-01 09:48:38] [/DEBUG] [CustomSkinLoader Core]: Try to request 'https://star-plays-dev.github.io/Web/skins/.png'.
[2026-09-01 09:48:38] [/DEBUG] [CustomSkinLoader Core]: Failed to request (Response Code: 404)
[2026-09-01 09:48:38] [/INFO] [CustomSkinLoader Core]: No texture could be found.
[2026-09-01 09:48:38] [/INFO] [CustomSkinLoader Core]: 's profile not found in load list.
[2026-09-01 09:48:38] [/INFO] [CustomSkinLoader Core]: Loading 's profile.
[2026-09-01 09:48:38] [/INFO] [CustomSkinLoader Core]: 1/2 Try to load profile from 'GameProfile'.
[2026-09-01 09:48:38] [/INFO] [CustomSkinLoader Core]: Profile not found.
[2026-09-01 09:48:38] [/INFO] [CustomSkinLoader Core]: 2/2 Try to load profile from 'Server17'.
[2026-09-01 09:48:38] [/DEBUG] [CustomSkinLoader Core]: Try to request 'https://star-plays-dev.github.io/Web/skins/.png'.
[2026-09-01 09:48:38] [/DEBUG] [CustomSkinLoader Core]: Failed to request (Response Code: 404)
[2026-09-01 09:48:38] [/DEBUG] [CustomSkinLoader Core]: Try to request 'https://star-plays-dev.github.io/Web/capes/.png'.
[2026-09-01 09:48:38] [/DEBUG] [CustomSkinLoader Core]: Failed to request (Response Code: 404)
[2026-09-01 09:48:38] [/DEBUG] [CustomSkinLoader Core]: Failed to request (Response Code: 404)
[2026-09-01 09:48:38] [/DEBUG] [CustomSkinLoader Core]: Try to request 'https://star-plays-dev.github.io/Web/capes/.png'.
[2026-09-01 09:48:38] [/DEBUG] [CustomSkinLoader Core]: Try to request 'https://star-plays-dev.github.io/Web/capes/.png'.
[2026-09-01 09:48:38] [/DEBUG] [CustomSkinLoader Core]: Failed to request (Response Code: 404)
[2026-09-01 09:48:38] [/DEBUG] [CustomSkinLoader Core]: Try to request 'https://star-plays-dev.github.io/Web/capes/.png'.
[2026-09-01 09:48:38] [/DEBUG] [CustomSkinLoader Core]: Failed to request (Response Code: 404)
[2026-09-01 09:48:38] [/DEBUG] [CustomSkinLoader Core]: Try to request 'https://star-plays-dev.github.io/Web/capes/.png'.
[2026-09-01 09:48:38] [/DEBUG] [CustomSkinLoader Core]: Failed to request (Response Code: 404)
[2026-09-01 09:48:38] [/DEBUG] [CustomSkinLoader Core]: Try to request 'https://star-plays-dev.github.io/Web/capes/.png'.
[2026-09-01 09:48:38] [/DEBUG] [CustomSkinLoader Core]: Failed to request (Response Code: 404)
[2026-09-01 09:48:38] [/DEBUG] [CustomSkinLoader Core]: Try to request 'https://star-plays-dev.github.io/Web/capes/.png'.
[2026-09-01 09:48:38] [/DEBUG] [CustomSkinLoader Core]: Failed to request (Response Code: 404)
[2026-09-01 09:48:38] [/INFO] [CustomSkinLoader Core]: No texture could be found.
[2026-09-01 09:48:38] [/INFO] [CustomSkinLoader Core]: 's profile not found in load list.
[2026-09-01 09:48:38] [/INFO] [CustomSkinLoader Core]: Loading 's profile.
[2026-09-01 09:48:38] [/INFO] [CustomSkinLoader Core]: 1/2 Try to load profile from 'GameProfile'.
[2026-09-01 09:48:38] [/INFO] [CustomSkinLoader Core]: Profile not found.
[2026-09-01 09:48:38] [/INFO] [CustomSkinLoader Core]: 2/2 Try to load profile from 'Server17'.
[2026-09-01 09:48:38] [/DEBUG] [CustomSkinLoader Core]: Try to request 'https://star-plays-dev.github.io/Web/skins/.png'.
[2026-09-01 09:48:38] [/DEBUG] [CustomSkinLoader Core]: Failed to request (Response Code: 404)
[2026-09-01 09:48:38] [/DEBUG] [CustomSkinLoader Core]: Try to request 'https://star-plays-dev.github.io/Web/capes/.png'.
[2026-09-01 09:48:39] [/DEBUG] [CustomSkinLoader Core]: Failed to request (Response Code: 404)
[2026-09-01 09:48:39] [/INFO] [CustomSkinLoader Core]: No texture could be found.
[2026-09-01 09:48:39] [/INFO] [CustomSkinLoader Core]: 's profile not found in load list.
[2026-09-01 09:48:39] [/INFO] [CustomSkinLoader Core]: Loading 's profile.
[2026-09-01 09:48:39] [/INFO] [CustomSkinLoader Core]: 1/2 Try to load profile from 'GameProfile'.
[2026-09-01 09:48:39] [/INFO] [CustomSkinLoader Core]: Profile not found.
[2026-09-01 09:48:39] [/INFO] [CustomSkinLoader Core]: 2/2 Try to load profile from 'Server17'.
[2026-09-01 09:48:39] [/DEBUG] [CustomSkinLoader Core]: Try to request 'https://star-plays-dev.github.io/Web/skins/.png'.
[2026-09-01 09:48:39] [/DEBUG] [CustomSkinLoader Core]: Failed to request (Response Code: 404)
[2026-09-01 09:48:39] [/INFO] [CustomSkinLoader Core]: No texture could be found.
[2026-09-01 09:48:39] [/INFO] [CustomSkinLoader Core]: 's profile not found in load list.
[2026-09-01 09:48:39] [/INFO] [CustomSkinLoader Core]: Loading 's profile.
[2026-09-01 09:48:39] [/INFO] [CustomSkinLoader Core]: 1/2 Try to load profile from 'GameProfile'.
[2026-09-01 09:48:39] [/INFO] [CustomSkinLoader Core]: Profile not found.
[2026-09-01 09:48:39] [/INFO] [CustomSkinLoader Core]: 2/2 Try to load profile from 'Server17'.
[2026-09-01 09:48:39] [/DEBUG] [CustomSkinLoader Core]: Try to request 'https://star-plays-dev.github.io/Web/skins/.png'.
[2026-09-01 09:48:39] [/DEBUG] [CustomSkinLoader Core]: Failed to request (Response Code: 404)
[2026-09-01 09:48:39] [/INFO] [CustomSkinLoader Core]: No texture could be found.
[2026-09-01 09:48:39] [/INFO] [CustomSkinLoader Core]: 's profile not found in load list.
[2026-09-01 09:48:39] [/INFO] [CustomSkinLoader Core]: Loading 's profile.
[2026-09-01 09:48:39] [/INFO] [CustomSkinLoader Core]: 1/2 Try to load profile from 'GameProfile'.
[2026-09-01 09:48:39] [/INFO] [CustomSkinLoader Core]: Profile not found.
[2026-09-01 09:48:39] [/INFO] [CustomSkinLoader Core]: 2/2 Try to load profile from 'Server17'.
[2026-09-01 09:48:39] [/DEBUG] [CustomSkinLoader Core]: Try to request 'https://star-plays-dev.github.io/Web/skins/.png'.
[2026-09-01 09:48:39] [/DEBUG] [CustomSkinLoader Core]: Failed to request (Response Code: 404)
[2026-09-01 09:48:39] [/INFO] [CustomSkinLoader Core]: No texture could be found.
[2026-09-01 09:48:39] [/INFO] [CustomSkinLoader Core]: 's profile not found in load list.
[2026-09-01 09:48:39] [/INFO] [CustomSkinLoader Core]: Loading 's profile.
[2026-09-01 09:48:39] [/INFO] [CustomSkinLoader Core]: 1/2 Try to load profile from 'GameProfile'.
[2026-09-01 09:48:39] [/INFO] [CustomSkinLoader Core]: Profile not found.
[2026-09-01 09:48:39] [/INFO] [CustomSkinLoader Core]: 2/2 Try to load profile from 'Server17'.
[2026-09-01 09:48:39] [/DEBUG] [CustomSkinLoader Core]: Try to request 'https://star-plays-dev.github.io/Web/skins/.png'.
[2026-09-01 09:48:39] [/DEBUG] [CustomSkinLoader Core]: Failed to request (Response Code: 404)
[2026-09-01 09:48:39] [/INFO] [CustomSkinLoader Core]: No texture could be found.
[2026-09-01 09:48:39] [/INFO] [CustomSkinLoader Core]: 's profile not found in load list.
[2026-09-01 09:48:39] [/INFO] [CustomSkinLoader Core]: Loading 's profile.
[2026-09-01 09:48:39] [/INFO] [CustomSkinLoader Core]: 1/2 Try to load profile from 'GameProfile'.
[2026-09-01 09:48:39] [/INFO] [CustomSkinLoader Core]: Profile not found.
[2026-09-01 09:48:39] [/INFO] [CustomSkinLoader Core]: 2/2 Try to load profile from 'Server17'.
[2026-09-01 09:48:39] [/DEBUG] [CustomSkinLoader Core]: Try to request 'https://star-plays-dev.github.io/Web/skins/.png'.
[2026-09-01 09:48:39] [/DEBUG] [CustomSkinLoader Core]: Failed to request (Response Code: 404)
[2026-09-01 09:48:39] [/INFO] [CustomSkinLoader Core]: No texture could be found.
[2026-09-01 09:48:39] [/INFO] [CustomSkinLoader Core]: 's profile not found in load list.
[2026-09-01 09:48:39] [/INFO] [CustomSkinLoader Core]: Loading 's profile.
[2026-09-01 09:48:39] [/INFO] [CustomSkinLoader Core]: 1/2 Try to load profile from 'GameProfile'.
[2026-09-01 09:48:39] [/INFO] [CustomSkinLoader Core]: Profile not found.
[2026-09-01 09:48:39] [/INFO] [CustomSkinLoader Core]: 2/2 Try to load profile from 'Server17'.
[2026-09-01 09:48:39] [/DEBUG] [CustomSkinLoader Core]: Try to request 'https://star-plays-dev.github.io/Web/skins/.png'.
[2026-09-01 09:48:39] [/DEBUG] [CustomSkinLoader Core]: Failed to request (Response Code: 404)
[2026-09-01 09:48:39] [/DEBUG] [CustomSkinLoader Core]: Try to request 'https://star-plays-dev.github.io/Web/capes/.png'.
[2026-09-01 09:48:39] [/DEBUG] [CustomSkinLoader Core]: Failed to request (Response Code: 404)
[2026-09-01 09:48:39] [/INFO] [CustomSkinLoader Core]: No texture could be found.
[2026-09-01 09:48:39] [/INFO] [CustomSkinLoader Core]: 's profile not found in load list.
[2026-09-01 09:48:39] [/INFO] [CustomSkinLoader Core]: Loading 's profile.
[2026-09-01 09:48:39] [/INFO] [CustomSkinLoader Core]: 1/2 Try to load profile from 'GameProfile'.
[2026-09-01 09:48:39] [/INFO] [CustomSkinLoader Core]: Profile not found.
[2026-09-01 09:48:39] [/INFO] [CustomSkinLoader Core]: 2/2 Try to load profile from 'Server17'.
[2026-09-01 09:48:39] [/DEBUG] [CustomSkinLoader Core]: Try to request 'https://star-plays-dev.github.io/Web/skins/.png'.
[2026-09-01 09:48:39] [/DEBUG] [CustomSkinLoader Core]: Failed to request (Response Code: 404)
[2026-09-01 09:48:39] [/DEBUG] [CustomSkinLoader Core]: Try to request 'https://star-plays-dev.github.io/Web/capes/.png'.
[2026-09-01 09:48:39] [/DEBUG] [CustomSkinLoader Core]: Failed to request (Response Code: 404)
[2026-09-01 09:48:39] [/DEBUG] [CustomSkinLoader Core]: Try to request 'https://star-plays-dev.github.io/Web/capes/.png'.
[2026-09-01 09:48:39] [/DEBUG] [CustomSkinLoader Core]: Failed to request (Response Code: 404)
[2026-09-01 09:48:39] [/DEBUG] [CustomSkinLoader Core]: Try to request 'https://star-plays-dev.github.io/Web/capes/.png'.
[2026-09-01 09:48:39] [/DEBUG] [CustomSkinLoader Core]: Failed to request (Response Code: 404)
[2026-09-01 09:48:39] [/DEBUG] [CustomSkinLoader Core]: Try to request 'https://star-plays-dev.github.io/Web/capes/.png'.
[2026-09-01 09:48:39] [/DEBUG] [CustomSkinLoader Core]: Failed to request (Response Code: 404)
[2026-09-01 09:48:39] [/DEBUG] [CustomSkinLoader Core]: Try to request 'https://star-plays-dev.github.io/Web/capes/.png'.
[2026-09-01 09:48:39] [/DEBUG] [CustomSkinLoader Core]: Failed to request (Response Code: 404)
[2026-09-01 09:48:39] [/DEBUG] [CustomSkinLoader Core]: Try to request 'https://star-plays-dev.github.io/Web/capes/.png'.
[2026-09-01 09:48:39] [/DEBUG] [CustomSkinLoader Core]: Failed to request (Response Code: 404)
[2026-09-01 09:48:39] [/INFO] [CustomSkinLoader Core]: No texture could be found.
[2026-09-01 09:48:39] [/INFO] [CustomSkinLoader Core]: 's profile not found in load list.
[2026-09-01 09:48:39] [/INFO] [CustomSkinLoader Core]: Loading 's profile.
[2026-09-01 09:48:39] [/INFO] [CustomSkinLoader Core]: 1/2 Try to load profile from 'GameProfile'.
[2026-09-01 09:48:39] [/INFO] [CustomSkinLoader Core]: Profile not found.
[2026-09-01 09:48:39] [/INFO] [CustomSkinLoader Core]: 2/2 Try to load profile from 'Server17'.
[2026-09-01 09:48:39] [/DEBUG] [CustomSkinLoader Core]: Try to request 'https://star-plays-dev.github.io/Web/skins/.png'.
[2026-09-01 09:48:39] [/DEBUG] [CustomSkinLoader Core]: Failed to request (Response Code: 404)
[2026-09-01 09:48:39] [/DEBUG] [CustomSkinLoader Core]: Try to request 'https://star-plays-dev.github.io/Web/capes/.png'.
[2026-09-01 09:48:39] [/DEBUG] [CustomSkinLoader Core]: Failed to request (Response Code: 404)
[2026-09-01 09:48:39] [/INFO] [CustomSkinLoader Core]: No texture could be found.
[2026-09-01 09:48:39] [/INFO] [CustomSkinLoader Core]: 's profile not found in load list.
[2026-09-01 09:48:39] [/INFO] [CustomSkinLoader Core]: Loading 's profile.
[2026-09-01 09:48:39] [/INFO] [CustomSkinLoader Core]: 1/2 Try to load profile from 'GameProfile'.
[2026-09-01 09:48:39] [/INFO] [CustomSkinLoader Core]: Profile not found.
[2026-09-01 09:48:39] [/INFO] [CustomSkinLoader Core]: 2/2 Try to load profile from 'Server17'.
[2026-09-01 09:48:39] [/DEBUG] [CustomSkinLoader Core]: Try to request 'https://star-plays-dev.github.io/Web/skins/.png'.
[2026-09-01 09:48:39] [/DEBUG] [CustomSkinLoader Core]: Failed to request (Response Code: 404)
[2026-09-01 09:48:39] [/INFO] [CustomSkinLoader Core]: No texture could be found.
[2026-09-01 09:48:39] [/INFO] [CustomSkinLoader Core]: 's profile not found in load list.
[2026-09-01 09:48:39] [/INFO] [CustomSkinLoader Core]: Loading 's profile.
[2026-09-01 09:48:39] [/INFO] [CustomSkinLoader Core]: 1/2 Try to load profile from 'GameProfile'.
[2026-09-01 09:48:39] [/INFO] [CustomSkinLoader Core]: Profile not found.
[2026-09-01 09:48:39] [/INFO] [CustomSkinLoader Core]: 2/2 Try to load profile from 'Server17'.
[2026-09-01 09:48:39] [/DEBUG] [CustomSkinLoader Core]: Try to request 'https://star-plays-dev.github.io/Web/skins/.png'.
[2026-09-01 09:48:39] [/DEBUG] [CustomSkinLoader Core]: Failed to request (Response Code: 404)
[2026-09-01 09:48:39] [/INFO] [CustomSkinLoader Core]: No texture could be found.
[2026-09-01 09:48:39] [/INFO] [CustomSkinLoader Core]: 's profile not found in load list.
[2026-09-01 09:48:39] [/INFO] [CustomSkinLoader Core]: Loading 's profile.
[2026-09-01 09:48:39] [/INFO] [CustomSkinLoader Core]: 1/2 Try to load profile from 'GameProfile'.
[2026-09-01 09:48:39] [/INFO] [CustomSkinLoader Core]: Profile not found.
[2026-09-01 09:48:39] [/INFO] [CustomSkinLoader Core]: 2/2 Try to load profile from 'Server17'.
[2026-09-01 09:48:39] [/DEBUG] [CustomSkinLoader Core]: Try to request 'https://star-plays-dev.github.io/Web/skins/.png'.
[2026-09-01 09:48:39] [/DEBUG] [CustomSkinLoader Core]: Failed to request (Response Code: 404)
[2026-09-01 09:48:39] [/INFO] [CustomSkinLoader Core]: No texture could be found.
[2026-09-01 09:48:39] [/INFO] [CustomSkinLoader Core]: 's profile not found in load list.
[2026-09-01 09:48:39] [/INFO] [CustomSkinLoader Core]: Loading 's profile.
[2026-09-01 09:48:39] [/INFO] [CustomSkinLoader Core]: 1/2 Try to load profile from 'GameProfile'.
[2026-09-01 09:48:39] [/INFO] [CustomSkinLoader Core]: Profile not found.
[2026-09-01 09:48:39] [/INFO] [CustomSkinLoader Core]: 2/2 Try to load profile from 'Server17'.
[2026-09-01 09:48:39] [/DEBUG] [CustomSkinLoader Core]: Try to request 'https://star-plays-dev.github.io/Web/skins/.png'.
[2026-09-01 09:48:39] [/DEBUG] [CustomSkinLoader Core]: Failed to request (Response Code: 404)
[2026-09-01 09:48:39] [/INFO] [CustomSkinLoader Core]: No texture could be found.
[2026-09-01 09:48:39] [/INFO] [CustomSkinLoader Core]: 's profile not found in load list.
[2026-09-01 09:48:39] [/INFO] [CustomSkinLoader Core]: Loading 's profile.
[2026-09-01 09:48:39] [/INFO] [CustomSkinLoader Core]: 1/2 Try to load profile from 'GameProfile'.
[2026-09-01 09:48:39] [/INFO] [CustomSkinLoader Core]: Profile not found.
[2026-09-01 09:48:39] [/INFO] [CustomSkinLoader Core]: 2/2 Try to load profile from 'Server17'.
[2026-09-01 09:48:39] [/DEBUG] [CustomSkinLoader Core]: Try to request 'https://star-plays-dev.github.io/Web/skins/.png'.
[2026-09-01 09:48:39] [/DEBUG] [CustomSkinLoader Core]: Failed to request (Response Code: 404)
[2026-09-01 09:48:39] [/INFO] [CustomSkinLoader Core]: No texture could be found.
[2026-09-01 09:48:39] [/INFO] [CustomSkinLoader Core]: 's profile not found in load list.
[2026-09-01 09:48:39] [/INFO] [CustomSkinLoader Core]: Loading 's profile.
[2026-09-01 09:48:39] [/INFO] [CustomSkinLoader Core]: 1/2 Try to load profile from 'GameProfile'.
[2026-09-01 09:48:39] [/INFO] [CustomSkinLoader Core]: Profile not found.
[2026-09-01 09:48:39] [/INFO] [CustomSkinLoader Core]: 2/2 Try to load profile from 'Server17'.
[2026-09-01 09:48:39] [/DEBUG] [CustomSkinLoader Core]: Try to request 'https://star-plays-dev.github.io/Web/skins/.png'.
[2026-09-01 09:48:39] [/DEBUG] [CustomSkinLoader Core]: Failed to request (Response Code: 404)
[2026-09-01 09:48:39] [/DEBUG] [CustomSkinLoader Core]: Try to request 'https://star-plays-dev.github.io/Web/capes/.png'.
[2026-09-01 09:48:39] [/DEBUG] [CustomSkinLoader Core]: Failed to request (Response Code: 404)
[2026-09-01 09:48:39] [/INFO] [CustomSkinLoader Core]: No texture could be found.
[2026-09-01 09:48:39] [/INFO] [CustomSkinLoader Core]: 's profile not found in load list.
[2026-09-01 09:48:39] [/INFO] [CustomSkinLoader Core]: Loading 's profile.
[2026-09-01 09:48:39] [/INFO] [CustomSkinLoader Core]: 1/2 Try to load profile from 'GameProfile'.
[2026-09-01 09:48:39] [/INFO] [CustomSkinLoader Core]: Profile not found.
[2026-09-01 09:48:39] [/INFO] [CustomSkinLoader Core]: 2/2 Try to load profile from 'Server17'.
[2026-09-01 09:48:39] [/DEBUG] [CustomSkinLoader Core]: Try to request 'https://star-plays-dev.github.io/Web/skins/.png'.
[2026-09-01 09:48:40] [/DEBUG] [CustomSkinLoader Core]: Failed to request (Response Code: 404)
[2026-09-01 09:48:40] [/DEBUG] [CustomSkinLoader Core]: Try to request 'https://star-plays-dev.github.io/Web/capes/.png'.
[2026-09-01 09:48:40] [/DEBUG] [CustomSkinLoader Core]: Failed to request (Response Code: 404)
[2026-09-01 09:48:40] [/DEBUG] [CustomSkinLoader Core]: Try to request 'https://star-plays-dev.github.io/Web/capes/.png'.
[2026-09-01 09:48:40] [/DEBUG] [CustomSkinLoader Core]: Failed to request (Response Code: 404)
[2026-09-01 09:48:40] [/DEBUG] [CustomSkinLoader Core]: Try to request 'https://star-plays-dev.github.io/Web/capes/.png'.
[2026-09-01 09:48:40] [/DEBUG] [CustomSkinLoader Core]: Failed to request (Response Code: 404)
[2026-09-01 09:48:40] [/DEBUG] [CustomSkinLoader Core]: Try to request 'https://star-plays-dev.github.io/Web/capes/.png'.
[2026-09-01 09:48:40] [/DEBUG] [CustomSkinLoader Core]: Failed to request (Response Code: 404)
[2026-09-01 09:48:40] [/DEBUG] [CustomSkinLoader Core]: Try to request 'https://star-plays-dev.github.io/Web/capes/.png'.
[2026-09-01 09:48:40] [/DEBUG] [CustomSkinLoader Core]: Failed to request (Response Code: 404)
[2026-09-01 09:48:40] [/DEBUG] [CustomSkinLoader Core]: Try to request 'https://star-plays-dev.github.io/Web/capes/.png'.
[2026-09-01 09:48:40] [/DEBUG] [CustomSkinLoader Core]: Failed to request (Response Code: 404)
[2026-09-01 09:48:40] [/INFO] [CustomSkinLoader Core]: No texture could be found.
[2026-09-01 09:48:40] [/INFO] [CustomSkinLoader Core]: 's profile not found in load list.
[2026-09-01 09:48:40] [/INFO] [CustomSkinLoader Core]: Loading 's profile.
[2026-09-01 09:48:40] [/INFO] [CustomSkinLoader Core]: 1/2 Try to load profile from 'GameProfile'.
[2026-09-01 09:48:40] [/INFO] [CustomSkinLoader Core]: Profile not found.
[2026-09-01 09:48:40] [/INFO] [CustomSkinLoader Core]: 2/2 Try to load profile from 'Server17'.
[2026-09-01 09:48:40] [/DEBUG] [CustomSkinLoader Core]: Try to request 'https://star-plays-dev.github.io/Web/skins/.png'.
[2026-09-01 09:48:40] [/DEBUG] [CustomSkinLoader Core]: Failed to request (Response Code: 404)
[2026-09-01 09:48:40] [/DEBUG] [CustomSkinLoader Core]: Try to request 'https://star-plays-dev.github.io/Web/capes/.png'.
[2026-09-01 09:48:40] [/DEBUG] [CustomSkinLoader Core]: Failed to request (Response Code: 404)
[2026-09-01 09:48:40] [/INFO] [CustomSkinLoader Core]: No texture could be found.
[2026-09-01 09:48:40] [/INFO] [CustomSkinLoader Core]: 's profile not found in load list.
[2026-09-01 09:48:40] [/INFO] [CustomSkinLoader Core]: Loading 's profile.
[2026-09-01 09:48:40] [/INFO] [CustomSkinLoader Core]: 1/2 Try to load profile from 'GameProfile'.
[2026-09-01 09:48:40] [/INFO] [CustomSkinLoader Core]: Profile not found.
[2026-09-01 09:48:40] [/INFO] [CustomSkinLoader Core]: 2/2 Try to load profile from 'Server17'.
[2026-09-01 09:48:40] [/DEBUG] [CustomSkinLoader Core]: Try to request 'https://star-plays-dev.github.io/Web/skins/.png'.
[2026-09-01 09:48:40] [/DEBUG] [CustomSkinLoader Core]: Failed to request (Response Code: 404)
[2026-09-01 09:48:40] [/INFO] [CustomSkinLoader Core]: No texture could be found.
[2026-09-01 09:48:40] [/INFO] [CustomSkinLoader Core]: 's profile not found in load list.
[2026-09-01 09:48:40] [/INFO] [CustomSkinLoader Core]: Loading 's profile.
[2026-09-01 09:48:40] [/INFO] [CustomSkinLoader Core]: 1/2 Try to load profile from 'GameProfile'.
[2026-09-01 09:48:40] [/INFO] [CustomSkinLoader Core]: Profile not found.
[2026-09-01 09:48:40] [/INFO] [CustomSkinLoader Core]: 2/2 Try to load profile from 'Server17'.
[2026-09-01 09:48:40] [/DEBUG] [CustomSkinLoader Core]: Try to request 'https://star-plays-dev.github.io/Web/skins/.png'.
[2026-09-01 09:48:40] [/DEBUG] [CustomSkinLoader Core]: Failed to request (Response Code: 404)
[2026-09-01 09:48:40] [/INFO] [CustomSkinLoader Core]: No texture could be found.
[2026-09-01 09:48:40] [/INFO] [CustomSkinLoader Core]: 's profile not found in load list.
[2026-09-01 09:48:40] [/INFO] [CustomSkinLoader Core]: Loading 's profile.
[2026-09-01 09:48:40] [/INFO] [CustomSkinLoader Core]: 1/2 Try to load profile from 'GameProfile'.
[2026-09-01 09:48:40] [/INFO] [CustomSkinLoader Core]: Profile not found.
[2026-09-01 09:48:40] [/INFO] [CustomSkinLoader Core]: 2/2 Try to load profile from 'Server17'.
[2026-09-01 09:48:40] [/DEBUG] [CustomSkinLoader Core]: Try to request 'https://star-plays-dev.github.io/Web/skins/.png'.
[2026-09-01 09:48:40] [/DEBUG] [CustomSkinLoader Core]: Failed to request (Response Code: 404)
[2026-09-01 09:48:40] [/INFO] [CustomSkinLoader Core]: No texture could be found.
[2026-09-01 09:48:40] [/INFO] [CustomSkinLoader Core]: 's profile not found in load list.
[2026-09-01 09:48:40] [/INFO] [CustomSkinLoader Core]: Loading 's profile.
[2026-09-01 09:48:40] [/INFO] [CustomSkinLoader Core]: 1/2 Try to load profile from 'GameProfile'.
[2026-09-01 09:48:40] [/INFO] [CustomSkinLoader Core]: Profile not found.
[2026-09-01 09:48:40] [/INFO] [CustomSkinLoader Core]: 2/2 Try to load profile from 'Server17'.
[2026-09-01 09:48:40] [/DEBUG] [CustomSkinLoader Core]: Try to request 'https://star-plays-dev.github.io/Web/skins/.png'.
[2026-09-01 09:48:40] [/DEBUG] [CustomSkinLoader Core]: Failed to request (Response Code: 404)
[2026-09-01 09:48:40] [/INFO] [CustomSkinLoader Core]: No texture could be found.
[2026-09-01 09:48:40] [/INFO] [CustomSkinLoader Core]: 's profile not found in load list.
[2026-09-01 09:48:40] [/INFO] [CustomSkinLoader Core]: Loading 's profile.
[2026-09-01 09:48:40] [/INFO] [CustomSkinLoader Core]: 1/2 Try to load profile from 'GameProfile'.
[2026-09-01 09:48:40] [/INFO] [CustomSkinLoader Core]: Profile not found.
[2026-09-01 09:48:40] [/INFO] [CustomSkinLoader Core]: 2/2 Try to load profile from 'Server17'.
[2026-09-01 09:48:40] [/DEBUG] [CustomSkinLoader Core]: Try to request 'https://star-plays-dev.github.io/Web/skins/.png'.
[2026-09-01 09:48:40] [/DEBUG] [CustomSkinLoader Core]: Failed to request (Response Code: 404)
[2026-09-01 09:48:40] [/INFO] [CustomSkinLoader Core]: No texture could be found.
[2026-09-01 09:48:40] [/INFO] [CustomSkinLoader Core]: 's profile not found in load list.
[2026-09-01 09:48:40] [/INFO] [CustomSkinLoader Core]: Loading 's profile.
[2026-09-01 09:48:40] [/INFO] [CustomSkinLoader Core]: 1/2 Try to load profile from 'GameProfile'.
[2026-09-01 09:48:40] [/INFO] [CustomSkinLoader Core]: Profile not found.
[2026-09-01 09:48:40] [/INFO] [CustomSkinLoader Core]: 2/2 Try to load profile from 'Server17'.
[2026-09-01 09:48:40] [/DEBUG] [CustomSkinLoader Core]: Try to request 'https://star-plays-dev.github.io/Web/skins/.png'.
[2026-09-01 09:48:40] [/DEBUG] [CustomSkinLoader Core]: Failed to request (Response Code: 404)
[2026-09-01 09:48:40] [/DEBUG] [CustomSkinLoader Core]: Try to request 'https://star-plays-dev.github.io/Web/capes/.png'.
[2026-09-01 09:48:40] [/DEBUG] [CustomSkinLoader Core]: Failed to request (Response Code: 404)
[2026-09-01 09:48:40] [/INFO] [CustomSkinLoader Core]: No texture could be found.
[2026-09-01 09:48:40] [/INFO] [CustomSkinLoader Core]: 's profile not found in load list.
[2026-09-01 09:48:40] [/INFO] [CustomSkinLoader Core]: Loading 's profile.
[2026-09-01 09:48:40] [/INFO] [CustomSkinLoader Core]: 1/2 Try to load profile from 'GameProfile'.
[2026-09-01 09:48:40] [/INFO] [CustomSkinLoader Core]: Profile not found.
[2026-09-01 09:48:40] [/INFO] [CustomSkinLoader Core]: 2/2 Try to load profile from 'Server17'.
[2026-09-01 09:48:40] [/DEBUG] [CustomSkinLoader Core]: Try to request 'https://star-plays-dev.github.io/Web/skins/.png'.
[2026-09-01 09:48:40] [/DEBUG] [CustomSkinLoader Core]: Failed to request (Response Code: 404)
[2026-09-01 09:48:40] [/DEBUG] [CustomSkinLoader Core]: Try to request 'https://star-plays-dev.github.io/Web/capes/.png'.
[2026-09-01 09:48:40] [/DEBUG] [CustomSkinLoader Core]: Failed to request (Response Code: 404)
[2026-09-01 09:48:40] [/DEBUG] [CustomSkinLoader Core]: Try to request 'https://star-plays-dev.github.io/Web/capes/.png'.
[2026-09-01 09:48:40] [/DEBUG] [CustomSkinLoader Core]: Failed to request (Response Code: 404)
[2026-09-01 09:48:40] [/DEBUG] [CustomSkinLoader Core]: Failed to request (Response Code: 404)
[2026-09-01 09:48:40] [/DEBUG] [CustomSkinLoader Core]: Try to request 'https://star-plays-dev.github.io/Web/capes/.png'.
[2026-09-01 09:48:40] [/DEBUG] [CustomSkinLoader Core]: Try to request 'https://star-plays-dev.github.io/Web/capes/.png'.
[2026-09-01 09:48:40] [/DEBUG] [CustomSkinLoader Core]: Failed to request (Response Code: 404)
[2026-09-01 09:48:40] [/DEBUG] [CustomSkinLoader Core]: Try to request 'https://star-plays-dev.github.io/Web/capes/.png'.
[2026-09-01 09:48:40] [/DEBUG] [CustomSkinLoader Core]: Failed to request (Response Code: 404)
[2026-09-01 09:48:40] [/DEBUG] [CustomSkinLoader Core]: Try to request 'https://star-plays-dev.github.io/Web/capes/.png'.
[2026-09-01 09:48:40] [/DEBUG] [CustomSkinLoader Core]: Failed to request (Response Code: 404)
[2026-09-01 09:48:40] [/INFO] [CustomSkinLoader Core]: No texture could be found.
[2026-09-01 09:48:40] [/INFO] [CustomSkinLoader Core]: 's profile not found in load list.
[2026-09-01 09:48:40] [/INFO] [CustomSkinLoader Core]: Loading 's profile.
[2026-09-01 09:48:40] [/INFO] [CustomSkinLoader Core]: 1/2 Try to load profile from 'GameProfile'.
[2026-09-01 09:48:40] [/INFO] [CustomSkinLoader Core]: Profile not found.
[2026-09-01 09:48:40] [/INFO] [CustomSkinLoader Core]: 2/2 Try to load profile from 'Server17'.
[2026-09-01 09:48:40] [/DEBUG] [CustomSkinLoader Core]: Try to request 'https://star-plays-dev.github.io/Web/skins/.png'.
[2026-09-01 09:48:41] [/DEBUG] [CustomSkinLoader Core]: Failed to request (Response Code: 404)
[2026-09-01 09:48:41] [/DEBUG] [CustomSkinLoader Core]: Try to request 'https://star-plays-dev.github.io/Web/capes/.png'.
[2026-09-01 09:48:41] [/DEBUG] [CustomSkinLoader Core]: Failed to request (Response Code: 404)
[2026-09-01 09:48:41] [/INFO] [CustomSkinLoader Core]: No texture could be found.
[2026-09-01 09:48:41] [/INFO] [CustomSkinLoader Core]: 's profile not found in load list.
[2026-09-01 09:48:41] [/INFO] [CustomSkinLoader Core]: Loading 's profile.
[2026-09-01 09:48:41] [/INFO] [CustomSkinLoader Core]: 1/2 Try to load profile from 'GameProfile'.
[2026-09-01 09:48:41] [/INFO] [CustomSkinLoader Core]: Profile not found.
[2026-09-01 09:48:41] [/INFO] [CustomSkinLoader Core]: 2/2 Try to load profile from 'Server17'.
[2026-09-01 09:48:41] [/DEBUG] [CustomSkinLoader Core]: Try to request 'https://star-plays-dev.github.io/Web/skins/.png'.
[2026-09-01 09:48:41] [/DEBUG] [CustomSkinLoader Core]: Failed to request (Response Code: 404)
[2026-09-01 09:48:41] [/INFO] [CustomSkinLoader Core]: No texture could be found.
[2026-09-01 09:48:41] [/INFO] [CustomSkinLoader Core]: 's profile not found in load list.
[2026-09-01 09:48:41] [/INFO] [CustomSkinLoader Core]: Loading 's profile.
[2026-09-01 09:48:41] [/INFO] [CustomSkinLoader Core]: 1/2 Try to load profile from 'GameProfile'.
[2026-09-01 09:48:41] [/INFO] [CustomSkinLoader Core]: Profile not found.
[2026-09-01 09:48:41] [/INFO] [CustomSkinLoader Core]: 2/2 Try to load profile from 'Server17'.
[2026-09-01 09:48:41] [/DEBUG] [CustomSkinLoader Core]: Try to request 'https://star-plays-dev.github.io/Web/skins/.png'.
[2026-09-01 09:48:41] [/DEBUG] [CustomSkinLoader Core]: Failed to request (Response Code: 404)
[2026-09-01 09:48:41] [/INFO] [CustomSkinLoader Core]: No texture could be found.
[2026-09-01 09:48:41] [/INFO] [CustomSkinLoader Core]: 's profile not found in load list.
[2026-09-01 09:48:41] [/INFO] [CustomSkinLoader Core]: Loading 's profile.
[2026-09-01 09:48:41] [/INFO] [CustomSkinLoader Core]: 1/2 Try to load profile from 'GameProfile'.
[2026-09-01 09:48:41] [/INFO] [CustomSkinLoader Core]: Profile not found.
[2026-09-01 09:48:41] [/INFO] [CustomSkinLoader Core]: 2/2 Try to load profile from 'Server17'.
[2026-09-01 09:48:41] [/DEBUG] [CustomSkinLoader Core]: Try to request 'https://star-plays-dev.github.io/Web/skins/.png'.
[2026-09-01 09:48:41] [/DEBUG] [CustomSkinLoader Core]: Failed to request (Response Code: 404)
[2026-09-01 09:48:41] [/INFO] [CustomSkinLoader Core]: No texture could be found.
[2026-09-01 09:48:41] [/INFO] [CustomSkinLoader Core]: 's profile not found in load list.
[2026-09-01 09:48:41] [/INFO] [CustomSkinLoader Core]: Loading 's profile.
[2026-09-01 09:48:41] [/INFO] [CustomSkinLoader Core]: 1/2 Try to load profile from 'GameProfile'.
[2026-09-01 09:48:41] [/INFO] [CustomSkinLoader Core]: Profile not found.
[2026-09-01 09:48:41] [/INFO] [CustomSkinLoader Core]: 2/2 Try to load profile from 'Server17'.
[2026-09-01 09:48:41] [/DEBUG] [CustomSkinLoader Core]: Try to request 'https://star-plays-dev.github.io/Web/skins/.png'.
[2026-09-01 09:48:41] [/DEBUG] [CustomSkinLoader Core]: Failed to request (Response Code: 404)
[2026-09-01 09:48:41] [/INFO] [CustomSkinLoader Core]: No texture could be found.
[2026-09-01 09:48:41] [/INFO] [CustomSkinLoader Core]: 's profile not found in load list.
[2026-09-01 09:48:41] [/INFO] [CustomSkinLoader Core]: Loading 's profile.
[2026-09-01 09:48:41] [/INFO] [CustomSkinLoader Core]: 1/2 Try to load profile from 'GameProfile'.
[2026-09-01 09:48:41] [/INFO] [CustomSkinLoader Core]: Profile not found.
[2026-09-01 09:48:41] [/INFO] [CustomSkinLoader Core]: 2/2 Try to load profile from 'Server17'.
[2026-09-01 09:48:41] [/DEBUG] [CustomSkinLoader Core]: Try to request 'https://star-plays-dev.github.io/Web/skins/.png'.
[2026-09-01 09:48:41] [/DEBUG] [CustomSkinLoader Core]: Failed to request (Response Code: 404)
[2026-09-01 09:48:41] [/DEBUG] [CustomSkinLoader Core]: Try to request 'https://star-plays-dev.github.io/Web/capes/.png'.
[2026-09-01 09:48:41] [/DEBUG] [CustomSkinLoader Core]: Failed to request (Response Code: 404)
[2026-09-01 09:48:41] [/INFO] [CustomSkinLoader Core]: No texture could be found.
[2026-09-01 09:48:41] [/INFO] [CustomSkinLoader Core]: 's profile not found in load list.
[2026-09-01 09:48:41] [/INFO] [CustomSkinLoader Core]: Loading 's profile.
[2026-09-01 09:48:41] [/INFO] [CustomSkinLoader Core]: 1/2 Try to load profile from 'GameProfile'.
[2026-09-01 09:48:41] [/INFO] [CustomSkinLoader Core]: Profile not found.
[2026-09-01 09:48:41] [/INFO] [CustomSkinLoader Core]: 2/2 Try to load profile from 'Server17'.
[2026-09-01 09:48:41] [/DEBUG] [CustomSkinLoader Core]: Try to request 'https://star-plays-dev.github.io/Web/skins/.png'.
[2026-09-01 09:48:41] [/DEBUG] [CustomSkinLoader Core]: Failed to request (Response Code: 404)
[2026-09-01 09:48:41] [/DEBUG] [CustomSkinLoader Core]: Failed to request (Response Code: 404)
[2026-09-01 09:48:41] [/DEBUG] [CustomSkinLoader Core]: Try to request 'https://star-plays-dev.github.io/Web/capes/.png'.
[2026-09-01 09:48:41] [/INFO] [CustomSkinLoader Core]: No texture could be found.
[2026-09-01 09:48:41] [/INFO] [CustomSkinLoader Core]: 's profile not found in load list.
[2026-09-01 09:48:41] [/INFO] [CustomSkinLoader Core]: Loading 's profile.
[2026-09-01 09:48:41] [/INFO] [CustomSkinLoader Core]: 1/2 Try to load profile from 'GameProfile'.
[2026-09-01 09:48:41] [/INFO] [CustomSkinLoader Core]: Profile not found.
[2026-09-01 09:48:41] [/INFO] [CustomSkinLoader Core]: 2/2 Try to load profile from 'Server17'.
[2026-09-01 09:48:41] [/DEBUG] [CustomSkinLoader Core]: Try to request 'https://star-plays-dev.github.io/Web/skins/.png'.
[2026-09-01 09:48:41] [/DEBUG] [CustomSkinLoader Core]: Failed to request (Response Code: 404)
[2026-09-01 09:48:41] [/DEBUG] [CustomSkinLoader Core]: Try to request 'https://star-plays-dev.github.io/Web/capes/.png'.
[2026-09-01 09:48:41] [/DEBUG] [CustomSkinLoader Core]: Failed to request (Response Code: 404)
[2026-09-01 09:48:41] [/DEBUG] [CustomSkinLoader Core]: Try to request 'https://star-plays-dev.github.io/Web/capes/.png'.
[2026-09-01 09:48:41] [/DEBUG] [CustomSkinLoader Core]: Failed to request (Response Code: 404)
[2026-09-01 09:48:41] [/INFO] [CustomSkinLoader Core]: No texture could be found.
[2026-09-01 09:48:41] [/INFO] [CustomSkinLoader Core]: 's profile not found in load list.
[2026-09-01 09:48:41] [/INFO] [CustomSkinLoader Core]: Loading 's profile.
[2026-09-01 09:48:41] [/INFO] [CustomSkinLoader Core]: 1/2 Try to load profile from 'GameProfile'.
[2026-09-01 09:48:41] [/INFO] [CustomSkinLoader Core]: Profile not found.
[2026-09-01 09:48:41] [/INFO] [CustomSkinLoader Core]: 2/2 Try to load profile from 'Server17'.
[2026-09-01 09:48:41] [/DEBUG] [CustomSkinLoader Core]: Try to request 'https://star-plays-dev.github.io/Web/skins/.png'.
[2026-09-01 09:48:41] [/DEBUG] [CustomSkinLoader Core]: Failed to request (Response Code: 404)
[2026-09-01 09:48:41] [/DEBUG] [CustomSkinLoader Core]: Try to request 'https://star-plays-dev.github.io/Web/capes/.png'.
[2026-09-01 09:48:41] [/DEBUG] [CustomSkinLoader Core]: Failed to request (Response Code: 404)
[2026-09-01 09:48:41] [/DEBUG] [CustomSkinLoader Core]: Try to request 'https://star-plays-dev.github.io/Web/capes/.png'.
[2026-09-01 09:48:41] [/DEBUG] [CustomSkinLoader Core]: Failed to request (Response Code: 404)
[2026-09-01 09:48:41] [/INFO] [CustomSkinLoader Core]: No texture could be found.
[2026-09-01 09:48:41] [/INFO] [CustomSkinLoader Core]: 's profile not found in load list.
[2026-09-01 09:48:41] [/INFO] [CustomSkinLoader Core]: Loading 's profile.
[2026-09-01 09:48:41] [/INFO] [CustomSkinLoader Core]: 1/2 Try to load profile from 'GameProfile'.
[2026-09-01 09:48:41] [/INFO] [CustomSkinLoader Core]: Profile not found.
[2026-09-01 09:48:41] [/INFO] [CustomSkinLoader Core]: 2/2 Try to load profile from 'Server17'.
[2026-09-01 09:48:41] [/DEBUG] [CustomSkinLoader Core]: Try to request 'https://star-plays-dev.github.io/Web/skins/.png'.
[2026-09-01 09:48:41] [/DEBUG] [CustomSkinLoader Core]: Failed to request (Response Code: 404)
[2026-09-01 09:48:41] [/DEBUG] [CustomSkinLoader Core]: Try to request 'https://star-plays-dev.github.io/Web/capes/.png'.
[2026-09-01 09:48:41] [/DEBUG] [CustomSkinLoader Core]: Failed to request (Response Code: 404)
[2026-09-01 09:48:41] [/INFO] [CustomSkinLoader Core]: No texture could be found.
[2026-09-01 09:48:41] [/INFO] [CustomSkinLoader Core]: 's profile not found in load list.
[2026-09-01 09:48:41] [/INFO] [CustomSkinLoader Core]: Loading 's profile.
[2026-09-01 09:48:41] [/INFO] [CustomSkinLoader Core]: 1/2 Try to load profile from 'GameProfile'.
[2026-09-01 09:48:41] [/INFO] [CustomSkinLoader Core]: Profile not found.
[2026-09-01 09:48:41] [/INFO] [CustomSkinLoader Core]: 2/2 Try to load profile from 'Server17'.
[2026-09-01 09:48:41] [/DEBUG] [CustomSkinLoader Core]: Try to request 'https://star-plays-dev.github.io/Web/skins/.png'.
[2026-09-01 09:48:41] [/DEBUG] [CustomSkinLoader Core]: Failed to request (Response Code: 404)
[2026-09-01 09:48:41] [/DEBUG] [CustomSkinLoader Core]: Try to request 'https://star-plays-dev.github.io/Web/capes/.png'.
[2026-09-01 09:48:42] [/DEBUG] [CustomSkinLoader Core]: Failed to request (Response Code: 404)
[2026-09-01 09:48:42] [/DEBUG] [CustomSkinLoader Core]: Try to request 'https://star-plays-dev.github.io/Web/capes/.png'.
[2026-09-01 09:48:42] [/DEBUG] [CustomSkinLoader Core]: Failed to request (Response Code: 404)
[2026-09-01 09:48:42] [/INFO] [CustomSkinLoader Core]: No texture could be found.
[2026-09-01 09:48:42] [/INFO] [CustomSkinLoader Core]: 's profile not found in load list.
[2026-09-01 09:48:42] [/INFO] [CustomSkinLoader Core]: Loading 's profile.
[2026-09-01 09:48:42] [/INFO] [CustomSkinLoader Core]: 1/2 Try to load profile from 'GameProfile'.
[2026-09-01 09:48:42] [/INFO] [CustomSkinLoader Core]: Profile not found.
[2026-09-01 09:48:42] [/INFO] [CustomSkinLoader Core]: 2/2 Try to load profile from 'Server17'.
[2026-09-01 09:48:42] [/DEBUG] [CustomSkinLoader Core]: Try to request 'https://star-plays-dev.github.io/Web/skins/.png'.
[2026-09-01 09:48:42] [/DEBUG] [CustomSkinLoader Core]: Failed to request (Response Code: 404)
[2026-09-01 09:48:42] [/INFO] [CustomSkinLoader Core]: No texture could be found.
[2026-09-01 09:48:42] [/INFO] [CustomSkinLoader Core]: 's profile not found in load list.
[2026-09-01 09:48:42] [/INFO] [CustomSkinLoader Core]: Loading 's profile.
[2026-09-01 09:48:42] [/INFO] [CustomSkinLoader Core]: 1/2 Try to load profile from 'GameProfile'.
[2026-09-01 09:48:42] [/INFO] [CustomSkinLoader Core]: Profile not found.
[2026-09-01 09:48:42] [/INFO] [CustomSkinLoader Core]: 2/2 Try to load profile from 'Server17'.
[2026-09-01 09:48:42] [/DEBUG] [CustomSkinLoader Core]: Try to request 'https://star-plays-dev.github.io/Web/skins/.png'.
[2026-09-01 09:48:42] [/DEBUG] [CustomSkinLoader Core]: Failed to request (Response Code: 404)
[2026-09-01 09:48:42] [/INFO] [CustomSkinLoader Core]: No texture could be found.
[2026-09-01 09:48:42] [/INFO] [CustomSkinLoader Core]: 's profile not found in load list.
[2026-09-01 09:48:42] [/INFO] [CustomSkinLoader Core]: Loading 's profile.
[2026-09-01 09:48:42] [/INFO] [CustomSkinLoader Core]: 1/2 Try to load profile from 'GameProfile'.
[2026-09-01 09:48:42] [/INFO] [CustomSkinLoader Core]: Profile not found.
[2026-09-01 09:48:42] [/INFO] [CustomSkinLoader Core]: 2/2 Try to load profile from 'Server17'.
[2026-09-01 09:48:42] [/DEBUG] [CustomSkinLoader Core]: Try to request 'https://star-plays-dev.github.io/Web/skins/.png'.
[2026-09-01 09:48:42] [/DEBUG] [CustomSkinLoader Core]: Failed to request (Response Code: 404)
[2026-09-01 09:48:42] [/DEBUG] [CustomSkinLoader Core]: Try to request 'https://star-plays-dev.github.io/Web/capes/.png'.
[2026-09-01 09:48:42] [/DEBUG] [CustomSkinLoader Core]: Failed to request (Response Code: 404)
[2026-09-01 09:48:42] [/INFO] [CustomSkinLoader Core]: No texture could be found.
[2026-09-01 09:48:42] [/INFO] [CustomSkinLoader Core]: 's profile not found in load list.
[2026-09-01 09:48:42] [/INFO] [CustomSkinLoader Core]: Loading 's profile.
[2026-09-01 09:48:42] [/INFO] [CustomSkinLoader Core]: 1/2 Try to load profile from 'GameProfile'.
[2026-09-01 09:48:42] [/INFO] [CustomSkinLoader Core]: Profile not found.
[2026-09-01 09:48:42] [/INFO] [CustomSkinLoader Core]: 2/2 Try to load profile from 'Server17'.
[2026-09-01 09:48:42] [/DEBUG] [CustomSkinLoader Core]: Try to request 'https://star-plays-dev.github.io/Web/skins/.png'.
[2026-09-01 09:48:42] [/DEBUG] [CustomSkinLoader Core]: Failed to request (Response Code: 404)
[2026-09-01 09:48:42] [/DEBUG] [CustomSkinLoader Core]: Try to request 'https://star-plays-dev.github.io/Web/capes/.png'.
[2026-09-01 09:48:42] [/DEBUG] [CustomSkinLoader Core]: Failed to request (Response Code: 404)
[2026-09-01 09:48:42] [/INFO] [CustomSkinLoader Core]: No texture could be found.
[2026-09-01 09:48:42] [/INFO] [CustomSkinLoader Core]: 's profile not found in load list.
[2026-09-01 09:48:42] [/INFO] [CustomSkinLoader Core]: Loading 's profile.
[2026-09-01 09:48:42] [/INFO] [CustomSkinLoader Core]: 1/2 Try to load profile from 'GameProfile'.
[2026-09-01 09:48:42] [/INFO] [CustomSkinLoader Core]: Profile not found.
[2026-09-01 09:48:42] [/INFO] [CustomSkinLoader Core]: 2/2 Try to load profile from 'Server17'.
[2026-09-01 09:48:42] [/DEBUG] [CustomSkinLoader Core]: Try to request 'https://star-plays-dev.github.io/Web/skins/.png'.
[2026-09-01 09:48:42] [/DEBUG] [CustomSkinLoader Core]: Failed to request (Response Code: 404)
[2026-09-01 09:48:42] [/INFO] [CustomSkinLoader Core]: No texture could be found.
[2026-09-01 09:48:42] [/INFO] [CustomSkinLoader Core]: 's profile not found in load list.
[2026-09-01 09:48:42] [/INFO] [CustomSkinLoader Core]: Loading 's profile.
[2026-09-01 09:48:42] [/INFO] [CustomSkinLoader Core]: 1/2 Try to load profile from 'GameProfile'.
[2026-09-01 09:48:42] [/INFO] [CustomSkinLoader Core]: Profile not found.
[2026-09-01 09:48:42] [/INFO] [CustomSkinLoader Core]: 2/2 Try to load profile from 'Server17'.
[2026-09-01 09:48:42] [/DEBUG] [CustomSkinLoader Core]: Try to request 'https://star-plays-dev.github.io/Web/skins/.png'.
[2026-09-01 09:48:42] [/DEBUG] [CustomSkinLoader Core]: Failed to request (Response Code: 404)
[2026-09-01 09:48:42] [/DEBUG] [CustomSkinLoader Core]: Failed to request (Response Code: 404)
[2026-09-01 09:48:42] [/DEBUG] [CustomSkinLoader Core]: Try to request 'https://star-plays-dev.github.io/Web/capes/.png'.
[2026-09-01 09:48:42] [/DEBUG] [CustomSkinLoader Core]: Try to request 'https://star-plays-dev.github.io/Web/capes/.png'.
[2026-09-01 09:48:42] [/DEBUG] [CustomSkinLoader Core]: Failed to request (Response Code: 404)
[2026-09-01 09:48:42] [/DEBUG] [CustomSkinLoader Core]: Try to request 'https://star-plays-dev.github.io/Web/capes/.png'.
[2026-09-01 09:48:42] [/DEBUG] [CustomSkinLoader Core]: Failed to request (Response Code: 404)
[2026-09-01 09:48:42] [/DEBUG] [CustomSkinLoader Core]: Failed to request (Response Code: 404)
[2026-09-01 09:48:42] [/DEBUG] [CustomSkinLoader Core]: Failed to request (Response Code: 404)
[2026-09-01 09:48:42] [/DEBUG] [CustomSkinLoader Core]: Failed to request (Response Code: 404)
[2026-09-01 09:48:43] [/INFO] [CustomSkinLoader Core]: No texture could be found.
[2026-09-01 09:48:43] [/INFO] [CustomSkinLoader Core]: 's profile not found in load list.
[2026-09-01 09:48:42] [/DEBUG] [CustomSkinLoader Core]: Failed to request (Response Code: 404)
[2026-09-01 09:48:43] [/INFO] [CustomSkinLoader Core]: Loading 's profile.
[2026-09-01 09:48:43] [/DEBUG] [CustomSkinLoader Core]: Try to request 'https://star-plays-dev.github.io/Web/capes/.png'.
[2026-09-01 09:48:42] [/DEBUG] [CustomSkinLoader Core]: Failed to request (Response Code: 404)
[2026-09-01 09:48:43] [/INFO] [CustomSkinLoader Core]: No texture could be found.
[2026-09-01 09:48:42] [/DEBUG] [CustomSkinLoader Core]: Failed to request (Response Code: 404)
[2026-09-01 09:48:43] [/INFO] [CustomSkinLoader Core]: 's profile not found in load list.
[2026-09-01 09:48:43] [/INFO] [CustomSkinLoader Core]: Loading 's profile.
[2026-09-01 09:48:43] [/INFO] [CustomSkinLoader Core]: 1/2 Try to load profile from 'GameProfile'.
[2026-09-01 09:48:43] [/INFO] [CustomSkinLoader Core]: No texture could be found.
[2026-09-01 09:48:43] [/INFO] [CustomSkinLoader Core]: Profile not found.
[2026-09-01 09:48:43] [/INFO] [CustomSkinLoader Core]: 's profile not found in load list.
[2026-09-01 09:48:43] [/INFO] [CustomSkinLoader Core]: 2/2 Try to load profile from 'Server17'.
[2026-09-01 09:48:43] [/DEBUG] [CustomSkinLoader Core]: Try to request 'https://star-plays-dev.github.io/Web/skins/.png'.
[2026-09-01 09:48:43] [/INFO] [CustomSkinLoader Core]: Loading 's profile.
[2026-09-01 09:48:43] [/INFO] [CustomSkinLoader Core]: 1/2 Try to load profile from 'GameProfile'.
[2026-09-01 09:48:43] [/INFO] [CustomSkinLoader Core]: Profile not found.
[2026-09-01 09:48:43] [/INFO] [CustomSkinLoader Core]: 2/2 Try to load profile from 'Server17'.
[2026-09-01 09:48:43] [/DEBUG] [CustomSkinLoader Core]: Try to request 'https://star-plays-dev.github.io/Web/skins/.png'.
[2026-09-01 09:48:42] [/DEBUG] [CustomSkinLoader Core]: Failed to request (Response Code: 404)
[2026-09-01 09:48:43] [/INFO] [CustomSkinLoader Core]: 1/2 Try to load profile from 'GameProfile'.
[2026-09-01 09:48:43] [/INFO] [CustomSkinLoader Core]: No texture could be found.
[2026-09-01 09:48:43] [/INFO] [CustomSkinLoader Core]: Profile not found.
[2026-09-01 09:48:43] [/DEBUG] [CustomSkinLoader Core]: Try to request 'https://star-plays-dev.github.io/Web/capes/.png'.
[2026-09-01 09:48:43] [/INFO] [CustomSkinLoader Core]: 2/2 Try to load profile from 'Server17'.
[2026-09-01 09:48:43] [/INFO] [CustomSkinLoader Core]: No texture could be found.
[2026-09-01 09:48:43] [/DEBUG] [CustomSkinLoader Core]: Try to request 'https://star-plays-dev.github.io/Web/skins/.png'.
[2026-09-01 09:48:43] [/INFO] [CustomSkinLoader Core]: 's profile not found in load list.
[2026-09-01 09:48:43] [/INFO] [CustomSkinLoader Core]: Loading 's profile.
[2026-09-01 09:48:43] [/INFO] [CustomSkinLoader Core]: 1/2 Try to load profile from 'GameProfile'.
[2026-09-01 09:48:43] [/INFO] [CustomSkinLoader Core]: Profile not found.
[2026-09-01 09:48:43] [/INFO] [CustomSkinLoader Core]: 2/2 Try to load profile from 'Server17'.
[2026-09-01 09:48:43] [/DEBUG] [CustomSkinLoader Core]: Try to request 'https://star-plays-dev.github.io/Web/skins/.png'.
[2026-09-01 09:48:43] [/INFO] [CustomSkinLoader Core]: 's profile not found in load list.
[2026-09-01 09:48:43] [/INFO] [CustomSkinLoader Core]: Loading 's profile.
[2026-09-01 09:48:43] [/INFO] [CustomSkinLoader Core]: 1/2 Try to load profile from 'GameProfile'.
[2026-09-01 09:48:43] [/INFO] [CustomSkinLoader Core]: Profile not found.
[2026-09-01 09:48:43] [/INFO] [CustomSkinLoader Core]: 2/2 Try to load profile from 'Server17'.
[2026-09-01 09:48:43] [/DEBUG] [CustomSkinLoader Core]: Try to request 'https://star-plays-dev.github.io/Web/skins/.png'.
[2026-09-01 09:48:43] [/DEBUG] [CustomSkinLoader Core]: Try to request 'https://star-plays-dev.github.io/Web/capes/.png'.
[2026-09-01 09:48:45] [/DEBUG] [CustomSkinLoader Core]: Failed to request (Response Code: 404)
[2026-09-01 09:48:45] [/DEBUG] [CustomSkinLoader Core]: Try to request 'https://star-plays-dev.github.io/Web/capes/.png'.
[2026-09-01 09:48:45] [/DEBUG] [CustomSkinLoader Core]: Failed to request (Response Code: 404)
[2026-09-01 09:48:45] [/DEBUG] [CustomSkinLoader Core]: Try to request 'https://star-plays-dev.github.io/Web/capes/.png'.
[2026-09-01 09:48:45] [/DEBUG] [CustomSkinLoader Core]: Failed to request (Response Code: 404)
[2026-09-01 09:48:45] [/DEBUG] [CustomSkinLoader Core]: Try to request 'https://star-plays-dev.github.io/Web/capes/.png'.
[2026-09-01 09:48:45] [/DEBUG] [CustomSkinLoader Core]: Failed to request (Response Code: 404)
[2026-09-01 09:48:45] [/INFO] [CustomSkinLoader Core]: No texture could be found.
[2026-09-01 09:48:45] [/INFO] [CustomSkinLoader Core]: 's profile not found in load list.
[2026-09-01 09:48:45] [/INFO] [CustomSkinLoader Core]: Loading 's profile.
[2026-09-01 09:48:45] [/INFO] [CustomSkinLoader Core]: 1/2 Try to load profile from 'GameProfile'.
[2026-09-01 09:48:45] [/INFO] [CustomSkinLoader Core]: Profile not found.
[2026-09-01 09:48:45] [/INFO] [CustomSkinLoader Core]: 2/2 Try to load profile from 'Server17'.
[2026-09-01 09:48:45] [/DEBUG] [CustomSkinLoader Core]: Try to request 'https://star-plays-dev.github.io/Web/skins/.png'.
[2026-09-01 09:48:45] [/DEBUG] [CustomSkinLoader Core]: Failed to request (Response Code: 404)
[2026-09-01 09:48:45] [/DEBUG] [CustomSkinLoader Core]: Try to request 'https://star-plays-dev.github.io/Web/capes/.png'.
[2026-09-01 09:48:45] [/DEBUG] [CustomSkinLoader Core]: Failed to request (Response Code: 404)
[2026-09-01 09:48:45] [/DEBUG] [CustomSkinLoader Core]: Try to request 'https://star-plays-dev.github.io/Web/capes/.png'.
[2026-09-01 09:48:45] [/DEBUG] [CustomSkinLoader Core]: Failed to request (Response Code: 404)
[2026-09-01 09:48:45] [/INFO] [CustomSkinLoader Core]: No texture could be found.
[2026-09-01 09:48:45] [/INFO] [CustomSkinLoader Core]: 's profile not found in load list.
[2026-09-01 09:48:45] [/INFO] [CustomSkinLoader Core]: Loading 's profile.
[2026-09-01 09:48:45] [/INFO] [CustomSkinLoader Core]: 1/2 Try to load profile from 'GameProfile'.
[2026-09-01 09:48:45] [/INFO] [CustomSkinLoader Core]: Profile not found.
[2026-09-01 09:48:45] [/INFO] [CustomSkinLoader Core]: 2/2 Try to load profile from 'Server17'.
[2026-09-01 09:48:45] [/DEBUG] [CustomSkinLoader Core]: Try to request 'https://star-plays-dev.github.io/Web/skins/.png'.
[2026-09-01 09:48:45] [/DEBUG] [CustomSkinLoader Core]: Failed to request (Response Code: 404)
[2026-09-01 09:48:45] [/INFO] [CustomSkinLoader Core]: No texture could be found.
[2026-09-01 09:48:45] [/INFO] [CustomSkinLoader Core]: 's profile not found in load list.
[2026-09-01 09:48:45] [/INFO] [CustomSkinLoader Core]: Loading 's profile.
[2026-09-01 09:48:45] [/INFO] [CustomSkinLoader Core]: 1/2 Try to load profile from 'GameProfile'.
[2026-09-01 09:48:45] [/INFO] [CustomSkinLoader Core]: Profile not found.
[2026-09-01 09:48:45] [/INFO] [CustomSkinLoader Core]: 2/2 Try to load profile from 'Server17'.
[2026-09-01 09:48:45] [/DEBUG] [CustomSkinLoader Core]: Try to request 'https://star-plays-dev.github.io/Web/skins/.png'.
[2026-09-01 09:48:45] [/DEBUG] [CustomSkinLoader Core]: Failed to request (Response Code: 404)
[2026-09-01 09:48:45] [/INFO] [CustomSkinLoader Core]: No texture could be found.
[2026-09-01 09:48:45] [/INFO] [CustomSkinLoader Core]: 's profile not found in load list.
[2026-09-01 09:48:45] [/INFO] [CustomSkinLoader Core]: Loading 's profile.
[2026-09-01 09:48:45] [/INFO] [CustomSkinLoader Core]: 1/2 Try to load profile from 'GameProfile'.
[2026-09-01 09:48:45] [/INFO] [CustomSkinLoader Core]: Profile not found.
[2026-09-01 09:48:45] [/INFO] [CustomSkinLoader Core]: 2/2 Try to load profile from 'Server17'.
[2026-09-01 09:48:45] [/DEBUG] [CustomSkinLoader Core]: Try to request 'https://star-plays-dev.github.io/Web/skins/.png'.
[2026-09-01 09:48:45] [/DEBUG] [CustomSkinLoader Core]: Failed to request (Response Code: 404)
[2026-09-01 09:48:45] [/INFO] [CustomSkinLoader Core]: No texture could be found.
[2026-09-01 09:48:45] [/INFO] [CustomSkinLoader Core]: 's profile not found in load list.
[2026-09-01 09:48:45] [/INFO] [CustomSkinLoader Core]: Loading 's profile.
[2026-09-01 09:48:45] [/INFO] [CustomSkinLoader Core]: 1/2 Try to load profile from 'GameProfile'.
[2026-09-01 09:48:45] [/INFO] [CustomSkinLoader Core]: Profile not found.
[2026-09-01 09:48:45] [/INFO] [CustomSkinLoader Core]: 2/2 Try to load profile from 'Server17'.
[2026-09-01 09:48:45] [/DEBUG] [CustomSkinLoader Core]: Try to request 'https://star-plays-dev.github.io/Web/skins/.png'.
[2026-09-01 09:48:45] [/DEBUG] [CustomSkinLoader Core]: Failed to request (Response Code: 404)
[2026-09-01 09:48:45] [/DEBUG] [CustomSkinLoader Core]: Try to request 'https://star-plays-dev.github.io/Web/capes/.png'.
[2026-09-01 09:48:45] [/DEBUG] [CustomSkinLoader Core]: Failed to request (Response Code: 404)
[2026-09-01 09:48:45] [/INFO] [CustomSkinLoader Core]: No texture could be found.
[2026-09-01 09:48:45] [/INFO] [CustomSkinLoader Core]: 's profile not found in load list.
[2026-09-01 09:48:45] [/INFO] [CustomSkinLoader Core]: Loading 's profile.
[2026-09-01 09:48:45] [/INFO] [CustomSkinLoader Core]: 1/2 Try to load profile from 'GameProfile'.
[2026-09-01 09:48:45] [/INFO] [CustomSkinLoader Core]: Profile not found.
[2026-09-01 09:48:45] [/INFO] [CustomSkinLoader Core]: 2/2 Try to load profile from 'Server17'.
[2026-09-01 09:48:45] [/DEBUG] [CustomSkinLoader Core]: Try to request 'https://star-plays-dev.github.io/Web/skins/.png'.
[2026-09-01 09:48:45] [/DEBUG] [CustomSkinLoader Core]: Failed to request (Response Code: 404)
[2026-09-01 09:48:45] [/INFO] [CustomSkinLoader Core]: No texture could be found.
[2026-09-01 09:48:45] [/INFO] [CustomSkinLoader Core]: 's profile not found in load list.
[2026-09-01 09:48:45] [/INFO] [CustomSkinLoader Core]: Loading 's profile.
[2026-09-01 09:48:45] [/INFO] [CustomSkinLoader Core]: 1/2 Try to load profile from 'GameProfile'.
[2026-09-01 09:48:45] [/INFO] [CustomSkinLoader Core]: Profile not found.
[2026-09-01 09:48:45] [/INFO] [CustomSkinLoader Core]: 2/2 Try to load profile from 'Server17'.
[2026-09-01 09:48:45] [/DEBUG] [CustomSkinLoader Core]: Try to request 'https://star-plays-dev.github.io/Web/skins/.png'.
[2026-09-01 09:48:45] [/DEBUG] [CustomSkinLoader Core]: Failed to request (Response Code: 404)
[2026-09-01 09:48:45] [/DEBUG] [CustomSkinLoader Core]: Try to request 'https://star-plays-dev.github.io/Web/capes/.png'.
[2026-09-01 09:48:45] [/DEBUG] [CustomSkinLoader Core]: Failed to request (Response Code: 404)
[2026-09-01 09:48:45] [/INFO] [CustomSkinLoader Core]: No texture could be found.
[2026-09-01 09:48:45] [/INFO] [CustomSkinLoader Core]: 's profile not found in load list.
[2026-09-01 09:48:45] [/INFO] [CustomSkinLoader Core]: Loading 's profile.
[2026-09-01 09:48:45] [/INFO] [CustomSkinLoader Core]: 1/2 Try to load profile from 'GameProfile'.
[2026-09-01 09:48:45] [/INFO] [CustomSkinLoader Core]: Profile not found.
[2026-09-01 09:48:45] [/INFO] [CustomSkinLoader Core]: 2/2 Try to load profile from 'Server17'.
[2026-09-01 09:48:45] [/DEBUG] [CustomSkinLoader Core]: Try to request 'https://star-plays-dev.github.io/Web/skins/.png'.
[2026-09-01 09:48:46] [/DEBUG] [CustomSkinLoader Core]: Failed to request (Response Code: 404)
[2026-09-01 09:48:46] [/DEBUG] [CustomSkinLoader Core]: Try to request 'https://star-plays-dev.github.io/Web/capes/.png'.
[2026-09-01 09:48:46] [/DEBUG] [CustomSkinLoader Core]: Failed to request (Response Code: 404)
[2026-09-01 09:48:46] [/DEBUG] [CustomSkinLoader Core]: Try to request 'https://star-plays-dev.github.io/Web/capes/.png'.
[2026-09-01 09:48:46] [/DEBUG] [CustomSkinLoader Core]: Failed to request (Response Code: 404)
[2026-09-01 09:48:46] [/DEBUG] [CustomSkinLoader Core]: Try to request 'https://star-plays-dev.github.io/Web/capes/.png'.
[2026-09-01 09:48:46] [/DEBUG] [CustomSkinLoader Core]: Failed to request (Response Code: 404)
[2026-09-01 09:48:46] [/INFO] [CustomSkinLoader Core]: No texture could be found.
[2026-09-01 09:48:46] [/INFO] [CustomSkinLoader Core]: 's profile not found in load list.
[2026-09-01 09:48:46] [/INFO] [CustomSkinLoader Core]: Loading 's profile.
[2026-09-01 09:48:46] [/INFO] [CustomSkinLoader Core]: 1/2 Try to load profile from 'GameProfile'.
[2026-09-01 09:48:46] [/INFO] [CustomSkinLoader Core]: Profile not found.
[2026-09-01 09:48:46] [/INFO] [CustomSkinLoader Core]: 2/2 Try to load profile from 'Server17'.
[2026-09-01 09:48:46] [/DEBUG] [CustomSkinLoader Core]: Try to request 'https://star-plays-dev.github.io/Web/skins/.png'.
[2026-09-01 09:48:46] [/DEBUG] [CustomSkinLoader Core]: Failed to request (Response Code: 404)
[2026-09-01 09:48:46] [/DEBUG] [CustomSkinLoader Core]: Try to request 'https://star-plays-dev.github.io/Web/capes/.png'.
[2026-09-01 09:48:46] [/DEBUG] [CustomSkinLoader Core]: Failed to request (Response Code: 404)
[2026-09-01 09:48:46] [/DEBUG] [CustomSkinLoader Core]: Try to request 'https://star-plays-dev.github.io/Web/capes/.png'.
[2026-09-01 09:48:46] [/DEBUG] [CustomSkinLoader Core]: Failed to request (Response Code: 404)
[2026-09-01 09:48:46] [/INFO] [CustomSkinLoader Core]: No texture could be found.
[2026-09-01 09:48:46] [/INFO] [CustomSkinLoader Core]: 's profile not found in load list.
[2026-09-01 09:48:46] [/INFO] [CustomSkinLoader Core]: Loading 's profile.
[2026-09-01 09:48:46] [/INFO] [CustomSkinLoader Core]: 1/2 Try to load profile from 'GameProfile'.
[2026-09-01 09:48:46] [/INFO] [CustomSkinLoader Core]: Profile not found.
[2026-09-01 09:48:46] [/INFO] [CustomSkinLoader Core]: 2/2 Try to load profile from 'Server17'.
[2026-09-01 09:48:46] [/DEBUG] [CustomSkinLoader Core]: Try to request 'https://star-plays-dev.github.io/Web/skins/.png'.
[2026-09-01 09:48:46] [/DEBUG] [CustomSkinLoader Core]: Failed to request (Response Code: 404)
[2026-09-01 09:48:46] [/DEBUG] [CustomSkinLoader Core]: Try to request 'https://star-plays-dev.github.io/Web/capes/.png'.
[2026-09-01 09:48:46] [/DEBUG] [CustomSkinLoader Core]: Failed to request (Response Code: 404)
[2026-09-01 09:48:46] [/INFO] [CustomSkinLoader Core]: No texture could be found.
[2026-09-01 09:48:46] [/INFO] [CustomSkinLoader Core]: 's profile not found in load list.
[2026-09-01 09:48:46] [/DEBUG] [CustomSkinLoader Core]: Failed to request (Response Code: 404)
[2026-09-01 09:48:46] [/INFO] [CustomSkinLoader Core]: No texture could be found.
[2026-09-01 09:48:46] [/INFO] [CustomSkinLoader Core]: 's profile not found in load list.
[2026-09-01 09:48:46] [/DEBUG] [CustomSkinLoader Core]: Failed to request (Response Code: 404)
[2026-09-01 09:48:46] [/INFO] [CustomSkinLoader Core]: No texture could be found.
[2026-09-01 09:48:46] [/INFO] [CustomSkinLoader Core]: 's profile not found in load list.
[2026-09-01 09:48:46] [/DEBUG] [CustomSkinLoader Core]: Failed to request (Response Code: 404)
[2026-09-01 09:48:46] [/DEBUG] [CustomSkinLoader Core]: Try to request 'https://star-plays-dev.github.io/Web/capes/.png'.
[2026-09-01 09:48:46] [/DEBUG] [CustomSkinLoader Core]: Failed to request (Response Code: 404)
[2026-09-01 09:48:46] [/INFO] [CustomSkinLoader Core]: No texture could be found.
[2026-09-01 09:48:46] [/INFO] [CustomSkinLoader Core]: 's profile not found in load list.
[2026-09-01 09:48:46] [/DEBUG] [CustomSkinLoader Core]: Failed to request (Response Code: 404)
[2026-09-01 09:48:46] [/DEBUG] [CustomSkinLoader Core]: Failed to request (Response Code: 404)
[2026-09-01 09:48:46] [/INFO] [CustomSkinLoader Core]: No texture could be found.
[2026-09-01 09:48:46] [/INFO] [CustomSkinLoader Core]: 's profile not found in load list.
[2026-09-01 09:48:46] [/INFO] [CustomSkinLoader Core]: No texture could be found.
[2026-09-01 09:48:46] [/INFO] [CustomSkinLoader Core]: 's profile not found in load list.
[2026-09-01 09:48:46] [/DEBUG] [CustomSkinLoader Core]: Failed to request (Response Code: 404)
[2026-09-01 09:48:46] [/DEBUG] [CustomSkinLoader Core]: Try to request 'https://star-plays-dev.github.io/Web/capes/.png'.
[2026-09-01 09:48:47] [/DEBUG] [CustomSkinLoader Core]: Failed to request (Response Code: 404)
[2026-09-01 09:48:47] [/INFO] [CustomSkinLoader Core]: No texture could be found.
[2026-09-01 09:48:47] [/INFO] [CustomSkinLoader Core]: 's profile not found in load list.
[2026-09-01 09:48:47] [/DEBUG] [CustomSkinLoader Core]: Failed to request (Response Code: 404)
[2026-09-01 09:48:47] [/INFO] [CustomSkinLoader Core]: No texture could be found.
[2026-09-01 09:48:47] [/INFO] [CustomSkinLoader Core]: 's profile not found in load list.
[2026-09-01 09:49:03] [Client thread/DEBUG] [CustomSkinLoader Core]: Loading Legacy Texture (minecraft:skins/legacy-)
[2026-09-01 09:49:03] [/INFO] [CustomSkinLoader Core]: Loading 's profile.
[2026-09-01 09:49:03] [/INFO] [CustomSkinLoader Core]: 1/2 Try to load profile from 'GameProfile'.
[2026-09-01 09:49:03] [/INFO] [CustomSkinLoader Core]: Profile not found.
[2026-09-01 09:49:03] [/INFO] [CustomSkinLoader Core]: 2/2 Try to load profile from 'Server17'.
[2026-09-01 09:49:03] [/DEBUG] [CustomSkinLoader Core]: Try to request 'https://star-plays-dev.github.io/Web/skins/.png'.
[2026-09-01 09:49:03] [Client thread/DEBUG] [CustomSkinLoader Core]: Loading Legacy Texture (minecraft:skins/legacy-)
[2026-09-01 09:49:03] [/INFO] [CustomSkinLoader Core]: Cached profile will be used.
[2026-09-01 09:49:03] [/WARNING] [CustomSkinLoader Core]: (Cached Profile is empty!) Expiry: 0
[2026-09-01 09:49:03] [/INFO] [CustomSkinLoader Core]: Loading 's profile.
[2026-09-01 09:49:03] [/INFO] [CustomSkinLoader Core]: 1/2 Try to load profile from 'GameProfile'.
[2026-09-01 09:49:03] [/INFO] [CustomSkinLoader Core]: Profile not found.
[2026-09-01 09:49:03] [/INFO] [CustomSkinLoader Core]: 2/2 Try to load profile from 'Server17'.
[2026-09-01 09:49:03] [/DEBUG] [CustomSkinLoader Core]: Try to request 'https://star-plays-dev.github.io/Web/skins/.png'.
[2026-09-01 09:49:03] [Client thread/DEBUG] [CustomSkinLoader Core]: Loading Legacy Texture (minecraft:skins/legacy-)
[2026-09-01 09:49:03] [/INFO] [CustomSkinLoader Core]: Cached profile will be used.
[2026-09-01 09:49:03] [/WARNING] [CustomSkinLoader Core]: (Cached Profile is empty!) Expiry: 0
[2026-09-01 09:49:03] [/INFO] [CustomSkinLoader Core]: Loading 's profile.
[2026-09-01 09:49:03] [/INFO] [CustomSkinLoader Core]: 1/2 Try to load profile from 'GameProfile'.
[2026-09-01 09:49:03] [/INFO] [CustomSkinLoader Core]: Profile not found.
[2026-09-01 09:49:03] [/INFO] [CustomSkinLoader Core]: 2/2 Try to load profile from 'Server17'.
[2026-09-01 09:49:03] [/DEBUG] [CustomSkinLoader Core]: Try to request 'https://star-plays-dev.github.io/Web/skins/.png'.
[2026-09-01 09:49:03] [Client thread/DEBUG] [CustomSkinLoader Core]: Loading Legacy Texture (minecraft:skins/legacy-)
[2026-09-01 09:49:03] [/INFO] [CustomSkinLoader Core]: Cached profile will be used.
[2026-09-01 09:49:03] [/WARNING] [CustomSkinLoader Core]: (Cached Profile is empty!) Expiry: 0
[2026-09-01 09:49:03] [/INFO] [CustomSkinLoader Core]: Loading 's profile.
[2026-09-01 09:49:03] [/INFO] [CustomSkinLoader Core]: 1/2 Try to load profile from 'GameProfile'.
[2026-09-01 09:49:03] [/INFO] [CustomSkinLoader Core]: Profile not found.
[2026-09-01 09:49:03] [/INFO] [CustomSkinLoader Core]: 2/2 Try to load profile from 'Server17'.
[2026-09-01 09:49:03] [/DEBUG] [CustomSkinLoader Core]: Try to request 'https://star-plays-dev.github.io/Web/skins/.png'.
[2026-09-01 09:49:03] [Client thread/DEBUG] [CustomSkinLoader Core]: Loading Legacy Texture (minecraft:skins/legacy-)
[2026-09-01 09:49:03] [/INFO] [CustomSkinLoader Core]: Cached profile will be used.
[2026-09-01 09:49:03] [/WARNING] [CustomSkinLoader Core]: (Cached Profile is empty!) Expiry: 0
[2026-09-01 09:49:03] [/INFO] [CustomSkinLoader Core]: Loading 's profile.
[2026-09-01 09:49:03] [/INFO] [CustomSkinLoader Core]: 1/2 Try to load profile from 'GameProfile'.
[2026-09-01 09:49:03] [/INFO] [CustomSkinLoader Core]: Profile not found.
[2026-09-01 09:49:03] [/INFO] [CustomSkinLoader Core]: 2/2 Try to load profile from 'Server17'.
[2026-09-01 09:49:03] [/DEBUG] [CustomSkinLoader Core]: Try to request 'https://star-plays-dev.github.io/Web/skins/.png'.
[2026-09-01 09:49:03] [Client thread/DEBUG] [CustomSkinLoader Core]: Loading Legacy Texture (minecraft:skins/legacy-)
[2026-09-01 09:49:03] [/INFO] [CustomSkinLoader Core]: Cached profile will be used.
[2026-09-01 09:49:03] [/WARNING] [CustomSkinLoader Core]: (Cached Profile is empty!) Expiry: 0
[2026-09-01 09:49:03] [/INFO] [CustomSkinLoader Core]: Loading 's profile.
[2026-09-01 09:49:03] [/INFO] [CustomSkinLoader Core]: 1/2 Try to load profile from 'GameProfile'.
[2026-09-01 09:49:03] [/INFO] [CustomSkinLoader Core]: Profile not found.
[2026-09-01 09:49:03] [/INFO] [CustomSkinLoader Core]: 2/2 Try to load profile from 'Server17'.
[2026-09-01 09:49:03] [/DEBUG] [CustomSkinLoader Core]: Try to request 'https://star-plays-dev.github.io/Web/skins/.png'.
[2026-09-01 09:49:03] [Client thread/DEBUG] [CustomSkinLoader Core]: Loading Legacy Texture (minecraft:skins/legacy-)
[2026-09-01 09:49:03] [/INFO] [CustomSkinLoader Core]: Cached profile will be used.
[2026-09-01 09:49:03] [/WARNING] [CustomSkinLoader Core]: (Cached Profile is empty!) Expiry: 0
[2026-09-01 09:49:03] [/INFO] [CustomSkinLoader Core]: Loading 's profile.
[2026-09-01 09:49:03] [/INFO] [CustomSkinLoader Core]: 1/2 Try to load profile from 'GameProfile'.
[2026-09-01 09:49:03] [/INFO] [CustomSkinLoader Core]: Profile not found.
[2026-09-01 09:49:03] [/INFO] [CustomSkinLoader Core]: 2/2 Try to load profile from 'Server17'.
[2026-09-01 09:49:03] [/DEBUG] [CustomSkinLoader Core]: Try to request 'https://star-plays-dev.github.io/Web/skins/.png'.
[2026-09-01 09:49:03] [Client thread/DEBUG] [CustomSkinLoader Core]: Loading Legacy Texture (minecraft:skins/legacy-)
[2026-09-01 09:49:03] [/INFO] [CustomSkinLoader Core]: Cached profile will be used.
[2026-09-01 09:49:03] [/WARNING] [CustomSkinLoader Core]: (Cached Profile is empty!) Expiry: 0
[2026-09-01 09:49:03] [/INFO] [CustomSkinLoader Core]: Loading 's profile.
[2026-09-01 09:49:03] [/INFO] [CustomSkinLoader Core]: 1/2 Try to load profile from 'GameProfile'.
[2026-09-01 09:49:03] [/INFO] [CustomSkinLoader Core]: Profile not found.
[2026-09-01 09:49:03] [/INFO] [CustomSkinLoader Core]: 2/2 Try to load profile from 'Server17'.
[2026-09-01 09:49:03] [/DEBUG] [CustomSkinLoader Core]: Try to request 'https://star-plays-dev.github.io/Web/skins/.png'.
[2026-09-01 09:49:03] [Client thread/DEBUG] [CustomSkinLoader Core]: Loading Legacy Texture (minecraft:skins/legacy-)
[2026-09-01 09:49:03] [Client thread/DEBUG] [CustomSkinLoader Core]: Loading Legacy Texture (minecraft:skins/legacy-)
[2026-09-01 09:49:03] [Client thread/DEBUG] [CustomSkinLoader Core]: Loading Legacy Texture (minecraft:skins/legacy-)
[2026-09-01 09:49:03] [Client thread/DEBUG] [CustomSkinLoader Core]: Loading Legacy Texture (minecraft:skins/legacy-)
[2026-09-01 09:49:03] [Client thread/DEBUG] [CustomSkinLoader Core]: Loading Legacy Texture (minecraft:skins/legacy-)
[2026-09-01 09:49:03] [Client thread/DEBUG] [CustomSkinLoader Core]: Loading Legacy Texture (minecraft:skins/legacy-)
[2026-09-01 09:49:03] [Client thread/DEBUG] [CustomSkinLoader Core]: Loading Legacy Texture (minecraft:skins/legacy-)
[2026-09-01 09:49:03] [Client thread/DEBUG] [CustomSkinLoader Core]: Loading Legacy Texture (minecraft:skins/legacy-)
[2026-09-01 09:49:03] [Client thread/DEBUG] [CustomSkinLoader Core]: Loading Legacy Texture (minecraft:skins/legacy-)
[2026-09-01 09:49:03] [Client thread/DEBUG] [CustomSkinLoader Core]: Loading Legacy Texture (minecraft:skins/legacy-)
[2026-09-01 09:49:03] [Client thread/DEBUG] [CustomSkinLoader Core]: Loading Legacy Texture (minecraft:skins/legacy-)
[2026-09-01 09:49:03] [Client thread/DEBUG] [CustomSkinLoader Core]: Loading Legacy Texture (minecraft:skins/legacy-)
[2026-09-01 09:49:03] [Client thread/DEBUG] [CustomSkinLoader Core]: Loading Legacy Texture (minecraft:skins/legacy-)
[2026-09-01 09:49:03] [Client thread/DEBUG] [CustomSkinLoader Core]: Loading Legacy Texture (minecraft:skins/legacy-)
[2026-09-01 09:49:03] [Client thread/DEBUG] [CustomSkinLoader Core]: Loading Legacy Texture (minecraft:skins/legacy-)
[2026-09-01 09:49:03] [Client thread/DEBUG] [CustomSkinLoader Core]: Loading Legacy Texture (minecraft:skins/legacy-)
[2026-09-01 09:49:03] [Client thread/DEBUG] [CustomSkinLoader Core]: Loading Legacy Texture (minecraft:skins/legacy-)
[2026-09-01 09:49:03] [Client thread/DEBUG] [CustomSkinLoader Core]: Loading Legacy Texture (minecraft:skins/legacy-)
[2026-09-01 09:49:03] [Client thread/DEBUG] [CustomSkinLoader Core]: Loading Legacy Texture (minecraft:skins/legacy-)
[2026-09-01 09:49:03] [Client thread/DEBUG] [CustomSkinLoader Core]: Loading Legacy Texture (minecraft:skins/legacy-)
[2026-09-01 09:49:03] [Client thread/DEBUG] [CustomSkinLoader Core]: Loading Legacy Texture (minecraft:skins/legacy-)
[2026-09-01 09:49:03] [Client thread/DEBUG] [CustomSkinLoader Core]: Loading Legacy Texture (minecraft:skins/legacy-)
[2026-09-01 09:49:03] [Client thread/DEBUG] [CustomSkinLoader Core]: Loading Legacy Texture (minecraft:skins/legacy-)
[2026-09-01 09:49:03] [Client thread/DEBUG] [CustomSkinLoader Core]: Loading Legacy Texture (minecraft:skins/legacy-)
[2026-09-01 09:49:03] [Client thread/DEBUG] [CustomSkinLoader Core]: Loading Legacy Texture (minecraft:skins/legacy-)
[2026-09-01 09:49:03] [Client thread/DEBUG] [CustomSkinLoader Core]: Loading Legacy Texture (minecraft:skins/legacy-)
[2026-09-01 09:49:03] [Client thread/DEBUG] [CustomSkinLoader Core]: Loading Legacy Texture (minecraft:skins/legacy-)
[2026-09-01 09:49:03] [Client thread/DEBUG] [CustomSkinLoader Core]: Loading Legacy Texture (minecraft:skins/legacy-)
[2026-09-01 09:49:03] [Client thread/DEBUG] [CustomSkinLoader Core]: Loading Legacy Texture (minecraft:skins/legacy-)
[2026-09-01 09:49:03] [Client thread/DEBUG] [CustomSkinLoader Core]: Loading Legacy Texture (minecraft:skins/legacy-)
[2026-09-01 09:49:03] [Client thread/DEBUG] [CustomSkinLoader Core]: Loading Legacy Texture (minecraft:skins/legacy-)
[2026-09-01 09:49:03] [Client thread/DEBUG] [CustomSkinLoader Core]: Loading Legacy Texture (minecraft:skins/legacy-)
[2026-09-01 09:49:03] [Client thread/DEBUG] [CustomSkinLoader Core]: Loading Legacy Texture (minecraft:skins/legacy-)
[2026-09-01 09:49:03] [Client thread/DEBUG] [CustomSkinLoader Core]: Loading Legacy Texture (minecraft:skins/legacy-)
[2026-09-01 09:49:03] [Client thread/DEBUG] [CustomSkinLoader Core]: Loading Legacy Texture (minecraft:skins/legacy-)
[2026-09-01 09:49:03] [Client thread/DEBUG] [CustomSkinLoader Core]: Loading Legacy Texture (minecraft:skins/legacy-)
[2026-09-01 09:49:03] [Client thread/DEBUG] [CustomSkinLoader Core]: Loading Legacy Texture (minecraft:skins/legacy-)
[2026-09-01 09:49:03] [Client thread/DEBUG] [CustomSkinLoader Core]: Loading Legacy Texture (minecraft:skins/legacy-)
[2026-09-01 09:49:03] [Client thread/DEBUG] [CustomSkinLoader Core]: Loading Legacy Texture (minecraft:skins/legacy-)
[2026-09-01 09:49:03] [Client thread/DEBUG] [CustomSkinLoader Core]: Loading Legacy Texture (minecraft:skins/legacy-)
[2026-09-01 09:49:03] [Client thread/DEBUG] [CustomSkinLoader Core]: Loading Legacy Texture (minecraft:skins/legacy-)
[2026-09-01 09:49:03] [/DEBUG] [CustomSkinLoader Core]: Failed to request (Response Code: 404)
[2026-09-01 09:49:03] [/DEBUG] [CustomSkinLoader Core]: Try to request 'https://star-plays-dev.github.io/Web/capes/.png'.
[2026-09-01 09:49:03] [Client thread/DEBUG] [CustomSkinLoader Core]: Loading Legacy Texture (minecraft:skins/legacy-)
[2026-09-01 09:49:03] [/DEBUG] [CustomSkinLoader Core]: Failed to request (Response Code: 404)
[2026-09-01 09:49:03] [/DEBUG] [CustomSkinLoader Core]: Try to request 'https://star-plays-dev.github.io/Web/capes/.png'.
[2026-09-01 09:49:03] [Client thread/DEBUG] [CustomSkinLoader Core]: Loading Legacy Texture (minecraft:skins/legacy-)
[2026-09-01 09:49:03] [Client thread/DEBUG] [CustomSkinLoader Core]: Loading Legacy Texture (minecraft:skins/legacy-)
[2026-09-01 09:49:03] [Client thread/DEBUG] [CustomSkinLoader Core]: Loading Legacy Texture (minecraft:skins/legacy-)
[2026-09-01 09:49:03] [/DEBUG] [CustomSkinLoader Core]: Failed to request (Response Code: 404)
[2026-09-01 09:49:03] [/DEBUG] [CustomSkinLoader Core]: Failed to request (Response Code: 404)
[2026-09-01 09:49:03] [/DEBUG] [CustomSkinLoader Core]: Try to request 'https://star-plays-dev.github.io/Web/capes/.png'.
[2026-09-01 09:49:03] [/DEBUG] [CustomSkinLoader Core]: Try to request 'https://star-plays-dev.github.io/Web/capes/.png'.
[2026-09-01 09:49:03] [Client thread/DEBUG] [CustomSkinLoader Core]: Loading Legacy Texture (minecraft:skins/legacy-)
[2026-09-01 09:49:03] [Client thread/DEBUG] [CustomSkinLoader Core]: Loading Legacy Texture (minecraft:skins/legacy-)
[2026-09-01 09:49:03] [Client thread/DEBUG] [CustomSkinLoader Core]: Loading Legacy Texture (minecraft:skins/legacy-)
[2026-09-01 09:49:03] [Client thread/DEBUG] [CustomSkinLoader Core]: Loading Legacy Texture (minecraft:skins/legacy-)
[2026-09-01 09:49:03] [Client thread/DEBUG] [CustomSkinLoader Core]: Loading Legacy Texture (minecraft:skins/legacy-)
[2026-09-01 09:49:03] [/DEBUG] [CustomSkinLoader Core]: Failed to request (Response Code: 404)
[2026-09-01 09:49:03] [/DEBUG] [CustomSkinLoader Core]: Try to request 'https://star-plays-dev.github.io/Web/capes/.png'.
[2026-09-01 09:49:03] [Client thread/DEBUG] [CustomSkinLoader Core]: Loading Legacy Texture (minecraft:skins/legacy-)
[2026-09-01 09:49:03] [Client thread/DEBUG] [CustomSkinLoader Core]: Loading Legacy Texture (minecraft:skins/legacy-)
[2026-09-01 09:49:03] [Client thread/DEBUG] [CustomSkinLoader Core]: Loading Legacy Texture (minecraft:skins/legacy-)
[2026-09-01 09:49:03] [Client thread/DEBUG] [CustomSkinLoader Core]: Loading Legacy Texture (minecraft:skins/legacy-)
[2026-09-01 09:49:03] [Client thread/DEBUG] [CustomSkinLoader Core]: Loading Legacy Texture (minecraft:skins/legacy-)
[2026-09-01 09:49:03] [Client thread/DEBUG] [CustomSkinLoader Core]: Loading Legacy Texture (minecraft:skins/legacy-)
[2026-09-01 09:49:03] [/DEBUG] [CustomSkinLoader Core]: Failed to request (Response Code: 404)
[2026-09-01 09:49:03] [/DEBUG] [CustomSkinLoader Core]: Failed to request (Response Code: 404)
[2026-09-01 09:49:03] [/DEBUG] [CustomSkinLoader Core]: Try to request 'https://star-plays-dev.github.io/Web/capes/.png'.
[2026-09-01 09:49:03] [/DEBUG] [CustomSkinLoader Core]: Try to request 'https://star-plays-dev.github.io/Web/capes/.png'.
[2026-09-01 09:49:03] [Client thread/DEBUG] [CustomSkinLoader Core]: Loading Legacy Texture (minecraft:skins/legacy-)
[2026-09-01 09:49:03] [Client thread/DEBUG] [CustomSkinLoader Core]: Loading Legacy Texture (minecraft:skins/legacy-)
[2026-09-01 09:49:03] [/DEBUG] [CustomSkinLoader Core]: Failed to request (Response Code: 404)
[2026-09-01 09:49:03] [/DEBUG] [CustomSkinLoader Core]: Try to request 'https://star-plays-dev.github.io/Web/capes/.png'.
[2026-09-01 09:49:03] [Client thread/DEBUG] [CustomSkinLoader Core]: Loading Legacy Texture (minecraft:skins/legacy-)
[2026-09-01 09:49:03] [Client thread/DEBUG] [CustomSkinLoader Core]: Loading Legacy Texture (minecraft:skins/legacy-)
[2026-09-01 09:49:03] [Client thread/DEBUG] [CustomSkinLoader Core]: Loading Legacy Texture (minecraft:skins/legacy-)
[2026-09-01 09:49:03] [Client thread/DEBUG] [CustomSkinLoader Core]: Loading Legacy Texture (minecraft:skins/legacy-)
[2026-09-01 09:49:03] [Client thread/DEBUG] [CustomSkinLoader Core]: Loading Legacy Texture (minecraft:skins/legacy-)
[2026-09-01 09:49:03] [Client thread/DEBUG] [CustomSkinLoader Core]: Loading Legacy Texture (minecraft:skins/legacy-)
[2026-09-01 09:49:03] [Client thread/DEBUG] [CustomSkinLoader Core]: Loading Legacy Texture (minecraft:skins/legacy-)
[2026-09-01 09:49:03] [Client thread/DEBUG] [CustomSkinLoader Core]: Loading Legacy Texture (minecraft:skins/legacy-)
[2026-09-01 09:49:03] [Client thread/DEBUG] [CustomSkinLoader Core]: Loading Legacy Texture (minecraft:skins/legacy-)
[2026-09-01 09:49:03] [Client thread/DEBUG] [CustomSkinLoader Core]: Loading Legacy Texture (minecraft:skins/legacy-)
[2026-09-01 09:49:03] [Client thread/DEBUG] [CustomSkinLoader Core]: Loading Legacy Texture (minecraft:skins/legacy-)
[2026-09-01 09:49:03] [Client thread/DEBUG] [CustomSkinLoader Core]: Loading Legacy Texture (minecraft:skins/legacy-)
[2026-09-01 09:49:03] [Client thread/DEBUG] [CustomSkinLoader Core]: Loading Legacy Texture (minecraft:skins/legacy-)
[2026-09-01 09:49:03] [Client thread/DEBUG] [CustomSkinLoader Core]: Loading Legacy Texture (minecraft:skins/legacy-)
[2026-09-01 09:49:03] [Client thread/DEBUG] [CustomSkinLoader Core]: Loading Legacy Texture (minecraft:skins/legacy-kotiktepich)
[2026-09-01 09:49:03] [/DEBUG] [CustomSkinLoader Core]: Failed to request (Response Code: 404)
[2026-09-01 09:49:03] [/INFO] [CustomSkinLoader Core]: No texture could be found.
[2026-09-01 09:49:03] [/INFO] [CustomSkinLoader Core]: 's profile not found in load list.
[2026-09-01 09:49:03] [kotiktepich/INFO] [CustomSkinLoader Core]: Cached profile will be used.
[2026-09-01 09:49:03] [kotiktepich/INFO] [CustomSkinLoader Core]: (SkinUrl: (LEGACY)https://star-plays-dev.github.io/Web/skins/kotiktepich.png , Model: auto , CapeUrl: null  , Expiry: 1788230944)
[2026-09-01 09:49:03] [/INFO] [CustomSkinLoader Core]: Loading 's profile.
[2026-09-01 09:49:03] [/INFO] [CustomSkinLoader Core]: 1/2 Try to load profile from 'GameProfile'.
[2026-09-01 09:49:03] [/INFO] [CustomSkinLoader Core]: Profile not found.
[2026-09-01 09:49:03] [/INFO] [CustomSkinLoader Core]: 2/2 Try to load profile from 'Server17'.
[2026-09-01 09:49:03] [/DEBUG] [CustomSkinLoader Core]: Try to request 'https://star-plays-dev.github.io/Web/skins/.png'.
[2026-09-01 09:49:04] [Client thread/DEBUG] [CustomSkinLoader Core]: Legacy Texture (minecraft:skins/legacy-kotiktepich) Loaded as net.minecraft.client.renderer.ThreadDownloadImageData@393b0778 (minecraft:skins/71ffd2efd6ceab53ae7ab15d75e0f484c79be6dc)
[2026-09-01 09:49:04] [/DEBUG] [CustomSkinLoader Core]: Failed to request (Response Code: 404)
[2026-09-01 09:49:04] [/INFO] [CustomSkinLoader Core]: No texture could be found.
[2026-09-01 09:49:04] [/INFO] [CustomSkinLoader Core]: 's profile not found in load list.
[2026-09-01 09:49:04] [/INFO] [CustomSkinLoader Core]: Loading 's profile.
[2026-09-01 09:49:04] [/INFO] [CustomSkinLoader Core]: 1/2 Try to load profile from 'GameProfile'.
[2026-09-01 09:49:04] [/INFO] [CustomSkinLoader Core]: Profile not found.
[2026-09-01 09:49:04] [/INFO] [CustomSkinLoader Core]: 2/2 Try to load profile from 'Server17'.
[2026-09-01 09:49:04] [/DEBUG] [CustomSkinLoader Core]: Try to request 'https://star-plays-dev.github.io/Web/skins/.png'.
[2026-09-01 09:49:04] [/DEBUG] [CustomSkinLoader Core]: Failed to request (Response Code: 404)
[2026-09-01 09:49:04] [/INFO] [CustomSkinLoader Core]: No texture could be found.
[2026-09-01 09:49:04] [/INFO] [CustomSkinLoader Core]: 's profile not found in load list.
[2026-09-01 09:49:04] [/INFO] [CustomSkinLoader Core]: Loading 's profile.
[2026-09-01 09:49:04] [/INFO] [CustomSkinLoader Core]: 1/2 Try to load profile from 'GameProfile'.
[2026-09-01 09:49:04] [/INFO] [CustomSkinLoader Core]: Profile not found.
[2026-09-01 09:49:04] [/INFO] [CustomSkinLoader Core]: 2/2 Try to load profile from 'Server17'.
[2026-09-01 09:49:04] [/DEBUG] [CustomSkinLoader Core]: Try to request 'https://star-plays-dev.github.io/Web/skins/.png'.
[2026-09-01 09:49:04] [/DEBUG] [CustomSkinLoader Core]: Failed to request (Response Code: 404)
[2026-09-01 09:49:04] [/INFO] [CustomSkinLoader Core]: No texture could be found.
[2026-09-01 09:49:04] [/INFO] [CustomSkinLoader Core]: 's profile not found in load list.
[2026-09-01 09:49:04] [/INFO] [CustomSkinLoader Core]: Loading 's profile.
[2026-09-01 09:49:04] [/INFO] [CustomSkinLoader Core]: 1/2 Try to load profile from 'GameProfile'.
[2026-09-01 09:49:04] [/INFO] [CustomSkinLoader Core]: Profile not found.
[2026-09-01 09:49:04] [/INFO] [CustomSkinLoader Core]: 2/2 Try to load profile from 'Server17'.
[2026-09-01 09:49:04] [/DEBUG] [CustomSkinLoader Core]: Try to request 'https://star-plays-dev.github.io/Web/skins/.png'.
[2026-09-01 09:49:04] [/DEBUG] [CustomSkinLoader Core]: Failed to request (Response Code: 404)
[2026-09-01 09:49:04] [/INFO] [CustomSkinLoader Core]: No texture could be found.
[2026-09-01 09:49:04] [/INFO] [CustomSkinLoader Core]: 's profile not found in load list.
[2026-09-01 09:49:04] [/DEBUG] [CustomSkinLoader Core]: Failed to request (Response Code: 404)
[2026-09-01 09:49:04] [/INFO] [CustomSkinLoader Core]: No texture could be found.
[2026-09-01 09:49:04] [/INFO] [CustomSkinLoader Core]: 's profile not found in load list.
[2026-09-01 09:49:04] [/INFO] [CustomSkinLoader Core]: Loading 's profile.
[2026-09-01 09:49:04] [/INFO] [CustomSkinLoader Core]: 1/2 Try to load profile from 'GameProfile'.
[2026-09-01 09:49:04] [/INFO] [CustomSkinLoader Core]: Profile not found.
[2026-09-01 09:49:04] [/INFO] [CustomSkinLoader Core]: 2/2 Try to load profile from 'Server17'.
[2026-09-01 09:49:04] [/DEBUG] [CustomSkinLoader Core]: Try to request 'https://star-plays-dev.github.io/Web/skins/.png'.
[2026-09-01 09:49:04] [/INFO] [CustomSkinLoader Core]: Loading 's profile.
[2026-09-01 09:49:04] [/DEBUG] [CustomSkinLoader Core]: Failed to request (Response Code: 404)
[2026-09-01 09:49:04] [/INFO] [CustomSkinLoader Core]: No texture could be found.
[2026-09-01 09:49:04] [/INFO] [CustomSkinLoader Core]: 's profile not found in load list.
[2026-09-01 09:49:04] [/INFO] [CustomSkinLoader Core]: Loading 's profile.
[2026-09-01 09:49:04] [/INFO] [CustomSkinLoader Core]: 1/2 Try to load profile from 'GameProfile'.
[2026-09-01 09:49:04] [/DEBUG] [CustomSkinLoader Core]: Failed to request (Response Code: 404)
[2026-09-01 09:49:04] [/INFO] [CustomSkinLoader Core]: No texture could be found.
[2026-09-01 09:49:04] [/INFO] [CustomSkinLoader Core]: 's profile not found in load list.
[2026-09-01 09:49:04] [/INFO] [CustomSkinLoader Core]: Loading 's profile.
[2026-09-01 09:49:04] [/INFO] [CustomSkinLoader Core]: 1/2 Try to load profile from 'GameProfile'.
[2026-09-01 09:49:04] [/INFO] [CustomSkinLoader Core]: Profile not found.
[2026-09-01 09:49:04] [/INFO] [CustomSkinLoader Core]: 2/2 Try to load profile from 'Server17'.
[2026-09-01 09:49:04] [/DEBUG] [CustomSkinLoader Core]: Try to request 'https://star-plays-dev.github.io/Web/skins/.png'.
[2026-09-01 09:49:04] [/INFO] [CustomSkinLoader Core]: Profile not found.
[2026-09-01 09:49:04] [/INFO] [CustomSkinLoader Core]: 2/2 Try to load profile from 'Server17'.
[2026-09-01 09:49:04] [/DEBUG] [CustomSkinLoader Core]: Try to request 'https://star-plays-dev.github.io/Web/skins/.png'.
[2026-09-01 09:49:04] [/INFO] [CustomSkinLoader Core]: 1/2 Try to load profile from 'GameProfile'.
[2026-09-01 09:49:04] [/INFO] [CustomSkinLoader Core]: Profile not found.
[2026-09-01 09:49:04] [/INFO] [CustomSkinLoader Core]: 2/2 Try to load profile from 'Server17'.
[2026-09-01 09:49:04] [/DEBUG] [CustomSkinLoader Core]: Try to request 'https://star-plays-dev.github.io/Web/skins/.png'.
[2026-09-01 09:49:04] [/DEBUG] [CustomSkinLoader Core]: Failed to request (Response Code: 404)
[2026-09-01 09:49:04] [/DEBUG] [CustomSkinLoader Core]: Try to request 'https://star-plays-dev.github.io/Web/capes/.png'.
[2026-09-01 09:49:04] [/DEBUG] [CustomSkinLoader Core]: Failed to request (Response Code: 404)
[2026-09-01 09:49:04] [/DEBUG] [CustomSkinLoader Core]: Try to request 'https://star-plays-dev.github.io/Web/capes/.png'.
[2026-09-01 09:49:04] [/DEBUG] [CustomSkinLoader Core]: Failed to request (Response Code: 404)
[2026-09-01 09:49:04] [/DEBUG] [CustomSkinLoader Core]: Try to request 'https://star-plays-dev.github.io/Web/capes/.png'.
[2026-09-01 09:49:04] [/DEBUG] [CustomSkinLoader Core]: Failed to request (Response Code: 404)
[2026-09-01 09:49:04] [/DEBUG] [CustomSkinLoader Core]: Try to request 'https://star-plays-dev.github.io/Web/capes/.png'.
[2026-09-01 09:49:04] [/DEBUG] [CustomSkinLoader Core]: Failed to request (Response Code: 404)
[2026-09-01 09:49:04] [/DEBUG] [CustomSkinLoader Core]: Try to request 'https://star-plays-dev.github.io/Web/capes/.png'.
[2026-09-01 09:49:04] [/DEBUG] [CustomSkinLoader Core]: Failed to request (Response Code: 404)
[2026-09-01 09:49:04] [/DEBUG] [CustomSkinLoader Core]: Try to request 'https://star-plays-dev.github.io/Web/capes/.png'.
[2026-09-01 09:49:04] [/DEBUG] [CustomSkinLoader Core]: Failed to request (Response Code: 404)
[2026-09-01 09:49:04] [/DEBUG] [CustomSkinLoader Core]: Try to request 'https://star-plays-dev.github.io/Web/capes/.png'.
[2026-09-01 09:49:04] [/DEBUG] [CustomSkinLoader Core]: Failed to request (Response Code: 404)
[2026-09-01 09:49:04] [/DEBUG] [CustomSkinLoader Core]: Try to request 'https://star-plays-dev.github.io/Web/capes/.png'.
[2026-09-01 09:49:05] [/DEBUG] [CustomSkinLoader Core]: Failed to request (Response Code: 404)
[2026-09-01 09:49:05] [/INFO] [CustomSkinLoader Core]: No texture could be found.
[2026-09-01 09:49:05] [/INFO] [CustomSkinLoader Core]: 's profile not found in load list.
[2026-09-01 09:49:05] [/INFO] [CustomSkinLoader Core]: Loading 's profile.
[2026-09-01 09:49:05] [/INFO] [CustomSkinLoader Core]: 1/2 Try to load profile from 'GameProfile'.
[2026-09-01 09:49:05] [/INFO] [CustomSkinLoader Core]: Profile not found.
[2026-09-01 09:49:05] [/INFO] [CustomSkinLoader Core]: 2/2 Try to load profile from 'Server17'.
[2026-09-01 09:49:05] [/DEBUG] [CustomSkinLoader Core]: Try to request 'https://star-plays-dev.github.io/Web/skins/.png'.
[2026-09-01 09:49:05] [/DEBUG] [CustomSkinLoader Core]: Failed to request (Response Code: 404)
[2026-09-01 09:49:05] [/INFO] [CustomSkinLoader Core]: No texture could be found.
[2026-09-01 09:49:05] [/INFO] [CustomSkinLoader Core]: 's profile not found in load list.
[2026-09-01 09:49:05] [/DEBUG] [CustomSkinLoader Core]: Failed to request (Response Code: 404)
[2026-09-01 09:49:05] [/INFO] [CustomSkinLoader Core]: No texture could be found.
[2026-09-01 09:49:05] [/INFO] [CustomSkinLoader Core]: 's profile not found in load list.
[2026-09-01 09:49:05] [/INFO] [CustomSkinLoader Core]: Loading 's profile.
[2026-09-01 09:49:05] [/INFO] [CustomSkinLoader Core]: 1/2 Try to load profile from 'GameProfile'.
[2026-09-01 09:49:05] [/INFO] [CustomSkinLoader Core]: Cached profile will be used.
[2026-09-01 09:49:05] [/INFO] [CustomSkinLoader Core]: Profile not found.
[2026-09-01 09:49:05] [/WARNING] [CustomSkinLoader Core]: (Cached Profile is empty!) Expiry: 0
[2026-09-01 09:49:05] [/INFO] [CustomSkinLoader Core]: 2/2 Try to load profile from 'Server17'.
[2026-09-01 09:49:05] [/INFO] [CustomSkinLoader Core]: Loading 's profile.
[2026-09-01 09:49:05] [/INFO] [CustomSkinLoader Core]: 1/2 Try to load profile from 'GameProfile'.
[2026-09-01 09:49:05] [/DEBUG] [CustomSkinLoader Core]: Try to request 'https://star-plays-dev.github.io/Web/skins/.png'.
[2026-09-01 09:49:05] [/INFO] [CustomSkinLoader Core]: Profile not found.
[2026-09-01 09:49:05] [/INFO] [CustomSkinLoader Core]: 2/2 Try to load profile from 'Server17'.
[2026-09-01 09:49:05] [/DEBUG] [CustomSkinLoader Core]: Try to request 'https://star-plays-dev.github.io/Web/skins/.png'.
[2026-09-01 09:49:05] [/DEBUG] [CustomSkinLoader Core]: Failed to request (Response Code: 404)
[2026-09-01 09:49:05] [/INFO] [CustomSkinLoader Core]: No texture could be found.
[2026-09-01 09:49:05] [/INFO] [CustomSkinLoader Core]: 's profile not found in load list.
[2026-09-01 09:49:05] [/INFO] [CustomSkinLoader Core]: Loading 's profile.
[2026-09-01 09:49:05] [/INFO] [CustomSkinLoader Core]: 1/2 Try to load profile from 'GameProfile'.
[2026-09-01 09:49:05] [/INFO] [CustomSkinLoader Core]: Profile not found.
[2026-09-01 09:49:05] [/INFO] [CustomSkinLoader Core]: 2/2 Try to load profile from 'Server17'.
[2026-09-01 09:49:05] [/DEBUG] [CustomSkinLoader Core]: Try to request 'https://star-plays-dev.github.io/Web/skins/.png'.
[2026-09-01 09:49:05] [/DEBUG] [CustomSkinLoader Core]: Failed to request (Response Code: 404)
[2026-09-01 09:49:05] [/INFO] [CustomSkinLoader Core]: No texture could be found.
[2026-09-01 09:49:05] [/INFO] [CustomSkinLoader Core]: 's profile not found in load list.
[2026-09-01 09:49:05] [/INFO] [CustomSkinLoader Core]: Loading 's profile.
[2026-09-01 09:49:05] [/INFO] [CustomSkinLoader Core]: 1/2 Try to load profile from 'GameProfile'.
[2026-09-01 09:49:05] [/INFO] [CustomSkinLoader Core]: Profile not found.
[2026-09-01 09:49:05] [/INFO] [CustomSkinLoader Core]: 2/2 Try to load profile from 'Server17'.
[2026-09-01 09:49:05] [/DEBUG] [CustomSkinLoader Core]: Try to request 'https://star-plays-dev.github.io/Web/skins/.png'.
[2026-09-01 09:49:05] [/DEBUG] [CustomSkinLoader Core]: Failed to request (Response Code: 404)
[2026-09-01 09:49:05] [/INFO] [CustomSkinLoader Core]: No texture could be found.
[2026-09-01 09:49:05] [/INFO] [CustomSkinLoader Core]: 's profile not found in load list.
[2026-09-01 09:49:05] [/INFO] [CustomSkinLoader Core]: Loading 's profile.
[2026-09-01 09:49:05] [/INFO] [CustomSkinLoader Core]: 1/2 Try to load profile from 'GameProfile'.
[2026-09-01 09:49:05] [/INFO] [CustomSkinLoader Core]: Profile not found.
[2026-09-01 09:49:05] [/INFO] [CustomSkinLoader Core]: 2/2 Try to load profile from 'Server17'.
[2026-09-01 09:49:05] [/DEBUG] [CustomSkinLoader Core]: Try to request 'https://star-plays-dev.github.io/Web/skins/.png'.
[2026-09-01 09:49:05] [/DEBUG] [CustomSkinLoader Core]: Failed to request (Response Code: 404)
[2026-09-01 09:49:05] [/INFO] [CustomSkinLoader Core]: No texture could be found.
[2026-09-01 09:49:05] [/INFO] [CustomSkinLoader Core]: 's profile not found in load list.
[2026-09-01 09:49:05] [/INFO] [CustomSkinLoader Core]: Loading 's profile.
[2026-09-01 09:49:05] [/INFO] [CustomSkinLoader Core]: 1/2 Try to load profile from 'GameProfile'.
[2026-09-01 09:49:05] [/INFO] [CustomSkinLoader Core]: Profile not found.
[2026-09-01 09:49:05] [/INFO] [CustomSkinLoader Core]: 2/2 Try to load profile from 'Server17'.
[2026-09-01 09:49:05] [/DEBUG] [CustomSkinLoader Core]: Try to request 'https://star-plays-dev.github.io/Web/skins/.png'.
[2026-09-01 09:49:05] [/DEBUG] [CustomSkinLoader Core]: Failed to request (Response Code: 404)
[2026-09-01 09:49:05] [/INFO] [CustomSkinLoader Core]: No texture could be found.
[2026-09-01 09:49:05] [/INFO] [CustomSkinLoader Core]: 's profile not found in load list.
[2026-09-01 09:49:05] [/INFO] [CustomSkinLoader Core]: Loading 's profile.
[2026-09-01 09:49:05] [/INFO] [CustomSkinLoader Core]: 1/2 Try to load profile from 'GameProfile'.
[2026-09-01 09:49:05] [/INFO] [CustomSkinLoader Core]: Profile not found.
[2026-09-01 09:49:05] [/INFO] [CustomSkinLoader Core]: 2/2 Try to load profile from 'Server17'.
[2026-09-01 09:49:05] [/DEBUG] [CustomSkinLoader Core]: Try to request 'https://star-plays-dev.github.io/Web/skins/.png'.
[2026-09-01 09:49:05] [/DEBUG] [CustomSkinLoader Core]: Failed to request (Response Code: 404)
[2026-09-01 09:49:05] [/DEBUG] [CustomSkinLoader Core]: Try to request 'https://star-plays-dev.github.io/Web/capes/.png'.
[2026-09-01 09:49:05] [/DEBUG] [CustomSkinLoader Core]: Failed to request (Response Code: 404)
[2026-09-01 09:49:05] [/DEBUG] [CustomSkinLoader Core]: Try to request 'https://star-plays-dev.github.io/Web/capes/.png'.
[2026-09-01 09:49:05] [/DEBUG] [CustomSkinLoader Core]: Failed to request (Response Code: 404)
[2026-09-01 09:49:05] [/DEBUG] [CustomSkinLoader Core]: Try to request 'https://star-plays-dev.github.io/Web/capes/.png'.
[2026-09-01 09:49:05] [/DEBUG] [CustomSkinLoader Core]: Failed to request (Response Code: 404)
[2026-09-01 09:49:05] [/DEBUG] [CustomSkinLoader Core]: Try to request 'https://star-plays-dev.github.io/Web/capes/.png'.
[2026-09-01 09:49:05] [/DEBUG] [CustomSkinLoader Core]: Failed to request (Response Code: 404)
[2026-09-01 09:49:05] [/DEBUG] [CustomSkinLoader Core]: Try to request 'https://star-plays-dev.github.io/Web/capes/.png'.
[2026-09-01 09:49:05] [/DEBUG] [CustomSkinLoader Core]: Failed to request (Response Code: 404)
[2026-09-01 09:49:05] [/DEBUG] [CustomSkinLoader Core]: Try to request 'https://star-plays-dev.github.io/Web/capes/.png'.
[2026-09-01 09:49:05] [/DEBUG] [CustomSkinLoader Core]: Failed to request (Response Code: 404)
[2026-09-01 09:49:05] [/DEBUG] [CustomSkinLoader Core]: Try to request 'https://star-plays-dev.github.io/Web/capes/.png'.
[2026-09-01 09:49:05] [/DEBUG] [CustomSkinLoader Core]: Failed to request (Response Code: 404)
[2026-09-01 09:49:05] [/DEBUG] [CustomSkinLoader Core]: Try to request 'https://star-plays-dev.github.io/Web/capes/.png'.
[2026-09-01 09:49:05] [/DEBUG] [CustomSkinLoader Core]: Failed to request (Response Code: 404)
[2026-09-01 09:49:05] [/INFO] [CustomSkinLoader Core]: No texture could be found.
[2026-09-01 09:49:05] [/INFO] [CustomSkinLoader Core]: 's profile not found in load list.
[2026-09-01 09:49:05] [/INFO] [CustomSkinLoader Core]: Loading 's profile.
[2026-09-01 09:49:05] [/INFO] [CustomSkinLoader Core]: 1/2 Try to load profile from 'GameProfile'.
[2026-09-01 09:49:05] [/INFO] [CustomSkinLoader Core]: Profile not found.
[2026-09-01 09:49:05] [/INFO] [CustomSkinLoader Core]: 2/2 Try to load profile from 'Server17'.
[2026-09-01 09:49:05] [/DEBUG] [CustomSkinLoader Core]: Try to request 'https://star-plays-dev.github.io/Web/skins/.png'.
[2026-09-01 09:49:05] [/DEBUG] [CustomSkinLoader Core]: Failed to request (Response Code: 404)
[2026-09-01 09:49:05] [/INFO] [CustomSkinLoader Core]: No texture could be found.
[2026-09-01 09:49:05] [/INFO] [CustomSkinLoader Core]: 's profile not found in load list.
[2026-09-01 09:49:05] [/INFO] [CustomSkinLoader Core]: Loading 's profile.
[2026-09-01 09:49:05] [/INFO] [CustomSkinLoader Core]: 1/2 Try to load profile from 'GameProfile'.
[2026-09-01 09:49:05] [/INFO] [CustomSkinLoader Core]: Profile not found.
[2026-09-01 09:49:05] [/INFO] [CustomSkinLoader Core]: 2/2 Try to load profile from 'Server17'.
[2026-09-01 09:49:05] [/DEBUG] [CustomSkinLoader Core]: Try to request 'https://star-plays-dev.github.io/Web/skins/.png'.
[2026-09-01 09:49:05] [/DEBUG] [CustomSkinLoader Core]: Failed to request (Response Code: 404)
[2026-09-01 09:49:05] [/INFO] [CustomSkinLoader Core]: No texture could be found.
[2026-09-01 09:49:05] [/INFO] [CustomSkinLoader Core]: 's profile not found in load list.
[2026-09-01 09:49:05] [/INFO] [CustomSkinLoader Core]: Loading 's profile.
[2026-09-01 09:49:05] [/INFO] [CustomSkinLoader Core]: 1/2 Try to load profile from 'GameProfile'.
[2026-09-01 09:49:05] [/INFO] [CustomSkinLoader Core]: Profile not found.
[2026-09-01 09:49:05] [/INFO] [CustomSkinLoader Core]: 2/2 Try to load profile from 'Server17'.
[2026-09-01 09:49:05] [/DEBUG] [CustomSkinLoader Core]: Try to request 'https://star-plays-dev.github.io/Web/skins/.png'.
[2026-09-01 09:49:05] [/DEBUG] [CustomSkinLoader Core]: Failed to request (Response Code: 404)
[2026-09-01 09:49:05] [/INFO] [CustomSkinLoader Core]: No texture could be found.
[2026-09-01 09:49:05] [/INFO] [CustomSkinLoader Core]: 's profile not found in load list.
[2026-09-01 09:49:05] [/INFO] [CustomSkinLoader Core]: Loading 's profile.
[2026-09-01 09:49:05] [/INFO] [CustomSkinLoader Core]: 1/2 Try to load profile from 'GameProfile'.
[2026-09-01 09:49:05] [/INFO] [CustomSkinLoader Core]: Profile not found.
[2026-09-01 09:49:05] [/INFO] [CustomSkinLoader Core]: 2/2 Try to load profile from 'Server17'.
[2026-09-01 09:49:05] [/DEBUG] [CustomSkinLoader Core]: Try to request 'https://star-plays-dev.github.io/Web/skins/.png'.
[2026-09-01 09:49:05] [/DEBUG] [CustomSkinLoader Core]: Failed to request (Response Code: 404)
[2026-09-01 09:49:05] [/INFO] [CustomSkinLoader Core]: No texture could be found.
[2026-09-01 09:49:05] [/INFO] [CustomSkinLoader Core]: 's profile not found in load list.
[2026-09-01 09:49:05] [/INFO] [CustomSkinLoader Core]: Loading 's profile.
[2026-09-01 09:49:05] [/INFO] [CustomSkinLoader Core]: 1/2 Try to load profile from 'GameProfile'.
[2026-09-01 09:49:05] [/INFO] [CustomSkinLoader Core]: Profile not found.
[2026-09-01 09:49:05] [/INFO] [CustomSkinLoader Core]: 2/2 Try to load profile from 'Server17'.
[2026-09-01 09:49:05] [/DEBUG] [CustomSkinLoader Core]: Try to request 'https://star-plays-dev.github.io/Web/skins/.png'.
[2026-09-01 09:49:05] [/DEBUG] [CustomSkinLoader Core]: Failed to request (Response Code: 404)
[2026-09-01 09:49:05] [/DEBUG] [CustomSkinLoader Core]: Failed to request (Response Code: 404)
[2026-09-01 09:49:05] [/INFO] [CustomSkinLoader Core]: No texture could be found.
[2026-09-01 09:49:05] [/INFO] [CustomSkinLoader Core]: No texture could be found.
[2026-09-01 09:49:05] [/INFO] [CustomSkinLoader Core]: 's profile not found in load list.
[2026-09-01 09:49:05] [/INFO] [CustomSkinLoader Core]: 's profile not found in load list.
[2026-09-01 09:49:05] [/INFO] [CustomSkinLoader Core]: Loading 's profile.
[2026-09-01 09:49:05] [/INFO] [CustomSkinLoader Core]: Loading 's profile.
[2026-09-01 09:49:05] [/INFO] [CustomSkinLoader Core]: 1/2 Try to load profile from 'GameProfile'.
[2026-09-01 09:49:05] [/INFO] [CustomSkinLoader Core]: 1/2 Try to load profile from 'GameProfile'.
[2026-09-01 09:49:05] [/INFO] [CustomSkinLoader Core]: Profile not found.
[2026-09-01 09:49:05] [/INFO] [CustomSkinLoader Core]: Profile not found.
[2026-09-01 09:49:05] [/INFO] [CustomSkinLoader Core]: 2/2 Try to load profile from 'Server17'.
[2026-09-01 09:49:05] [/INFO] [CustomSkinLoader Core]: 2/2 Try to load profile from 'Server17'.
[2026-09-01 09:49:05] [/DEBUG] [CustomSkinLoader Core]: Try to request 'https://star-plays-dev.github.io/Web/skins/.png'.
[2026-09-01 09:49:05] [/DEBUG] [CustomSkinLoader Core]: Try to request 'https://star-plays-dev.github.io/Web/skins/.png'.
[2026-09-01 09:49:05] [/DEBUG] [CustomSkinLoader Core]: Failed to request (Response Code: 404)
[2026-09-01 09:49:05] [/INFO] [CustomSkinLoader Core]: No texture could be found.
[2026-09-01 09:49:05] [/INFO] [CustomSkinLoader Core]: 's profile not found in load list.
[2026-09-01 09:49:05] [/INFO] [CustomSkinLoader Core]: Loading 's profile.
[2026-09-01 09:49:05] [/INFO] [CustomSkinLoader Core]: 1/2 Try to load profile from 'GameProfile'.
[2026-09-01 09:49:05] [/INFO] [CustomSkinLoader Core]: Profile not found.
[2026-09-01 09:49:05] [/INFO] [CustomSkinLoader Core]: 2/2 Try to load profile from 'Server17'.
[2026-09-01 09:49:05] [/DEBUG] [CustomSkinLoader Core]: Try to request 'https://star-plays-dev.github.io/Web/skins/.png'.
[2026-09-01 09:49:06] [/DEBUG] [CustomSkinLoader Core]: Failed to request (Response Code: 404)
[2026-09-01 09:49:06] [/DEBUG] [CustomSkinLoader Core]: Try to request 'https://star-plays-dev.github.io/Web/capes/.png'.
[2026-09-01 09:49:06] [/DEBUG] [CustomSkinLoader Core]: Failed to request (Response Code: 404)
[2026-09-01 09:49:06] [/DEBUG] [CustomSkinLoader Core]: Try to request 'https://star-plays-dev.github.io/Web/capes/.png'.
[2026-09-01 09:49:06] [/DEBUG] [CustomSkinLoader Core]: Failed to request (Response Code: 404)
[2026-09-01 09:49:06] [/DEBUG] [CustomSkinLoader Core]: Try to request 'https://star-plays-dev.github.io/Web/capes/.png'.
[2026-09-01 09:49:06] [/DEBUG] [CustomSkinLoader Core]: Failed to request (Response Code: 404)
[2026-09-01 09:49:06] [/DEBUG] [CustomSkinLoader Core]: Try to request 'https://star-plays-dev.github.io/Web/capes/.png'.
[2026-09-01 09:49:06] [/DEBUG] [CustomSkinLoader Core]: Failed to request (Response Code: 404)
[2026-09-01 09:49:06] [/DEBUG] [CustomSkinLoader Core]: Try to request 'https://star-plays-dev.github.io/Web/capes/.png'.
[2026-09-01 09:49:06] [/DEBUG] [CustomSkinLoader Core]: Failed to request (Response Code: 404)
[2026-09-01 09:49:06] [/DEBUG] [CustomSkinLoader Core]: Try to request 'https://star-plays-dev.github.io/Web/capes/.png'.
[2026-09-01 09:49:06] [/DEBUG] [CustomSkinLoader Core]: Failed to request (Response Code: 404)
[2026-09-01 09:49:06] [/DEBUG] [CustomSkinLoader Core]: Try to request 'https://star-plays-dev.github.io/Web/capes/.png'.
[2026-09-01 09:49:06] [/DEBUG] [CustomSkinLoader Core]: Failed to request (Response Code: 404)
[2026-09-01 09:49:06] [/DEBUG] [CustomSkinLoader Core]: Try to request 'https://star-plays-dev.github.io/Web/capes/.png'.
[2026-09-01 09:49:06] [/DEBUG] [CustomSkinLoader Core]: Failed to request (Response Code: 404)
[2026-09-01 09:49:06] [/INFO] [CustomSkinLoader Core]: No texture could be found.
[2026-09-01 09:49:06] [/INFO] [CustomSkinLoader Core]: 's profile not found in load list.
[2026-09-01 09:49:06] [/INFO] [CustomSkinLoader Core]: Loading 's profile.
[2026-09-01 09:49:06] [/INFO] [CustomSkinLoader Core]: 1/2 Try to load profile from 'GameProfile'.
[2026-09-01 09:49:06] [/INFO] [CustomSkinLoader Core]: Profile not found.
[2026-09-01 09:49:06] [/INFO] [CustomSkinLoader Core]: 2/2 Try to load profile from 'Server17'.
[2026-09-01 09:49:06] [/DEBUG] [CustomSkinLoader Core]: Try to request 'https://star-plays-dev.github.io/Web/skins/.png'.
[2026-09-01 09:49:06] [/DEBUG] [CustomSkinLoader Core]: Failed to request (Response Code: 404)
[2026-09-01 09:49:06] [/INFO] [CustomSkinLoader Core]: No texture could be found.
[2026-09-01 09:49:06] [/INFO] [CustomSkinLoader Core]: 's profile not found in load list.
[2026-09-01 09:49:06] [/INFO] [CustomSkinLoader Core]: Loading 's profile.
[2026-09-01 09:49:06] [/INFO] [CustomSkinLoader Core]: 1/2 Try to load profile from 'GameProfile'.
[2026-09-01 09:49:06] [/INFO] [CustomSkinLoader Core]: Profile not found.
[2026-09-01 09:49:06] [/INFO] [CustomSkinLoader Core]: 2/2 Try to load profile from 'Server17'.
[2026-09-01 09:49:06] [/DEBUG] [CustomSkinLoader Core]: Try to request 'https://star-plays-dev.github.io/Web/skins/.png'.
[2026-09-01 09:49:06] [/DEBUG] [CustomSkinLoader Core]: Failed to request (Response Code: 404)
[2026-09-01 09:49:06] [/INFO] [CustomSkinLoader Core]: No texture could be found.
[2026-09-01 09:49:06] [/INFO] [CustomSkinLoader Core]: 's profile not found in load list.
[2026-09-01 09:49:06] [/INFO] [CustomSkinLoader Core]: Loading 's profile.
[2026-09-01 09:49:06] [/INFO] [CustomSkinLoader Core]: 1/2 Try to load profile from 'GameProfile'.
[2026-09-01 09:49:06] [/INFO] [CustomSkinLoader Core]: Profile not found.
[2026-09-01 09:49:06] [/INFO] [CustomSkinLoader Core]: 2/2 Try to load profile from 'Server17'.
[2026-09-01 09:49:06] [/DEBUG] [CustomSkinLoader Core]: Try to request 'https://star-plays-dev.github.io/Web/skins/.png'.
[2026-09-01 09:49:06] [/DEBUG] [CustomSkinLoader Core]: Failed to request (Response Code: 404)
[2026-09-01 09:49:06] [/INFO] [CustomSkinLoader Core]: No texture could be found.
[2026-09-01 09:49:06] [/INFO] [CustomSkinLoader Core]: 's profile not found in load list.
[2026-09-01 09:49:06] [/INFO] [CustomSkinLoader Core]: Loading 's profile.
[2026-09-01 09:49:06] [/INFO] [CustomSkinLoader Core]: 1/2 Try to load profile from 'GameProfile'.
[2026-09-01 09:49:06] [/INFO] [CustomSkinLoader Core]: Profile not found.
[2026-09-01 09:49:06] [/INFO] [CustomSkinLoader Core]: 2/2 Try to load profile from 'Server17'.
[2026-09-01 09:49:06] [/DEBUG] [CustomSkinLoader Core]: Try to request 'https://star-plays-dev.github.io/Web/skins/.png'.
[2026-09-01 09:49:06] [/DEBUG] [CustomSkinLoader Core]: Failed to request (Response Code: 404)
[2026-09-01 09:49:06] [/INFO] [CustomSkinLoader Core]: No texture could be found.
[2026-09-01 09:49:06] [/INFO] [CustomSkinLoader Core]: 's profile not found in load list.
[2026-09-01 09:49:06] [/INFO] [CustomSkinLoader Core]: Loading 's profile.
[2026-09-01 09:49:06] [/INFO] [CustomSkinLoader Core]: 1/2 Try to load profile from 'GameProfile'.
[2026-09-01 09:49:06] [/INFO] [CustomSkinLoader Core]: Profile not found.
[2026-09-01 09:49:06] [/INFO] [CustomSkinLoader Core]: 2/2 Try to load profile from 'Server17'.
[2026-09-01 09:49:06] [/DEBUG] [CustomSkinLoader Core]: Try to request 'https://star-plays-dev.github.io/Web/skins/.png'.
[2026-09-01 09:49:06] [/DEBUG] [CustomSkinLoader Core]: Failed to request (Response Code: 404)
[2026-09-01 09:49:06] [/INFO] [CustomSkinLoader Core]: No texture could be found.
[2026-09-01 09:49:06] [/INFO] [CustomSkinLoader Core]: 's profile not found in load list.
[2026-09-01 09:49:06] [/INFO] [CustomSkinLoader Core]: Loading 's profile.
[2026-09-01 09:49:06] [/INFO] [CustomSkinLoader Core]: 1/2 Try to load profile from 'GameProfile'.
[2026-09-01 09:49:06] [/INFO] [CustomSkinLoader Core]: Profile not found.
[2026-09-01 09:49:06] [/INFO] [CustomSkinLoader Core]: 2/2 Try to load profile from 'Server17'.
[2026-09-01 09:49:06] [/DEBUG] [CustomSkinLoader Core]: Try to request 'https://star-plays-dev.github.io/Web/skins/.png'.
[2026-09-01 09:49:06] [/DEBUG] [CustomSkinLoader Core]: Failed to request (Response Code: 404)
[2026-09-01 09:49:06] [/INFO] [CustomSkinLoader Core]: No texture could be found.
[2026-09-01 09:49:06] [/INFO] [CustomSkinLoader Core]: 's profile not found in load list.
[2026-09-01 09:49:06] [/INFO] [CustomSkinLoader Core]: Loading 's profile.
[2026-09-01 09:49:06] [/INFO] [CustomSkinLoader Core]: 1/2 Try to load profile from 'GameProfile'.
[2026-09-01 09:49:06] [/INFO] [CustomSkinLoader Core]: Profile not found.
[2026-09-01 09:49:06] [/INFO] [CustomSkinLoader Core]: 2/2 Try to load profile from 'Server17'.
[2026-09-01 09:49:06] [/DEBUG] [CustomSkinLoader Core]: Try to request 'https://star-plays-dev.github.io/Web/skins/.png'.
[2026-09-01 09:49:06] [/DEBUG] [CustomSkinLoader Core]: Failed to request (Response Code: 404)
[2026-09-01 09:49:06] [/INFO] [CustomSkinLoader Core]: No texture could be found.
[2026-09-01 09:49:06] [/INFO] [CustomSkinLoader Core]: 's profile not found in load list.
[2026-09-01 09:49:06] [/INFO] [CustomSkinLoader Core]: Loading 's profile.
[2026-09-01 09:49:06] [/INFO] [CustomSkinLoader Core]: 1/2 Try to load profile from 'GameProfile'.
[2026-09-01 09:49:06] [/INFO] [CustomSkinLoader Core]: Profile not found.
[2026-09-01 09:49:06] [/INFO] [CustomSkinLoader Core]: 2/2 Try to load profile from 'Server17'.
[2026-09-01 09:49:06] [/DEBUG] [CustomSkinLoader Core]: Try to request 'https://star-plays-dev.github.io/Web/skins/.png'.
[2026-09-01 09:49:06] [/DEBUG] [CustomSkinLoader Core]: Failed to request (Response Code: 404)
[2026-09-01 09:49:06] [/DEBUG] [CustomSkinLoader Core]: Try to request 'https://star-plays-dev.github.io/Web/capes/.png'.
[2026-09-01 09:49:06] [/DEBUG] [CustomSkinLoader Core]: Failed to request (Response Code: 404)
[2026-09-01 09:49:06] [/DEBUG] [CustomSkinLoader Core]: Failed to request (Response Code: 404)
[2026-09-01 09:49:06] [/DEBUG] [CustomSkinLoader Core]: Try to request 'https://star-plays-dev.github.io/Web/capes/.png'.
[2026-09-01 09:49:06] [/DEBUG] [CustomSkinLoader Core]: Try to request 'https://star-plays-dev.github.io/Web/capes/.png'.
[2026-09-01 09:49:06] [/DEBUG] [CustomSkinLoader Core]: Failed to request (Response Code: 404)
[2026-09-01 09:49:06] [/DEBUG] [CustomSkinLoader Core]: Try to request 'https://star-plays-dev.github.io/Web/capes/.png'.
[2026-09-01 09:49:06] [/DEBUG] [CustomSkinLoader Core]: Failed to request (Response Code: 404)
[2026-09-01 09:49:06] [/DEBUG] [CustomSkinLoader Core]: Failed to request (Response Code: 404)
[2026-09-01 09:49:06] [/DEBUG] [CustomSkinLoader Core]: Try to request 'https://star-plays-dev.github.io/Web/capes/.png'.
[2026-09-01 09:49:06] [/DEBUG] [CustomSkinLoader Core]: Try to request 'https://star-plays-dev.github.io/Web/capes/.png'.
[2026-09-01 09:49:06] [/DEBUG] [CustomSkinLoader Core]: Failed to request (Response Code: 404)
[2026-09-01 09:49:06] [/DEBUG] [CustomSkinLoader Core]: Try to request 'https://star-plays-dev.github.io/Web/capes/.png'.
[2026-09-01 09:49:07] [/DEBUG] [CustomSkinLoader Core]: Failed to request (Response Code: 404)
[2026-09-01 09:49:07] [/DEBUG] [CustomSkinLoader Core]: Try to request 'https://star-plays-dev.github.io/Web/capes/.png'.
[2026-09-01 09:49:07] [/DEBUG] [CustomSkinLoader Core]: Failed to request (Response Code: 404)
[2026-09-01 09:49:07] [/INFO] [CustomSkinLoader Core]: No texture could be found.
[2026-09-01 09:49:07] [/INFO] [CustomSkinLoader Core]: 's profile not found in load list.
[2026-09-01 09:49:07] [/INFO] [CustomSkinLoader Core]: Loading 's profile.
[2026-09-01 09:49:07] [/INFO] [CustomSkinLoader Core]: 1/2 Try to load profile from 'GameProfile'.
[2026-09-01 09:49:07] [/INFO] [CustomSkinLoader Core]: Profile not found.
[2026-09-01 09:49:07] [/INFO] [CustomSkinLoader Core]: 2/2 Try to load profile from 'Server17'.
[2026-09-01 09:49:07] [/DEBUG] [CustomSkinLoader Core]: Try to request 'https://star-plays-dev.github.io/Web/skins/.png'.
[2026-09-01 09:49:07] [/DEBUG] [CustomSkinLoader Core]: Failed to request (Response Code: 404)
[2026-09-01 09:49:07] [/INFO] [CustomSkinLoader Core]: No texture could be found.
[2026-09-01 09:49:07] [/INFO] [CustomSkinLoader Core]: 's profile not found in load list.
[2026-09-01 09:49:07] [/INFO] [CustomSkinLoader Core]: Loading 's profile.
[2026-09-01 09:49:07] [/INFO] [CustomSkinLoader Core]: 1/2 Try to load profile from 'GameProfile'.
[2026-09-01 09:49:07] [/INFO] [CustomSkinLoader Core]: Profile not found.
[2026-09-01 09:49:07] [/INFO] [CustomSkinLoader Core]: 2/2 Try to load profile from 'Server17'.
[2026-09-01 09:49:07] [/DEBUG] [CustomSkinLoader Core]: Try to request 'https://star-plays-dev.github.io/Web/skins/.png'.
[2026-09-01 09:49:07] [/DEBUG] [CustomSkinLoader Core]: Failed to request (Response Code: 404)
[2026-09-01 09:49:07] [/INFO] [CustomSkinLoader Core]: No texture could be found.
[2026-09-01 09:49:07] [/INFO] [CustomSkinLoader Core]: 's profile not found in load list.
[2026-09-01 09:49:07] [/INFO] [CustomSkinLoader Core]: Loading 's profile.
[2026-09-01 09:49:07] [/INFO] [CustomSkinLoader Core]: 1/2 Try to load profile from 'GameProfile'.
[2026-09-01 09:49:07] [/INFO] [CustomSkinLoader Core]: Profile not found.
[2026-09-01 09:49:07] [/INFO] [CustomSkinLoader Core]: 2/2 Try to load profile from 'Server17'.
[2026-09-01 09:49:07] [/DEBUG] [CustomSkinLoader Core]: Try to request 'https://star-plays-dev.github.io/Web/skins/.png'.
[2026-09-01 09:49:07] [/DEBUG] [CustomSkinLoader Core]: Failed to request (Response Code: 404)
[2026-09-01 09:49:07] [/INFO] [CustomSkinLoader Core]: No texture could be found.
[2026-09-01 09:49:07] [/INFO] [CustomSkinLoader Core]: 's profile not found in load list.
[2026-09-01 09:49:07] [/INFO] [CustomSkinLoader Core]: Loading 's profile.
[2026-09-01 09:49:07] [/INFO] [CustomSkinLoader Core]: 1/2 Try to load profile from 'GameProfile'.
[2026-09-01 09:49:07] [/INFO] [CustomSkinLoader Core]: Profile not found.
[2026-09-01 09:49:07] [/INFO] [CustomSkinLoader Core]: 2/2 Try to load profile from 'Server17'.
[2026-09-01 09:49:07] [/DEBUG] [CustomSkinLoader Core]: Try to request 'https://star-plays-dev.github.io/Web/skins/.png'.
[2026-09-01 09:49:07] [/DEBUG] [CustomSkinLoader Core]: Failed to request (Response Code: 404)
[2026-09-01 09:49:07] [/INFO] [CustomSkinLoader Core]: No texture could be found.
[2026-09-01 09:49:07] [/INFO] [CustomSkinLoader Core]: 's profile not found in load list.
[2026-09-01 09:49:07] [/INFO] [CustomSkinLoader Core]: Loading 's profile.
[2026-09-01 09:49:07] [/INFO] [CustomSkinLoader Core]: 1/2 Try to load profile from 'GameProfile'.
[2026-09-01 09:49:07] [/INFO] [CustomSkinLoader Core]: Profile not found.
[2026-09-01 09:49:07] [/INFO] [CustomSkinLoader Core]: 2/2 Try to load profile from 'Server17'.
[2026-09-01 09:49:07] [/DEBUG] [CustomSkinLoader Core]: Try to request 'https://star-plays-dev.github.io/Web/skins/.png'.
[2026-09-01 09:49:07] [/DEBUG] [CustomSkinLoader Core]: Failed to request (Response Code: 404)
[2026-09-01 09:49:07] [/INFO] [CustomSkinLoader Core]: No texture could be found.
[2026-09-01 09:49:07] [/INFO] [CustomSkinLoader Core]: 's profile not found in load list.
[2026-09-01 09:49:07] [/INFO] [CustomSkinLoader Core]: Loading 's profile.
[2026-09-01 09:49:07] [/INFO] [CustomSkinLoader Core]: 1/2 Try to load profile from 'GameProfile'.
[2026-09-01 09:49:07] [/INFO] [CustomSkinLoader Core]: Profile not found.
[2026-09-01 09:49:07] [/INFO] [CustomSkinLoader Core]: 2/2 Try to load profile from 'Server17'.
[2026-09-01 09:49:07] [/DEBUG] [CustomSkinLoader Core]: Try to request 'https://star-plays-dev.github.io/Web/skins/.png'.
[2026-09-01 09:49:07] [/DEBUG] [CustomSkinLoader Core]: Failed to request (Response Code: 404)
[2026-09-01 09:49:07] [/INFO] [CustomSkinLoader Core]: No texture could be found.
[2026-09-01 09:49:07] [/INFO] [CustomSkinLoader Core]: 's profile not found in load list.
[2026-09-01 09:49:07] [/INFO] [CustomSkinLoader Core]: Loading 's profile.
[2026-09-01 09:49:07] [/INFO] [CustomSkinLoader Core]: 1/2 Try to load profile from 'GameProfile'.
[2026-09-01 09:49:07] [/INFO] [CustomSkinLoader Core]: Profile not found.
[2026-09-01 09:49:07] [/INFO] [CustomSkinLoader Core]: 2/2 Try to load profile from 'Server17'.
[2026-09-01 09:49:07] [/DEBUG] [CustomSkinLoader Core]: Try to request 'https://star-plays-dev.github.io/Web/skins/.png'.
[2026-09-01 09:49:07] [/DEBUG] [CustomSkinLoader Core]: Failed to request (Response Code: 404)
[2026-09-01 09:49:07] [/INFO] [CustomSkinLoader Core]: No texture could be found.
[2026-09-01 09:49:07] [/INFO] [CustomSkinLoader Core]: 's profile not found in load list.
[2026-09-01 09:49:07] [/INFO] [CustomSkinLoader Core]: Loading 's profile.
[2026-09-01 09:49:07] [/INFO] [CustomSkinLoader Core]: 1/2 Try to load profile from 'GameProfile'.
[2026-09-01 09:49:07] [/INFO] [CustomSkinLoader Core]: Profile not found.
[2026-09-01 09:49:07] [/INFO] [CustomSkinLoader Core]: 2/2 Try to load profile from 'Server17'.
[2026-09-01 09:49:07] [/DEBUG] [CustomSkinLoader Core]: Try to request 'https://star-plays-dev.github.io/Web/skins/.png'.
[2026-09-01 09:49:07] [/DEBUG] [CustomSkinLoader Core]: Failed to request (Response Code: 404)
[2026-09-01 09:49:07] [/DEBUG] [CustomSkinLoader Core]: Try to request 'https://star-plays-dev.github.io/Web/capes/.png'.
[2026-09-01 09:49:07] [/DEBUG] [CustomSkinLoader Core]: Failed to request (Response Code: 404)
[2026-09-01 09:49:07] [/DEBUG] [CustomSkinLoader Core]: Try to request 'https://star-plays-dev.github.io/Web/capes/.png'.
[2026-09-01 09:49:07] [/DEBUG] [CustomSkinLoader Core]: Failed to request (Response Code: 404)
[2026-09-01 09:49:07] [/DEBUG] [CustomSkinLoader Core]: Try to request 'https://star-plays-dev.github.io/Web/capes/.png'.
[2026-09-01 09:49:07] [/DEBUG] [CustomSkinLoader Core]: Failed to request (Response Code: 404)
[2026-09-01 09:49:07] [/DEBUG] [CustomSkinLoader Core]: Try to request 'https://star-plays-dev.github.io/Web/capes/.png'.
[2026-09-01 09:49:07] [/DEBUG] [CustomSkinLoader Core]: Failed to request (Response Code: 404)
[2026-09-01 09:49:07] [/DEBUG] [CustomSkinLoader Core]: Try to request 'https://star-plays-dev.github.io/Web/capes/.png'.
[2026-09-01 09:49:07] [/DEBUG] [CustomSkinLoader Core]: Failed to request (Response Code: 404)
[2026-09-01 09:49:07] [/DEBUG] [CustomSkinLoader Core]: Try to request 'https://star-plays-dev.github.io/Web/capes/.png'.
[2026-09-01 09:49:07] [/DEBUG] [CustomSkinLoader Core]: Failed to request (Response Code: 404)
[2026-09-01 09:49:07] [/DEBUG] [CustomSkinLoader Core]: Try to request 'https://star-plays-dev.github.io/Web/capes/.png'.
[2026-09-01 09:49:07] [/DEBUG] [CustomSkinLoader Core]: Failed to request (Response Code: 404)
[2026-09-01 09:49:07] [/DEBUG] [CustomSkinLoader Core]: Try to request 'https://star-plays-dev.github.io/Web/capes/.png'.
[2026-09-01 09:49:07] [/DEBUG] [CustomSkinLoader Core]: Failed to request (Response Code: 404)
[2026-09-01 09:49:07] [/INFO] [CustomSkinLoader Core]: No texture could be found.
[2026-09-01 09:49:07] [/INFO] [CustomSkinLoader Core]: 's profile not found in load list.
[2026-09-01 09:49:07] [/INFO] [CustomSkinLoader Core]: Loading 's profile.
[2026-09-01 09:49:07] [/INFO] [CustomSkinLoader Core]: 1/2 Try to load profile from 'GameProfile'.
[2026-09-01 09:49:07] [/INFO] [CustomSkinLoader Core]: Profile not found.
[2026-09-01 09:49:07] [/INFO] [CustomSkinLoader Core]: 2/2 Try to load profile from 'Server17'.
[2026-09-01 09:49:07] [/DEBUG] [CustomSkinLoader Core]: Try to request 'https://star-plays-dev.github.io/Web/skins/.png'.
[2026-09-01 09:49:07] [/DEBUG] [CustomSkinLoader Core]: Failed to request (Response Code: 404)
[2026-09-01 09:49:07] [/INFO] [CustomSkinLoader Core]: No texture could be found.
[2026-09-01 09:49:07] [/INFO] [CustomSkinLoader Core]: 's profile not found in load list.
[2026-09-01 09:49:07] [/INFO] [CustomSkinLoader Core]: Loading 's profile.
[2026-09-01 09:49:07] [/INFO] [CustomSkinLoader Core]: 1/2 Try to load profile from 'GameProfile'.
[2026-09-01 09:49:07] [/INFO] [CustomSkinLoader Core]: Profile not found.
[2026-09-01 09:49:07] [/INFO] [CustomSkinLoader Core]: 2/2 Try to load profile from 'Server17'.
[2026-09-01 09:49:07] [/DEBUG] [CustomSkinLoader Core]: Try to request 'https://star-plays-dev.github.io/Web/skins/.png'.
[2026-09-01 09:49:07] [/DEBUG] [CustomSkinLoader Core]: Failed to request (Response Code: 404)
[2026-09-01 09:49:07] [/INFO] [CustomSkinLoader Core]: No texture could be found.
[2026-09-01 09:49:07] [/INFO] [CustomSkinLoader Core]: 's profile not found in load list.
[2026-09-01 09:49:07] [/INFO] [CustomSkinLoader Core]: Loading 's profile.
[2026-09-01 09:49:07] [/INFO] [CustomSkinLoader Core]: 1/2 Try to load profile from 'GameProfile'.
[2026-09-01 09:49:07] [/INFO] [CustomSkinLoader Core]: Profile not found.
[2026-09-01 09:49:07] [/INFO] [CustomSkinLoader Core]: 2/2 Try to load profile from 'Server17'.
[2026-09-01 09:49:07] [/DEBUG] [CustomSkinLoader Core]: Try to request 'https://star-plays-dev.github.io/Web/skins/.png'.
[2026-09-01 09:49:08] [/DEBUG] [CustomSkinLoader Core]: Failed to request (Response Code: 404)
[2026-09-01 09:49:08] [/INFO] [CustomSkinLoader Core]: No texture could be found.
[2026-09-01 09:49:08] [/INFO] [CustomSkinLoader Core]: 's profile not found in load list.
[2026-09-01 09:49:08] [/INFO] [CustomSkinLoader Core]: Loading 's profile.
[2026-09-01 09:49:08] [/INFO] [CustomSkinLoader Core]: 1/2 Try to load profile from 'GameProfile'.
[2026-09-01 09:49:08] [/INFO] [CustomSkinLoader Core]: Profile not found.
[2026-09-01 09:49:08] [/INFO] [CustomSkinLoader Core]: 2/2 Try to load profile from 'Server17'.
[2026-09-01 09:49:08] [/DEBUG] [CustomSkinLoader Core]: Try to request 'https://star-plays-dev.github.io/Web/skins/.png'.
[2026-09-01 09:49:08] [/DEBUG] [CustomSkinLoader Core]: Failed to request (Response Code: 404)
[2026-09-01 09:49:08] [/INFO] [CustomSkinLoader Core]: No texture could be found.
[2026-09-01 09:49:08] [/INFO] [CustomSkinLoader Core]: 's profile not found in load list.
[2026-09-01 09:49:08] [/INFO] [CustomSkinLoader Core]: Loading 's profile.
[2026-09-01 09:49:08] [/INFO] [CustomSkinLoader Core]: 1/2 Try to load profile from 'GameProfile'.
[2026-09-01 09:49:08] [/INFO] [CustomSkinLoader Core]: Profile not found.
[2026-09-01 09:49:08] [/INFO] [CustomSkinLoader Core]: 2/2 Try to load profile from 'Server17'.
[2026-09-01 09:49:08] [/DEBUG] [CustomSkinLoader Core]: Try to request 'https://star-plays-dev.github.io/Web/skins/.png'.
[2026-09-01 09:49:08] [/DEBUG] [CustomSkinLoader Core]: Failed to request (Response Code: 404)
[2026-09-01 09:49:08] [/INFO] [CustomSkinLoader Core]: No texture could be found.
[2026-09-01 09:49:08] [/INFO] [CustomSkinLoader Core]: 's profile not found in load list.
[2026-09-01 09:49:08] [/INFO] [CustomSkinLoader Core]: Loading 's profile.
[2026-09-01 09:49:08] [/INFO] [CustomSkinLoader Core]: 1/2 Try to load profile from 'GameProfile'.
[2026-09-01 09:49:08] [/INFO] [CustomSkinLoader Core]: Profile not found.
[2026-09-01 09:49:08] [/INFO] [CustomSkinLoader Core]: 2/2 Try to load profile from 'Server17'.
[2026-09-01 09:49:08] [/DEBUG] [CustomSkinLoader Core]: Try to request 'https://star-plays-dev.github.io/Web/skins/.png'.
[2026-09-01 09:49:08] [/DEBUG] [CustomSkinLoader Core]: Failed to request (Response Code: 404)
[2026-09-01 09:49:08] [/INFO] [CustomSkinLoader Core]: No texture could be found.
[2026-09-01 09:49:08] [/INFO] [CustomSkinLoader Core]: 's profile not found in load list.
[2026-09-01 09:49:08] [/INFO] [CustomSkinLoader Core]: Loading 's profile.
[2026-09-01 09:49:08] [/INFO] [CustomSkinLoader Core]: 1/2 Try to load profile from 'GameProfile'.
[2026-09-01 09:49:08] [/INFO] [CustomSkinLoader Core]: Profile not found.
[2026-09-01 09:49:08] [/INFO] [CustomSkinLoader Core]: 2/2 Try to load profile from 'Server17'.
[2026-09-01 09:49:08] [/DEBUG] [CustomSkinLoader Core]: Try to request 'https://star-plays-dev.github.io/Web/skins/.png'.
[2026-09-01 09:49:08] [/DEBUG] [CustomSkinLoader Core]: Failed to request (Response Code: 404)
[2026-09-01 09:49:08] [/INFO] [CustomSkinLoader Core]: No texture could be found.
[2026-09-01 09:49:08] [/INFO] [CustomSkinLoader Core]: 's profile not found in load list.
[2026-09-01 09:49:08] [/INFO] [CustomSkinLoader Core]: Loading 's profile.
[2026-09-01 09:49:08] [/INFO] [CustomSkinLoader Core]: 1/2 Try to load profile from 'GameProfile'.
[2026-09-01 09:49:08] [/INFO] [CustomSkinLoader Core]: Profile not found.
[2026-09-01 09:49:08] [/INFO] [CustomSkinLoader Core]: 2/2 Try to load profile from 'Server17'.
[2026-09-01 09:49:08] [/DEBUG] [CustomSkinLoader Core]: Try to request 'https://star-plays-dev.github.io/Web/skins/.png'.
[2026-09-01 09:49:08] [/DEBUG] [CustomSkinLoader Core]: Failed to request (Response Code: 404)
[2026-09-01 09:49:08] [/DEBUG] [CustomSkinLoader Core]: Try to request 'https://star-plays-dev.github.io/Web/capes/.png'.
[2026-09-01 09:49:08] [/DEBUG] [CustomSkinLoader Core]: Failed to request (Response Code: 404)
[2026-09-01 09:49:08] [/DEBUG] [CustomSkinLoader Core]: Try to request 'https://star-plays-dev.github.io/Web/capes/.png'.
[2026-09-01 09:49:08] [/DEBUG] [CustomSkinLoader Core]: Failed to request (Response Code: 404)
[2026-09-01 09:49:08] [/DEBUG] [CustomSkinLoader Core]: Try to request 'https://star-plays-dev.github.io/Web/capes/.png'.
[2026-09-01 09:49:08] [/DEBUG] [CustomSkinLoader Core]: Failed to request (Response Code: 404)
[2026-09-01 09:49:08] [/DEBUG] [CustomSkinLoader Core]: Try to request 'https://star-plays-dev.github.io/Web/capes/.png'.
[2026-09-01 09:49:08] [/DEBUG] [CustomSkinLoader Core]: Failed to request (Response Code: 404)
[2026-09-01 09:49:08] [/DEBUG] [CustomSkinLoader Core]: Try to request 'https://star-plays-dev.github.io/Web/capes/.png'.
[2026-09-01 09:49:08] [/DEBUG] [CustomSkinLoader Core]: Failed to request (Response Code: 404)
[2026-09-01 09:49:08] [/DEBUG] [CustomSkinLoader Core]: Try to request 'https://star-plays-dev.github.io/Web/capes/.png'.
[2026-09-01 09:49:08] [/DEBUG] [CustomSkinLoader Core]: Failed to request (Response Code: 404)
[2026-09-01 09:49:08] [/DEBUG] [CustomSkinLoader Core]: Try to request 'https://star-plays-dev.github.io/Web/capes/.png'.
[2026-09-01 09:49:08] [/DEBUG] [CustomSkinLoader Core]: Failed to request (Response Code: 404)
[2026-09-01 09:49:08] [/DEBUG] [CustomSkinLoader Core]: Try to request 'https://star-plays-dev.github.io/Web/capes/.png'.
[2026-09-01 09:49:08] [/DEBUG] [CustomSkinLoader Core]: Failed to request (Response Code: 404)
[2026-09-01 09:49:08] [/INFO] [CustomSkinLoader Core]: No texture could be found.
[2026-09-01 09:49:08] [/INFO] [CustomSkinLoader Core]: 's profile not found in load list.
[2026-09-01 09:49:08] [/INFO] [CustomSkinLoader Core]: Loading 's profile.
[2026-09-01 09:49:08] [/INFO] [CustomSkinLoader Core]: 1/2 Try to load profile from 'GameProfile'.
[2026-09-01 09:49:08] [/INFO] [CustomSkinLoader Core]: Profile not found.
[2026-09-01 09:49:08] [/INFO] [CustomSkinLoader Core]: 2/2 Try to load profile from 'Server17'.
[2026-09-01 09:49:08] [/DEBUG] [CustomSkinLoader Core]: Try to request 'https://star-plays-dev.github.io/Web/skins/.png'.
[2026-09-01 09:49:08] [/DEBUG] [CustomSkinLoader Core]: Failed to request (Response Code: 404)
[2026-09-01 09:49:08] [/INFO] [CustomSkinLoader Core]: No texture could be found.
[2026-09-01 09:49:08] [/INFO] [CustomSkinLoader Core]: 's profile not found in load list.
[2026-09-01 09:49:08] [/INFO] [CustomSkinLoader Core]: Loading 's profile.
[2026-09-01 09:49:08] [/INFO] [CustomSkinLoader Core]: 1/2 Try to load profile from 'GameProfile'.
[2026-09-01 09:49:08] [/INFO] [CustomSkinLoader Core]: Profile not found.
[2026-09-01 09:49:08] [/INFO] [CustomSkinLoader Core]: 2/2 Try to load profile from 'Server17'.
[2026-09-01 09:49:08] [/DEBUG] [CustomSkinLoader Core]: Try to request 'https://star-plays-dev.github.io/Web/skins/.png'.
[2026-09-01 09:49:08] [/DEBUG] [CustomSkinLoader Core]: Failed to request (Response Code: 404)
[2026-09-01 09:49:08] [/INFO] [CustomSkinLoader Core]: No texture could be found.
[2026-09-01 09:49:08] [/INFO] [CustomSkinLoader Core]: 's profile not found in load list.
[2026-09-01 09:49:08] [/INFO] [CustomSkinLoader Core]: Loading 's profile.
[2026-09-01 09:49:08] [/INFO] [CustomSkinLoader Core]: 1/2 Try to load profile from 'GameProfile'.
[2026-09-01 09:49:08] [/INFO] [CustomSkinLoader Core]: Profile not found.
[2026-09-01 09:49:08] [/INFO] [CustomSkinLoader Core]: 2/2 Try to load profile from 'Server17'.
[2026-09-01 09:49:08] [/DEBUG] [CustomSkinLoader Core]: Try to request 'https://star-plays-dev.github.io/Web/skins/.png'.
[2026-09-01 09:49:08] [/DEBUG] [CustomSkinLoader Core]: Failed to request (Response Code: 404)
[2026-09-01 09:49:08] [/INFO] [CustomSkinLoader Core]: No texture could be found.
[2026-09-01 09:49:08] [/INFO] [CustomSkinLoader Core]: 's profile not found in load list.
[2026-09-01 09:49:08] [/INFO] [CustomSkinLoader Core]: Loading 's profile.
[2026-09-01 09:49:08] [/INFO] [CustomSkinLoader Core]: 1/2 Try to load profile from 'GameProfile'.
[2026-09-01 09:49:08] [/INFO] [CustomSkinLoader Core]: Profile not found.
[2026-09-01 09:49:08] [/INFO] [CustomSkinLoader Core]: 2/2 Try to load profile from 'Server17'.
[2026-09-01 09:49:08] [/DEBUG] [CustomSkinLoader Core]: Try to request 'https://star-plays-dev.github.io/Web/skins/.png'.
[2026-09-01 09:49:08] [/DEBUG] [CustomSkinLoader Core]: Failed to request (Response Code: 404)
[2026-09-01 09:49:08] [/INFO] [CustomSkinLoader Core]: No texture could be found.
[2026-09-01 09:49:08] [/INFO] [CustomSkinLoader Core]: 's profile not found in load list.
[2026-09-01 09:49:08] [/INFO] [CustomSkinLoader Core]: Loading 's profile.
[2026-09-01 09:49:08] [/INFO] [CustomSkinLoader Core]: 1/2 Try to load profile from 'GameProfile'.
[2026-09-01 09:49:08] [/INFO] [CustomSkinLoader Core]: Profile not found.
[2026-09-01 09:49:08] [/INFO] [CustomSkinLoader Core]: 2/2 Try to load profile from 'Server17'.
[2026-09-01 09:49:08] [/DEBUG] [CustomSkinLoader Core]: Try to request 'https://star-plays-dev.github.io/Web/skins/.png'.
[2026-09-01 09:49:08] [/DEBUG] [CustomSkinLoader Core]: Failed to request (Response Code: 404)
[2026-09-01 09:49:08] [/INFO] [CustomSkinLoader Core]: No texture could be found.
[2026-09-01 09:49:08] [/INFO] [CustomSkinLoader Core]: 's profile not found in load list.
[2026-09-01 09:49:08] [/INFO] [CustomSkinLoader Core]: Loading 's profile.
[2026-09-01 09:49:08] [/INFO] [CustomSkinLoader Core]: 1/2 Try to load profile from 'GameProfile'.
[2026-09-01 09:49:08] [/INFO] [CustomSkinLoader Core]: Profile not found.
[2026-09-01 09:49:08] [/INFO] [CustomSkinLoader Core]: 2/2 Try to load profile from 'Server17'.
[2026-09-01 09:49:08] [/DEBUG] [CustomSkinLoader Core]: Try to request 'https://star-plays-dev.github.io/Web/skins/.png'.
[2026-09-01 09:49:08] [/DEBUG] [CustomSkinLoader Core]: Failed to request (Response Code: 404)
[2026-09-01 09:49:08] [/INFO] [CustomSkinLoader Core]: No texture could be found.
[2026-09-01 09:49:08] [/INFO] [CustomSkinLoader Core]: 's profile not found in load list.
[2026-09-01 09:49:08] [/INFO] [CustomSkinLoader Core]: Loading 's profile.
[2026-09-01 09:49:08] [/INFO] [CustomSkinLoader Core]: 1/2 Try to load profile from 'GameProfile'.
[2026-09-01 09:49:08] [/INFO] [CustomSkinLoader Core]: Profile not found.
[2026-09-01 09:49:08] [/INFO] [CustomSkinLoader Core]: 2/2 Try to load profile from 'Server17'.
[2026-09-01 09:49:08] [/DEBUG] [CustomSkinLoader Core]: Try to request 'https://star-plays-dev.github.io/Web/skins/.png'.
[2026-09-01 09:49:08] [/DEBUG] [CustomSkinLoader Core]: Failed to request (Response Code: 404)
[2026-09-01 09:49:08] [/INFO] [CustomSkinLoader Core]: No texture could be found.
[2026-09-01 09:49:08] [/INFO] [CustomSkinLoader Core]: 's profile not found in load list.
[2026-09-01 09:49:08] [/INFO] [CustomSkinLoader Core]: Loading 's profile.
[2026-09-01 09:49:08] [/INFO] [CustomSkinLoader Core]: 1/2 Try to load profile from 'GameProfile'.
[2026-09-01 09:49:08] [/INFO] [CustomSkinLoader Core]: Profile not found.
[2026-09-01 09:49:08] [/INFO] [CustomSkinLoader Core]: 2/2 Try to load profile from 'Server17'.
[2026-09-01 09:49:08] [/DEBUG] [CustomSkinLoader Core]: Try to request 'https://star-plays-dev.github.io/Web/skins/.png'.
[2026-09-01 09:49:08] [/DEBUG] [CustomSkinLoader Core]: Failed to request (Response Code: 404)
[2026-09-01 09:49:08] [/DEBUG] [CustomSkinLoader Core]: Try to request 'https://star-plays-dev.github.io/Web/capes/.png'.
[2026-09-01 09:49:08] [/DEBUG] [CustomSkinLoader Core]: Failed to request (Response Code: 404)
[2026-09-01 09:49:08] [/DEBUG] [CustomSkinLoader Core]: Try to request 'https://star-plays-dev.github.io/Web/capes/.png'.
[2026-09-01 09:49:08] [/DEBUG] [CustomSkinLoader Core]: Failed to request (Response Code: 404)
[2026-09-01 09:49:08] [/DEBUG] [CustomSkinLoader Core]: Try to request 'https://star-plays-dev.github.io/Web/capes/.png'.
[2026-09-01 09:49:08] [/DEBUG] [CustomSkinLoader Core]: Failed to request (Response Code: 404)
[2026-09-01 09:49:08] [/DEBUG] [CustomSkinLoader Core]: Try to request 'https://star-plays-dev.github.io/Web/capes/.png'.
[2026-09-01 09:49:08] [/DEBUG] [CustomSkinLoader Core]: Failed to request (Response Code: 404)
[2026-09-01 09:49:08] [/DEBUG] [CustomSkinLoader Core]: Try to request 'https://star-plays-dev.github.io/Web/capes/.png'.
[2026-09-01 09:49:09] [/DEBUG] [CustomSkinLoader Core]: Failed to request (Response Code: 404)
[2026-09-01 09:49:09] [/DEBUG] [CustomSkinLoader Core]: Try to request 'https://star-plays-dev.github.io/Web/capes/.png'.
[2026-09-01 09:49:09] [/DEBUG] [CustomSkinLoader Core]: Failed to request (Response Code: 404)
[2026-09-01 09:49:09] [/DEBUG] [CustomSkinLoader Core]: Try to request 'https://star-plays-dev.github.io/Web/capes/.png'.
[2026-09-01 09:49:09] [/DEBUG] [CustomSkinLoader Core]: Failed to request (Response Code: 404)
[2026-09-01 09:49:09] [/DEBUG] [CustomSkinLoader Core]: Failed to request (Response Code: 404)
[2026-09-01 09:49:09] [/DEBUG] [CustomSkinLoader Core]: Try to request 'https://star-plays-dev.github.io/Web/capes/.png'.
[2026-09-01 09:49:09] [/INFO] [CustomSkinLoader Core]: No texture could be found.
[2026-09-01 09:49:09] [/INFO] [CustomSkinLoader Core]: 's profile not found in load list.
[2026-09-01 09:49:09] [/INFO] [CustomSkinLoader Core]: Loading 's profile.
[2026-09-01 09:49:09] [/INFO] [CustomSkinLoader Core]: 1/2 Try to load profile from 'GameProfile'.
[2026-09-01 09:49:09] [/INFO] [CustomSkinLoader Core]: Profile not found.
[2026-09-01 09:49:09] [/INFO] [CustomSkinLoader Core]: 2/2 Try to load profile from 'Server17'.
[2026-09-01 09:49:09] [/DEBUG] [CustomSkinLoader Core]: Try to request 'https://star-plays-dev.github.io/Web/skins/.png'.
[2026-09-01 09:49:09] [/DEBUG] [CustomSkinLoader Core]: Failed to request (Response Code: 404)
[2026-09-01 09:49:09] [/INFO] [CustomSkinLoader Core]: No texture could be found.
[2026-09-01 09:49:09] [/INFO] [CustomSkinLoader Core]: 's profile not found in load list.
[2026-09-01 09:49:09] [/DEBUG] [CustomSkinLoader Core]: Failed to request (Response Code: 404)
[2026-09-01 09:49:09] [/INFO] [CustomSkinLoader Core]: No texture could be found.
[2026-09-01 09:49:09] [/INFO] [CustomSkinLoader Core]: 's profile not found in load list.
[2026-09-01 09:49:09] [/INFO] [CustomSkinLoader Core]: Loading 's profile.
[2026-09-01 09:49:09] [/INFO] [CustomSkinLoader Core]: 1/2 Try to load profile from 'GameProfile'.
[2026-09-01 09:49:09] [/INFO] [CustomSkinLoader Core]: Loading 's profile.
[2026-09-01 09:49:09] [/INFO] [CustomSkinLoader Core]: Profile not found.
[2026-09-01 09:49:09] [/INFO] [CustomSkinLoader Core]: 1/2 Try to load profile from 'GameProfile'.
[2026-09-01 09:49:09] [/INFO] [CustomSkinLoader Core]: 2/2 Try to load profile from 'Server17'.
[2026-09-01 09:49:09] [/INFO] [CustomSkinLoader Core]: Profile not found.
[2026-09-01 09:49:09] [/INFO] [CustomSkinLoader Core]: 2/2 Try to load profile from 'Server17'.
[2026-09-01 09:49:09] [/DEBUG] [CustomSkinLoader Core]: Try to request 'https://star-plays-dev.github.io/Web/skins/.png'.
[2026-09-01 09:49:09] [/DEBUG] [CustomSkinLoader Core]: Try to request 'https://star-plays-dev.github.io/Web/skins/.png'.
[2026-09-01 09:49:09] [/DEBUG] [CustomSkinLoader Core]: Failed to request (Response Code: 404)
[2026-09-01 09:49:09] [/INFO] [CustomSkinLoader Core]: No texture could be found.
[2026-09-01 09:49:09] [/INFO] [CustomSkinLoader Core]: 's profile not found in load list.
[2026-09-01 09:49:09] [/INFO] [CustomSkinLoader Core]: Loading 's profile.
[2026-09-01 09:49:09] [/INFO] [CustomSkinLoader Core]: 1/2 Try to load profile from 'GameProfile'.
[2026-09-01 09:49:09] [/INFO] [CustomSkinLoader Core]: Profile not found.
[2026-09-01 09:49:09] [/INFO] [CustomSkinLoader Core]: 2/2 Try to load profile from 'Server17'.
[2026-09-01 09:49:09] [/DEBUG] [CustomSkinLoader Core]: Try to request 'https://star-plays-dev.github.io/Web/skins/.png'.
[2026-09-01 09:49:09] [/DEBUG] [CustomSkinLoader Core]: Failed to request (Response Code: 404)
[2026-09-01 09:49:09] [/INFO] [CustomSkinLoader Core]: No texture could be found.
[2026-09-01 09:49:09] [/INFO] [CustomSkinLoader Core]: 's profile not found in load list.
[2026-09-01 09:49:09] [/INFO] [CustomSkinLoader Core]: Loading 's profile.
[2026-09-01 09:49:09] [/INFO] [CustomSkinLoader Core]: 1/2 Try to load profile from 'GameProfile'.
[2026-09-01 09:49:09] [/INFO] [CustomSkinLoader Core]: Profile not found.
[2026-09-01 09:49:09] [/INFO] [CustomSkinLoader Core]: 2/2 Try to load profile from 'Server17'.
[2026-09-01 09:49:09] [/DEBUG] [CustomSkinLoader Core]: Try to request 'https://star-plays-dev.github.io/Web/skins/.png'.
[2026-09-01 09:49:09] [/DEBUG] [CustomSkinLoader Core]: Failed to request (Response Code: 404)
[2026-09-01 09:49:09] [/INFO] [CustomSkinLoader Core]: No texture could be found.
[2026-09-01 09:49:09] [/INFO] [CustomSkinLoader Core]: 's profile not found in load list.
[2026-09-01 09:49:09] [/INFO] [CustomSkinLoader Core]: Loading 's profile.
[2026-09-01 09:49:09] [/INFO] [CustomSkinLoader Core]: 1/2 Try to load profile from 'GameProfile'.
[2026-09-01 09:49:09] [/INFO] [CustomSkinLoader Core]: Profile not found.
[2026-09-01 09:49:09] [/INFO] [CustomSkinLoader Core]: 2/2 Try to load profile from 'Server17'.
[2026-09-01 09:49:09] [/DEBUG] [CustomSkinLoader Core]: Try to request 'https://star-plays-dev.github.io/Web/skins/.png'.
[2026-09-01 09:49:09] [/DEBUG] [CustomSkinLoader Core]: Failed to request (Response Code: 404)
[2026-09-01 09:49:09] [/INFO] [CustomSkinLoader Core]: No texture could be found.
[2026-09-01 09:49:09] [/INFO] [CustomSkinLoader Core]: 's profile not found in load list.
[2026-09-01 09:49:09] [/INFO] [CustomSkinLoader Core]: Loading 's profile.
[2026-09-01 09:49:09] [/INFO] [CustomSkinLoader Core]: 1/2 Try to load profile from 'GameProfile'.
[2026-09-01 09:49:09] [/INFO] [CustomSkinLoader Core]: Profile not found.
[2026-09-01 09:49:09] [/INFO] [CustomSkinLoader Core]: 2/2 Try to load profile from 'Server17'.
[2026-09-01 09:49:09] [/DEBUG] [CustomSkinLoader Core]: Try to request 'https://star-plays-dev.github.io/Web/skins/.png'.
[2026-09-01 09:49:09] [/DEBUG] [CustomSkinLoader Core]: Failed to request (Response Code: 404)
[2026-09-01 09:49:09] [/DEBUG] [CustomSkinLoader Core]: Try to request 'https://star-plays-dev.github.io/Web/capes/.png'.
[2026-09-01 09:49:09] [/DEBUG] [CustomSkinLoader Core]: Failed to request (Response Code: 404)
[2026-09-01 09:49:09] [/INFO] [CustomSkinLoader Core]: No texture could be found.
[2026-09-01 09:49:09] [/INFO] [CustomSkinLoader Core]: 's profile not found in load list.
[2026-09-01 09:49:09] [/INFO] [CustomSkinLoader Core]: Loading 's profile.
[2026-09-01 09:49:09] [/INFO] [CustomSkinLoader Core]: 1/2 Try to load profile from 'GameProfile'.
[2026-09-01 09:49:09] [/INFO] [CustomSkinLoader Core]: Profile not found.
[2026-09-01 09:49:09] [/INFO] [CustomSkinLoader Core]: 2/2 Try to load profile from 'Server17'.
[2026-09-01 09:49:09] [/DEBUG] [CustomSkinLoader Core]: Try to request 'https://star-plays-dev.github.io/Web/skins/.png'.
[2026-09-01 09:49:09] [/DEBUG] [CustomSkinLoader Core]: Failed to request (Response Code: 404)
[2026-09-01 09:49:09] [/DEBUG] [CustomSkinLoader Core]: Try to request 'https://star-plays-dev.github.io/Web/capes/.png'.
[2026-09-01 09:49:09] [/DEBUG] [CustomSkinLoader Core]: Failed to request (Response Code: 404)
[2026-09-01 09:49:09] [/DEBUG] [CustomSkinLoader Core]: Try to request 'https://star-plays-dev.github.io/Web/capes/.png'.
[2026-09-01 09:49:09] [/DEBUG] [CustomSkinLoader Core]: Failed to request (Response Code: 404)
[2026-09-01 09:49:09] [/DEBUG] [CustomSkinLoader Core]: Try to request 'https://star-plays-dev.github.io/Web/capes/.png'.
[2026-09-01 09:49:09] [/DEBUG] [CustomSkinLoader Core]: Failed to request (Response Code: 404)
[2026-09-01 09:49:09] [/DEBUG] [CustomSkinLoader Core]: Try to request 'https://star-plays-dev.github.io/Web/capes/.png'.
[2026-09-01 09:49:09] [/DEBUG] [CustomSkinLoader Core]: Failed to request (Response Code: 404)
[2026-09-01 09:49:09] [/DEBUG] [CustomSkinLoader Core]: Try to request 'https://star-plays-dev.github.io/Web/capes/.png'.
[2026-09-01 09:49:09] [/DEBUG] [CustomSkinLoader Core]: Failed to request (Response Code: 404)
[2026-09-01 09:49:09] [/DEBUG] [CustomSkinLoader Core]: Try to request 'https://star-plays-dev.github.io/Web/capes/.png'.
[2026-09-01 09:49:09] [/DEBUG] [CustomSkinLoader Core]: Failed to request (Response Code: 404)
[2026-09-01 09:49:09] [/INFO] [CustomSkinLoader Core]: No texture could be found.
[2026-09-01 09:49:09] [/INFO] [CustomSkinLoader Core]: 's profile not found in load list.
[2026-09-01 09:49:09] [/INFO] [CustomSkinLoader Core]: Loading 's profile.
[2026-09-01 09:49:09] [/INFO] [CustomSkinLoader Core]: 1/2 Try to load profile from 'GameProfile'.
[2026-09-01 09:49:09] [/INFO] [CustomSkinLoader Core]: Profile not found.
[2026-09-01 09:49:09] [/INFO] [CustomSkinLoader Core]: 2/2 Try to load profile from 'Server17'.
[2026-09-01 09:49:09] [/DEBUG] [CustomSkinLoader Core]: Try to request 'https://star-plays-dev.github.io/Web/skins/.png'.
[2026-09-01 09:49:09] [/DEBUG] [CustomSkinLoader Core]: Failed to request (Response Code: 404)
[2026-09-01 09:49:09] [/DEBUG] [CustomSkinLoader Core]: Try to request 'https://star-plays-dev.github.io/Web/capes/.png'.
[2026-09-01 09:49:10] [/DEBUG] [CustomSkinLoader Core]: Failed to request (Response Code: 404)
[2026-09-01 09:49:10] [/INFO] [CustomSkinLoader Core]: No texture could be found.
[2026-09-01 09:49:10] [/INFO] [CustomSkinLoader Core]: 's profile not found in load list.
[2026-09-01 09:49:10] [/INFO] [CustomSkinLoader Core]: Loading 's profile.
[2026-09-01 09:49:10] [/INFO] [CustomSkinLoader Core]: 1/2 Try to load profile from 'GameProfile'.
[2026-09-01 09:49:10] [/INFO] [CustomSkinLoader Core]: Profile not found.
[2026-09-01 09:49:10] [/INFO] [CustomSkinLoader Core]: 2/2 Try to load profile from 'Server17'.
[2026-09-01 09:49:10] [/DEBUG] [CustomSkinLoader Core]: Try to request 'https://star-plays-dev.github.io/Web/skins/.png'.
[2026-09-01 09:49:10] [/DEBUG] [CustomSkinLoader Core]: Failed to request (Response Code: 404)
[2026-09-01 09:49:10] [/INFO] [CustomSkinLoader Core]: No texture could be found.
[2026-09-01 09:49:10] [/INFO] [CustomSkinLoader Core]: 's profile not found in load list.
[2026-09-01 09:49:10] [/INFO] [CustomSkinLoader Core]: Loading 's profile.
[2026-09-01 09:49:10] [/INFO] [CustomSkinLoader Core]: 1/2 Try to load profile from 'GameProfile'.
[2026-09-01 09:49:10] [/INFO] [CustomSkinLoader Core]: Profile not found.
[2026-09-01 09:49:10] [/INFO] [CustomSkinLoader Core]: 2/2 Try to load profile from 'Server17'.
[2026-09-01 09:49:10] [/DEBUG] [CustomSkinLoader Core]: Try to request 'https://star-plays-dev.github.io/Web/skins/.png'.
[2026-09-01 09:49:10] [/DEBUG] [CustomSkinLoader Core]: Failed to request (Response Code: 404)
[2026-09-01 09:49:10] [/INFO] [CustomSkinLoader Core]: No texture could be found.
[2026-09-01 09:49:10] [/INFO] [CustomSkinLoader Core]: 's profile not found in load list.
[2026-09-01 09:49:10] [/INFO] [CustomSkinLoader Core]: Loading 's profile.
[2026-09-01 09:49:10] [/INFO] [CustomSkinLoader Core]: 1/2 Try to load profile from 'GameProfile'.
[2026-09-01 09:49:10] [/INFO] [CustomSkinLoader Core]: Profile not found.
[2026-09-01 09:49:10] [/INFO] [CustomSkinLoader Core]: 2/2 Try to load profile from 'Server17'.
[2026-09-01 09:49:10] [/DEBUG] [CustomSkinLoader Core]: Try to request 'https://star-plays-dev.github.io/Web/skins/.png'.
[2026-09-01 09:49:10] [/DEBUG] [CustomSkinLoader Core]: Failed to request (Response Code: 404)
[2026-09-01 09:49:10] [/INFO] [CustomSkinLoader Core]: No texture could be found.
[2026-09-01 09:49:10] [/INFO] [CustomSkinLoader Core]: 's profile not found in load list.
[2026-09-01 09:49:10] [/INFO] [CustomSkinLoader Core]: Loading 's profile.
[2026-09-01 09:49:10] [/INFO] [CustomSkinLoader Core]: 1/2 Try to load profile from 'GameProfile'.
[2026-09-01 09:49:10] [/INFO] [CustomSkinLoader Core]: Profile not found.
[2026-09-01 09:49:10] [/INFO] [CustomSkinLoader Core]: 2/2 Try to load profile from 'Server17'.
[2026-09-01 09:49:10] [/DEBUG] [CustomSkinLoader Core]: Try to request 'https://star-plays-dev.github.io/Web/skins/.png'.
[2026-09-01 09:49:10] [/DEBUG] [CustomSkinLoader Core]: Failed to request (Response Code: 404)
[2026-09-01 09:49:10] [/INFO] [CustomSkinLoader Core]: No texture could be found.
[2026-09-01 09:49:10] [/INFO] [CustomSkinLoader Core]: 's profile not found in load list.
[2026-09-01 09:49:10] [/INFO] [CustomSkinLoader Core]: Loading 's profile.
[2026-09-01 09:49:10] [/INFO] [CustomSkinLoader Core]: 1/2 Try to load profile from 'GameProfile'.
[2026-09-01 09:49:10] [/INFO] [CustomSkinLoader Core]: Profile not found.
[2026-09-01 09:49:10] [/INFO] [CustomSkinLoader Core]: 2/2 Try to load profile from 'Server17'.
[2026-09-01 09:49:10] [/DEBUG] [CustomSkinLoader Core]: Try to request 'https://star-plays-dev.github.io/Web/skins/.png'.
[2026-09-01 09:49:10] [/DEBUG] [CustomSkinLoader Core]: Failed to request (Response Code: 404)
[2026-09-01 09:49:10] [/INFO] [CustomSkinLoader Core]: No texture could be found.
[2026-09-01 09:49:10] [/INFO] [CustomSkinLoader Core]: 's profile not found in load list.
[2026-09-01 09:49:10] [/INFO] [CustomSkinLoader Core]: Loading 's profile.
[2026-09-01 09:49:10] [/INFO] [CustomSkinLoader Core]: 1/2 Try to load profile from 'GameProfile'.
[2026-09-01 09:49:10] [/INFO] [CustomSkinLoader Core]: Profile not found.
[2026-09-01 09:49:10] [/INFO] [CustomSkinLoader Core]: 2/2 Try to load profile from 'Server17'.
[2026-09-01 09:49:10] [/DEBUG] [CustomSkinLoader Core]: Try to request 'https://star-plays-dev.github.io/Web/skins/.png'.
[2026-09-01 09:49:10] [/DEBUG] [CustomSkinLoader Core]: Failed to request (Response Code: 404)
[2026-09-01 09:49:10] [/DEBUG] [CustomSkinLoader Core]: Try to request 'https://star-plays-dev.github.io/Web/capes/.png'.
[2026-09-01 09:49:10] [/DEBUG] [CustomSkinLoader Core]: Failed to request (Response Code: 404)
[2026-09-01 09:49:10] [/INFO] [CustomSkinLoader Core]: No texture could be found.
[2026-09-01 09:49:10] [/INFO] [CustomSkinLoader Core]: 's profile not found in load list.
[2026-09-01 09:49:10] [/INFO] [CustomSkinLoader Core]: Loading 's profile.
[2026-09-01 09:49:10] [/INFO] [CustomSkinLoader Core]: 1/2 Try to load profile from 'GameProfile'.
[2026-09-01 09:49:10] [/INFO] [CustomSkinLoader Core]: Profile not found.
[2026-09-01 09:49:10] [/INFO] [CustomSkinLoader Core]: 2/2 Try to load profile from 'Server17'.
[2026-09-01 09:49:10] [/DEBUG] [CustomSkinLoader Core]: Try to request 'https://star-plays-dev.github.io/Web/skins/.png'.
[2026-09-01 09:49:10] [/DEBUG] [CustomSkinLoader Core]: Failed to request (Response Code: 404)
[2026-09-01 09:49:10] [/DEBUG] [CustomSkinLoader Core]: Try to request 'https://star-plays-dev.github.io/Web/capes/.png'.
[2026-09-01 09:49:10] [/DEBUG] [CustomSkinLoader Core]: Failed to request (Response Code: 404)
[2026-09-01 09:49:10] [/DEBUG] [CustomSkinLoader Core]: Try to request 'https://star-plays-dev.github.io/Web/capes/.png'.
[2026-09-01 09:49:10] [/DEBUG] [CustomSkinLoader Core]: Failed to request (Response Code: 404)
[2026-09-01 09:49:10] [/DEBUG] [CustomSkinLoader Core]: Try to request 'https://star-plays-dev.github.io/Web/capes/.png'.
[2026-09-01 09:49:10] [/DEBUG] [CustomSkinLoader Core]: Failed to request (Response Code: 404)
[2026-09-01 09:49:10] [/DEBUG] [CustomSkinLoader Core]: Try to request 'https://star-plays-dev.github.io/Web/capes/.png'.
[2026-09-01 09:49:10] [/DEBUG] [CustomSkinLoader Core]: Failed to request (Response Code: 404)
[2026-09-01 09:49:10] [/DEBUG] [CustomSkinLoader Core]: Try to request 'https://star-plays-dev.github.io/Web/capes/.png'.
[2026-09-01 09:49:10] [/DEBUG] [CustomSkinLoader Core]: Failed to request (Response Code: 404)
[2026-09-01 09:49:10] [/DEBUG] [CustomSkinLoader Core]: Try to request 'https://star-plays-dev.github.io/Web/capes/.png'.
[2026-09-01 09:49:10] [/DEBUG] [CustomSkinLoader Core]: Failed to request (Response Code: 404)
[2026-09-01 09:49:10] [/INFO] [CustomSkinLoader Core]: No texture could be found.
[2026-09-01 09:49:10] [/INFO] [CustomSkinLoader Core]: 's profile not found in load list.
[2026-09-01 09:49:10] [/DEBUG] [CustomSkinLoader Core]: Failed to request (Response Code: 404)
[2026-09-01 09:49:10] [/DEBUG] [CustomSkinLoader Core]: Try to request 'https://star-plays-dev.github.io/Web/capes/.png'.
[2026-09-01 09:49:10] [/DEBUG] [CustomSkinLoader Core]: Failed to request (Response Code: 404)
[2026-09-01 09:49:10] [/INFO] [CustomSkinLoader Core]: No texture could be found.
[2026-09-01 09:49:10] [/INFO] [CustomSkinLoader Core]: 's profile not found in load list.
[2026-09-01 09:49:10] [/DEBUG] [CustomSkinLoader Core]: Failed to request (Response Code: 404)
[2026-09-01 09:49:10] [/DEBUG] [CustomSkinLoader Core]: Failed to request (Response Code: 404)
[2026-09-01 09:49:10] [/INFO] [CustomSkinLoader Core]: No texture could be found.
[2026-09-01 09:49:10] [/INFO] [CustomSkinLoader Core]: No texture could be found.
[2026-09-01 09:49:10] [/INFO] [CustomSkinLoader Core]: 's profile not found in load list.
[2026-09-01 09:49:10] [/INFO] [CustomSkinLoader Core]: 's profile not found in load list.
[2026-09-01 09:49:10] [/DEBUG] [CustomSkinLoader Core]: Failed to request (Response Code: 404)
[2026-09-01 09:49:10] [/INFO] [CustomSkinLoader Core]: No texture could be found.
[2026-09-01 09:49:10] [/INFO] [CustomSkinLoader Core]: 's profile not found in load list.
[2026-09-01 09:49:10] [/DEBUG] [CustomSkinLoader Core]: Failed to request (Response Code: 404)
[2026-09-01 09:49:10] [/INFO] [CustomSkinLoader Core]: No texture could be found.
[2026-09-01 09:49:10] [/INFO] [CustomSkinLoader Core]: 's profile not found in load list.
[2026-09-01 09:49:10] [/DEBUG] [CustomSkinLoader Core]: Failed to request (Response Code: 404)
[2026-09-01 09:49:10] [/INFO] [CustomSkinLoader Core]: No texture could be found.
[2026-09-01 09:49:10] [/INFO] [CustomSkinLoader Core]: 's profile not found in load list.
[2026-09-01 09:49:10] [/DEBUG] [CustomSkinLoader Core]: Failed to request (Response Code: 404)
[2026-09-01 09:49:10] [/INFO] [CustomSkinLoader Core]: No texture could be found.
[2026-09-01 09:49:10] [/INFO] [CustomSkinLoader Core]: 's profile not found in load list.
[2026-09-01 09:49:28] [Client thread/DEBUG] [CustomSkinLoader Core]: Loading Legacy Texture (minecraft:skins/legacy-)
[2026-09-01 09:49:28] [/INFO] [CustomSkinLoader Core]: Loading 's profile.
[2026-09-01 09:49:28] [/INFO] [CustomSkinLoader Core]: 1/2 Try to load profile from 'GameProfile'.
[2026-09-01 09:49:28] [/INFO] [CustomSkinLoader Core]: Profile not found.
[2026-09-01 09:49:28] [/INFO] [CustomSkinLoader Core]: 2/2 Try to load profile from 'Server17'.
[2026-09-01 09:49:28] [/DEBUG] [CustomSkinLoader Core]: Try to request 'https://star-plays-dev.github.io/Web/skins/.png'.
[2026-09-01 09:49:28] [Client thread/DEBUG] [CustomSkinLoader Core]: Loading Legacy Texture (minecraft:skins/legacy-)
[2026-09-01 09:49:28] [/INFO] [CustomSkinLoader Core]: Cached profile will be used.
[2026-09-01 09:49:28] [/WARNING] [CustomSkinLoader Core]: (Cached Profile is empty!) Expiry: 0
[2026-09-01 09:49:28] [/INFO] [CustomSkinLoader Core]: Loading 's profile.
[2026-09-01 09:49:28] [/INFO] [CustomSkinLoader Core]: 1/2 Try to load profile from 'GameProfile'.
[2026-09-01 09:49:28] [/INFO] [CustomSkinLoader Core]: Profile not found.
[2026-09-01 09:49:28] [/INFO] [CustomSkinLoader Core]: 2/2 Try to load profile from 'Server17'.
[2026-09-01 09:49:28] [/DEBUG] [CustomSkinLoader Core]: Try to request 'https://star-plays-dev.github.io/Web/skins/.png'.
[2026-09-01 09:49:28] [Client thread/DEBUG] [CustomSkinLoader Core]: Loading Legacy Texture (minecraft:skins/legacy-)
[2026-09-01 09:49:28] [/INFO] [CustomSkinLoader Core]: Cached profile will be used.
[2026-09-01 09:49:28] [/WARNING] [CustomSkinLoader Core]: (Cached Profile is empty!) Expiry: 0
[2026-09-01 09:49:28] [/INFO] [CustomSkinLoader Core]: Loading 's profile.
[2026-09-01 09:49:28] [/INFO] [CustomSkinLoader Core]: 1/2 Try to load profile from 'GameProfile'.
[2026-09-01 09:49:28] [/INFO] [CustomSkinLoader Core]: Profile not found.
[2026-09-01 09:49:28] [/INFO] [CustomSkinLoader Core]: 2/2 Try to load profile from 'Server17'.
[2026-09-01 09:49:28] [/DEBUG] [CustomSkinLoader Core]: Try to request 'https://star-plays-dev.github.io/Web/skins/.png'.
[2026-09-01 09:49:28] [Client thread/DEBUG] [CustomSkinLoader Core]: Loading Legacy Texture (minecraft:skins/legacy-)
[2026-09-01 09:49:28] [/INFO] [CustomSkinLoader Core]: Cached profile will be used.
[2026-09-01 09:49:28] [/WARNING] [CustomSkinLoader Core]: (Cached Profile is empty!) Expiry: 0
[2026-09-01 09:49:28] [/INFO] [CustomSkinLoader Core]: Loading 's profile.
[2026-09-01 09:49:28] [/INFO] [CustomSkinLoader Core]: 1/2 Try to load profile from 'GameProfile'.
[2026-09-01 09:49:28] [/INFO] [CustomSkinLoader Core]: Profile not found.
[2026-09-01 09:49:28] [/INFO] [CustomSkinLoader Core]: 2/2 Try to load profile from 'Server17'.
[2026-09-01 09:49:28] [/DEBUG] [CustomSkinLoader Core]: Try to request 'https://star-plays-dev.github.io/Web/skins/.png'.
[2026-09-01 09:49:28] [Client thread/DEBUG] [CustomSkinLoader Core]: Loading Legacy Texture (minecraft:skins/legacy-)
[2026-09-01 09:49:28] [/INFO] [CustomSkinLoader Core]: Cached profile will be used.
[2026-09-01 09:49:28] [/WARNING] [CustomSkinLoader Core]: (Cached Profile is empty!) Expiry: 0
[2026-09-01 09:49:28] [/INFO] [CustomSkinLoader Core]: Loading 's profile.
[2026-09-01 09:49:28] [/INFO] [CustomSkinLoader Core]: 1/2 Try to load profile from 'GameProfile'.
[2026-09-01 09:49:28] [/INFO] [CustomSkinLoader Core]: Profile not found.
[2026-09-01 09:49:28] [/INFO] [CustomSkinLoader Core]: 2/2 Try to load profile from 'Server17'.
[2026-09-01 09:49:28] [/DEBUG] [CustomSkinLoader Core]: Try to request 'https://star-plays-dev.github.io/Web/skins/.png'.
[2026-09-01 09:49:28] [Client thread/DEBUG] [CustomSkinLoader Core]: Loading Legacy Texture (minecraft:skins/legacy-)
[2026-09-01 09:49:28] [/INFO] [CustomSkinLoader Core]: Cached profile will be used.
[2026-09-01 09:49:28] [/WARNING] [CustomSkinLoader Core]: (Cached Profile is empty!) Expiry: 0
[2026-09-01 09:49:28] [/INFO] [CustomSkinLoader Core]: Loading 's profile.
[2026-09-01 09:49:28] [/INFO] [CustomSkinLoader Core]: 1/2 Try to load profile from 'GameProfile'.
[2026-09-01 09:49:28] [/INFO] [CustomSkinLoader Core]: Profile not found.
[2026-09-01 09:49:28] [/INFO] [CustomSkinLoader Core]: 2/2 Try to load profile from 'Server17'.
[2026-09-01 09:49:28] [/DEBUG] [CustomSkinLoader Core]: Try to request 'https://star-plays-dev.github.io/Web/skins/.png'.
[2026-09-01 09:49:28] [Client thread/DEBUG] [CustomSkinLoader Core]: Loading Legacy Texture (minecraft:skins/legacy-)
[2026-09-01 09:49:28] [/INFO] [CustomSkinLoader Core]: Cached profile will be used.
[2026-09-01 09:49:28] [/WARNING] [CustomSkinLoader Core]: (Cached Profile is empty!) Expiry: 0
[2026-09-01 09:49:28] [/INFO] [CustomSkinLoader Core]: Loading 's profile.
[2026-09-01 09:49:28] [/INFO] [CustomSkinLoader Core]: 1/2 Try to load profile from 'GameProfile'.
[2026-09-01 09:49:28] [/INFO] [CustomSkinLoader Core]: Profile not found.
[2026-09-01 09:49:28] [/INFO] [CustomSkinLoader Core]: 2/2 Try to load profile from 'Server17'.
[2026-09-01 09:49:28] [/DEBUG] [CustomSkinLoader Core]: Try to request 'https://star-plays-dev.github.io/Web/skins/.png'.
[2026-09-01 09:49:28] [Client thread/DEBUG] [CustomSkinLoader Core]: Loading Legacy Texture (minecraft:skins/legacy-)
[2026-09-01 09:49:28] [/INFO] [CustomSkinLoader Core]: Cached profile will be used.
[2026-09-01 09:49:28] [/WARNING] [CustomSkinLoader Core]: (Cached Profile is empty!) Expiry: 0
[2026-09-01 09:49:28] [/INFO] [CustomSkinLoader Core]: Loading 's profile.
[2026-09-01 09:49:28] [/INFO] [CustomSkinLoader Core]: 1/2 Try to load profile from 'GameProfile'.
[2026-09-01 09:49:28] [/INFO] [CustomSkinLoader Core]: Profile not found.
[2026-09-01 09:49:28] [/INFO] [CustomSkinLoader Core]: 2/2 Try to load profile from 'Server17'.
[2026-09-01 09:49:28] [/DEBUG] [CustomSkinLoader Core]: Try to request 'https://star-plays-dev.github.io/Web/skins/.png'.
[2026-09-01 09:49:28] [Client thread/DEBUG] [CustomSkinLoader Core]: Loading Legacy Texture (minecraft:skins/legacy-)
[2026-09-01 09:49:28] [Client thread/DEBUG] [CustomSkinLoader Core]: Loading Legacy Texture (minecraft:skins/legacy-)
[2026-09-01 09:49:28] [Client thread/DEBUG] [CustomSkinLoader Core]: Loading Legacy Texture (minecraft:skins/legacy-)
[2026-09-01 09:49:28] [Client thread/DEBUG] [CustomSkinLoader Core]: Loading Legacy Texture (minecraft:skins/legacy-)
[2026-09-01 09:49:28] [Client thread/DEBUG] [CustomSkinLoader Core]: Loading Legacy Texture (minecraft:skins/legacy-)
[2026-09-01 09:49:28] [Client thread/DEBUG] [CustomSkinLoader Core]: Loading Legacy Texture (minecraft:skins/legacy-)
[2026-09-01 09:49:28] [Client thread/DEBUG] [CustomSkinLoader Core]: Loading Legacy Texture (minecraft:skins/legacy-)
[2026-09-01 09:49:28] [Client thread/DEBUG] [CustomSkinLoader Core]: Loading Legacy Texture (minecraft:skins/legacy-)
[2026-09-01 09:49:28] [Client thread/DEBUG] [CustomSkinLoader Core]: Loading Legacy Texture (minecraft:skins/legacy-)
[2026-09-01 09:49:28] [Client thread/DEBUG] [CustomSkinLoader Core]: Loading Legacy Texture (minecraft:skins/legacy-)
[2026-09-01 09:49:28] [Client thread/DEBUG] [CustomSkinLoader Core]: Loading Legacy Texture (minecraft:skins/legacy-)
[2026-09-01 09:49:28] [Client thread/DEBUG] [CustomSkinLoader Core]: Loading Legacy Texture (minecraft:skins/legacy-)
[2026-09-01 09:49:28] [Client thread/DEBUG] [CustomSkinLoader Core]: Loading Legacy Texture (minecraft:skins/legacy-)
[2026-09-01 09:49:28] [Client thread/DEBUG] [CustomSkinLoader Core]: Loading Legacy Texture (minecraft:skins/legacy-)
[2026-09-01 09:49:28] [Client thread/DEBUG] [CustomSkinLoader Core]: Loading Legacy Texture (minecraft:skins/legacy-)
[2026-09-01 09:49:28] [Client thread/DEBUG] [CustomSkinLoader Core]: Loading Legacy Texture (minecraft:skins/legacy-)
[2026-09-01 09:49:28] [Client thread/DEBUG] [CustomSkinLoader Core]: Loading Legacy Texture (minecraft:skins/legacy-)
[2026-09-01 09:49:28] [Client thread/DEBUG] [CustomSkinLoader Core]: Loading Legacy Texture (minecraft:skins/legacy-)
[2026-09-01 09:49:28] [Client thread/DEBUG] [CustomSkinLoader Core]: Loading Legacy Texture (minecraft:skins/legacy-)
[2026-09-01 09:49:28] [Client thread/DEBUG] [CustomSkinLoader Core]: Loading Legacy Texture (minecraft:skins/legacy-)
[2026-09-01 09:49:28] [Client thread/DEBUG] [CustomSkinLoader Core]: Loading Legacy Texture (minecraft:skins/legacy-)
[2026-09-01 09:49:28] [Client thread/DEBUG] [CustomSkinLoader Core]: Loading Legacy Texture (minecraft:skins/legacy-)
[2026-09-01 09:49:28] [Client thread/DEBUG] [CustomSkinLoader Core]: Loading Legacy Texture (minecraft:skins/legacy-)
[2026-09-01 09:49:28] [Client thread/DEBUG] [CustomSkinLoader Core]: Loading Legacy Texture (minecraft:skins/legacy-)
[2026-09-01 09:49:28] [Client thread/DEBUG] [CustomSkinLoader Core]: Loading Legacy Texture (minecraft:skins/legacy-)
[2026-09-01 09:49:28] [Client thread/DEBUG] [CustomSkinLoader Core]: Loading Legacy Texture (minecraft:skins/legacy-)
[2026-09-01 09:49:28] [Client thread/DEBUG] [CustomSkinLoader Core]: Loading Legacy Texture (minecraft:skins/legacy-)
[2026-09-01 09:49:28] [Client thread/DEBUG] [CustomSkinLoader Core]: Loading Legacy Texture (minecraft:skins/legacy-)
[2026-09-01 09:49:28] [Client thread/DEBUG] [CustomSkinLoader Core]: Loading Legacy Texture (minecraft:skins/legacy-)
[2026-09-01 09:49:28] [Client thread/DEBUG] [CustomSkinLoader Core]: Loading Legacy Texture (minecraft:skins/legacy-)
[2026-09-01 09:49:28] [Client thread/DEBUG] [CustomSkinLoader Core]: Loading Legacy Texture (minecraft:skins/legacy-)
[2026-09-01 09:49:28] [Client thread/DEBUG] [CustomSkinLoader Core]: Loading Legacy Texture (minecraft:skins/legacy-)
[2026-09-01 09:49:28] [Client thread/DEBUG] [CustomSkinLoader Core]: Loading Legacy Texture (minecraft:skins/legacy-)
[2026-09-01 09:49:28] [Client thread/DEBUG] [CustomSkinLoader Core]: Loading Legacy Texture (minecraft:skins/legacy-)
[2026-09-01 09:49:28] [Client thread/DEBUG] [CustomSkinLoader Core]: Loading Legacy Texture (minecraft:skins/legacy-)
[2026-09-01 09:49:28] [Client thread/DEBUG] [CustomSkinLoader Core]: Loading Legacy Texture (minecraft:skins/legacy-)
[2026-09-01 09:49:28] [Client thread/DEBUG] [CustomSkinLoader Core]: Loading Legacy Texture (minecraft:skins/legacy-)
[2026-09-01 09:49:28] [Client thread/DEBUG] [CustomSkinLoader Core]: Loading Legacy Texture (minecraft:skins/legacy-)
[2026-09-01 09:49:28] [Client thread/DEBUG] [CustomSkinLoader Core]: Loading Legacy Texture (minecraft:skins/legacy-)
[2026-09-01 09:49:28] [Client thread/DEBUG] [CustomSkinLoader Core]: Loading Legacy Texture (minecraft:skins/legacy-)
[2026-09-01 09:49:28] [Client thread/DEBUG] [CustomSkinLoader Core]: Loading Legacy Texture (minecraft:skins/legacy-)
[2026-09-01 09:49:28] [Client thread/DEBUG] [CustomSkinLoader Core]: Loading Legacy Texture (minecraft:skins/legacy-)
[2026-09-01 09:49:28] [Client thread/DEBUG] [CustomSkinLoader Core]: Loading Legacy Texture (minecraft:skins/legacy-)
[2026-09-01 09:49:28] [Client thread/DEBUG] [CustomSkinLoader Core]: Loading Legacy Texture (minecraft:skins/legacy-)
[2026-09-01 09:49:28] [Client thread/DEBUG] [CustomSkinLoader Core]: Loading Legacy Texture (minecraft:skins/legacy-)
[2026-09-01 09:49:28] [Client thread/DEBUG] [CustomSkinLoader Core]: Loading Legacy Texture (minecraft:skins/legacy-)
[2026-09-01 09:49:28] [/DEBUG] [CustomSkinLoader Core]: Failed to request (Response Code: 404)
[2026-09-01 09:49:28] [/DEBUG] [CustomSkinLoader Core]: Try to request 'https://star-plays-dev.github.io/Web/capes/.png'.
[2026-09-01 09:49:28] [Client thread/DEBUG] [CustomSkinLoader Core]: Loading Legacy Texture (minecraft:skins/legacy-)
[2026-09-01 09:49:28] [Client thread/DEBUG] [CustomSkinLoader Core]: Loading Legacy Texture (minecraft:skins/legacy-)
[2026-09-01 09:49:28] [Client thread/DEBUG] [CustomSkinLoader Core]: Loading Legacy Texture (minecraft:skins/legacy-)
[2026-09-01 09:49:28] [Client thread/DEBUG] [CustomSkinLoader Core]: Loading Legacy Texture (minecraft:skins/legacy-)
[2026-09-01 09:49:28] [/DEBUG] [CustomSkinLoader Core]: Failed to request (Response Code: 404)
[2026-09-01 09:49:28] [/DEBUG] [CustomSkinLoader Core]: Failed to request (Response Code: 404)
[2026-09-01 09:49:28] [/DEBUG] [CustomSkinLoader Core]: Try to request 'https://star-plays-dev.github.io/Web/capes/.png'.
[2026-09-01 09:49:28] [/DEBUG] [CustomSkinLoader Core]: Try to request 'https://star-plays-dev.github.io/Web/capes/.png'.
[2026-09-01 09:49:28] [Client thread/DEBUG] [CustomSkinLoader Core]: Loading Legacy Texture (minecraft:skins/legacy-)
[2026-09-01 09:49:28] [Client thread/DEBUG] [CustomSkinLoader Core]: Loading Legacy Texture (minecraft:skins/legacy-)
[2026-09-01 09:49:28] [Client thread/DEBUG] [CustomSkinLoader Core]: Loading Legacy Texture (minecraft:skins/legacy-)
[2026-09-01 09:49:28] [Client thread/DEBUG] [CustomSkinLoader Core]: Loading Legacy Texture (minecraft:skins/legacy-)
[2026-09-01 09:49:28] [Client thread/DEBUG] [CustomSkinLoader Core]: Loading Legacy Texture (minecraft:skins/legacy-)
[2026-09-01 09:49:28] [/DEBUG] [CustomSkinLoader Core]: Failed to request (Response Code: 404)
[2026-09-01 09:49:28] [/DEBUG] [CustomSkinLoader Core]: Failed to request (Response Code: 404)
[2026-09-01 09:49:28] [/DEBUG] [CustomSkinLoader Core]: Try to request 'https://star-plays-dev.github.io/Web/capes/.png'.
[2026-09-01 09:49:28] [/DEBUG] [CustomSkinLoader Core]: Try to request 'https://star-plays-dev.github.io/Web/capes/.png'.
[2026-09-01 09:49:28] [Client thread/DEBUG] [CustomSkinLoader Core]: Loading Legacy Texture (minecraft:skins/legacy-)
[2026-09-01 09:49:28] [Client thread/DEBUG] [CustomSkinLoader Core]: Loading Legacy Texture (minecraft:skins/legacy-)
[2026-09-01 09:49:28] [Client thread/DEBUG] [CustomSkinLoader Core]: Loading Legacy Texture (minecraft:skins/legacy-)
[2026-09-01 09:49:28] [Client thread/DEBUG] [CustomSkinLoader Core]: Loading Legacy Texture (minecraft:skins/legacy-)
[2026-09-01 09:49:28] [Client thread/DEBUG] [CustomSkinLoader Core]: Loading Legacy Texture (minecraft:skins/legacy-)
[2026-09-01 09:49:28] [Client thread/DEBUG] [CustomSkinLoader Core]: Loading Legacy Texture (minecraft:skins/legacy-)
[2026-09-01 09:49:28] [/DEBUG] [CustomSkinLoader Core]: Failed to request (Response Code: 404)
[2026-09-01 09:49:28] [/DEBUG] [CustomSkinLoader Core]: Failed to request (Response Code: 404)
[2026-09-01 09:49:28] [/DEBUG] [CustomSkinLoader Core]: Try to request 'https://star-plays-dev.github.io/Web/capes/.png'.
[2026-09-01 09:49:28] [/DEBUG] [CustomSkinLoader Core]: Try to request 'https://star-plays-dev.github.io/Web/capes/.png'.
[2026-09-01 09:49:29] [Client thread/DEBUG] [CustomSkinLoader Core]: Loading Legacy Texture (minecraft:skins/legacy-)
[2026-09-01 09:49:29] [Client thread/DEBUG] [CustomSkinLoader Core]: Loading Legacy Texture (minecraft:skins/legacy-)
[2026-09-01 09:49:29] [Client thread/DEBUG] [CustomSkinLoader Core]: Loading Legacy Texture (minecraft:skins/legacy-)
[2026-09-01 09:49:29] [Client thread/DEBUG] [CustomSkinLoader Core]: Loading Legacy Texture (minecraft:skins/legacy-)
[2026-09-01 09:49:29] [/DEBUG] [CustomSkinLoader Core]: Failed to request (Response Code: 404)
[2026-09-01 09:49:29] [/DEBUG] [CustomSkinLoader Core]: Try to request 'https://star-plays-dev.github.io/Web/capes/.png'.
[2026-09-01 09:49:29] [Client thread/DEBUG] [CustomSkinLoader Core]: Loading Legacy Texture (minecraft:skins/legacy-)
[2026-09-01 09:49:29] [Client thread/DEBUG] [CustomSkinLoader Core]: Loading Legacy Texture (minecraft:skins/legacy-)
[2026-09-01 09:49:29] [Client thread/DEBUG] [CustomSkinLoader Core]: Loading Legacy Texture (minecraft:skins/legacy-)
[2026-09-01 09:49:29] [Client thread/DEBUG] [CustomSkinLoader Core]: Loading Legacy Texture (minecraft:skins/legacy-)
[2026-09-01 09:49:29] [Client thread/DEBUG] [CustomSkinLoader Core]: Loading Legacy Texture (minecraft:skins/legacy-)
[2026-09-01 09:49:29] [Client thread/DEBUG] [CustomSkinLoader Core]: Loading Legacy Texture (minecraft:skins/legacy-)
[2026-09-01 09:49:29] [Client thread/DEBUG] [CustomSkinLoader Core]: Loading Legacy Texture (minecraft:skins/legacy-)
[2026-09-01 09:49:29] [/DEBUG] [CustomSkinLoader Core]: Failed to request (Response Code: 404)
[2026-09-01 09:49:29] [/INFO] [CustomSkinLoader Core]: No texture could be found.
[2026-09-01 09:49:29] [/INFO] [CustomSkinLoader Core]: 's profile not found in load list.
[2026-09-01 09:49:29] [/INFO] [CustomSkinLoader Core]: Loading 's profile.
[2026-09-01 09:49:29] [/INFO] [CustomSkinLoader Core]: 1/2 Try to load profile from 'GameProfile'.
[2026-09-01 09:49:29] [/INFO] [CustomSkinLoader Core]: Profile not found.
[2026-09-01 09:49:29] [/INFO] [CustomSkinLoader Core]: 2/2 Try to load profile from 'Server17'.
[2026-09-01 09:49:29] [/DEBUG] [CustomSkinLoader Core]: Failed to request (Response Code: 404)
[2026-09-01 09:49:29] [/DEBUG] [CustomSkinLoader Core]: Try to request 'https://star-plays-dev.github.io/Web/skins/.png'.
[2026-09-01 09:49:29] [/INFO] [CustomSkinLoader Core]: No texture could be found.
[2026-09-01 09:49:29] [/INFO] [CustomSkinLoader Core]: 's profile not found in load list.
[2026-09-01 09:49:29] [/INFO] [CustomSkinLoader Core]: Loading 's profile.
[2026-09-01 09:49:29] [/INFO] [CustomSkinLoader Core]: 1/2 Try to load profile from 'GameProfile'.
[2026-09-01 09:49:29] [/INFO] [CustomSkinLoader Core]: Profile not found.
[2026-09-01 09:49:29] [/INFO] [CustomSkinLoader Core]: 2/2 Try to load profile from 'Server17'.
[2026-09-01 09:49:29] [/DEBUG] [CustomSkinLoader Core]: Try to request 'https://star-plays-dev.github.io/Web/skins/.png'.
[2026-09-01 09:49:29] [/DEBUG] [CustomSkinLoader Core]: Failed to request (Response Code: 404)
[2026-09-01 09:49:29] [/INFO] [CustomSkinLoader Core]: No texture could be found.
[2026-09-01 09:49:29] [/INFO] [CustomSkinLoader Core]: 's profile not found in load list.
[2026-09-01 09:49:29] [/INFO] [CustomSkinLoader Core]: Loading 's profile.
[2026-09-01 09:49:29] [/INFO] [CustomSkinLoader Core]: 1/2 Try to load profile from 'GameProfile'.
[2026-09-01 09:49:29] [/INFO] [CustomSkinLoader Core]: Profile not found.
[2026-09-01 09:49:29] [/INFO] [CustomSkinLoader Core]: 2/2 Try to load profile from 'Server17'.
[2026-09-01 09:49:29] [/DEBUG] [CustomSkinLoader Core]: Try to request 'https://star-plays-dev.github.io/Web/skins/.png'.
[2026-09-01 09:49:29] [/DEBUG] [CustomSkinLoader Core]: Failed to request (Response Code: 404)
[2026-09-01 09:49:29] [/INFO] [CustomSkinLoader Core]: No texture could be found.
[2026-09-01 09:49:29] [/INFO] [CustomSkinLoader Core]: 's profile not found in load list.
[2026-09-01 09:49:29] [/INFO] [CustomSkinLoader Core]: Loading 's profile.
[2026-09-01 09:49:29] [/INFO] [CustomSkinLoader Core]: 1/2 Try to load profile from 'GameProfile'.
[2026-09-01 09:49:29] [/INFO] [CustomSkinLoader Core]: Profile not found.
[2026-09-01 09:49:29] [/INFO] [CustomSkinLoader Core]: 2/2 Try to load profile from 'Server17'.
[2026-09-01 09:49:29] [/DEBUG] [CustomSkinLoader Core]: Try to request 'https://star-plays-dev.github.io/Web/skins/.png'.
[2026-09-01 09:49:29] [/DEBUG] [CustomSkinLoader Core]: Failed to request (Response Code: 404)
[2026-09-01 09:49:29] [/INFO] [CustomSkinLoader Core]: No texture could be found.
[2026-09-01 09:49:29] [/INFO] [CustomSkinLoader Core]: 's profile not found in load list.
[2026-09-01 09:49:29] [/INFO] [CustomSkinLoader Core]: Loading 's profile.
[2026-09-01 09:49:29] [/INFO] [CustomSkinLoader Core]: 1/2 Try to load profile from 'GameProfile'.
[2026-09-01 09:49:29] [/INFO] [CustomSkinLoader Core]: Profile not found.
[2026-09-01 09:49:29] [/INFO] [CustomSkinLoader Core]: 2/2 Try to load profile from 'Server17'.
[2026-09-01 09:49:29] [/DEBUG] [CustomSkinLoader Core]: Try to request 'https://star-plays-dev.github.io/Web/skins/.png'.
[2026-09-01 09:49:29] [/DEBUG] [CustomSkinLoader Core]: Failed to request (Response Code: 404)
[2026-09-01 09:49:29] [/INFO] [CustomSkinLoader Core]: No texture could be found.
[2026-09-01 09:49:29] [/INFO] [CustomSkinLoader Core]: 's profile not found in load list.
[2026-09-01 09:49:29] [/INFO] [CustomSkinLoader Core]: Loading 's profile.
[2026-09-01 09:49:29] [/INFO] [CustomSkinLoader Core]: 1/2 Try to load profile from 'GameProfile'.
[2026-09-01 09:49:29] [/INFO] [CustomSkinLoader Core]: Profile not found.
[2026-09-01 09:49:29] [/INFO] [CustomSkinLoader Core]: 2/2 Try to load profile from 'Server17'.
[2026-09-01 09:49:29] [/DEBUG] [CustomSkinLoader Core]: Try to request 'https://star-plays-dev.github.io/Web/skins/.png'.
[2026-09-01 09:49:29] [/DEBUG] [CustomSkinLoader Core]: Failed to request (Response Code: 404)
[2026-09-01 09:49:29] [/INFO] [CustomSkinLoader Core]: No texture could be found.
[2026-09-01 09:49:29] [/INFO] [CustomSkinLoader Core]: 's profile not found in load list.
[2026-09-01 09:49:29] [/INFO] [CustomSkinLoader Core]: Loading 's profile.
[2026-09-01 09:49:29] [/INFO] [CustomSkinLoader Core]: 1/2 Try to load profile from 'GameProfile'.
[2026-09-01 09:49:29] [/INFO] [CustomSkinLoader Core]: Profile not found.
[2026-09-01 09:49:29] [/INFO] [CustomSkinLoader Core]: 2/2 Try to load profile from 'Server17'.
[2026-09-01 09:49:29] [/DEBUG] [CustomSkinLoader Core]: Try to request 'https://star-plays-dev.github.io/Web/skins/.png'.
[2026-09-01 09:49:29] [/DEBUG] [CustomSkinLoader Core]: Failed to request (Response Code: 404)
[2026-09-01 09:49:29] [/INFO] [CustomSkinLoader Core]: No texture could be found.
[2026-09-01 09:49:29] [/INFO] [CustomSkinLoader Core]: 's profile not found in load list.
[2026-09-01 09:49:29] [/INFO] [CustomSkinLoader Core]: Loading 's profile.
[2026-09-01 09:49:29] [/INFO] [CustomSkinLoader Core]: 1/2 Try to load profile from 'GameProfile'.
[2026-09-01 09:49:29] [/INFO] [CustomSkinLoader Core]: Profile not found.
[2026-09-01 09:49:29] [/INFO] [CustomSkinLoader Core]: 2/2 Try to load profile from 'Server17'.
[2026-09-01 09:49:29] [/DEBUG] [CustomSkinLoader Core]: Try to request 'https://star-plays-dev.github.io/Web/skins/.png'.
[2026-09-01 09:49:29] [/DEBUG] [CustomSkinLoader Core]: Failed to request (Response Code: 404)
[2026-09-01 09:49:29] [/DEBUG] [CustomSkinLoader Core]: Try to request 'https://star-plays-dev.github.io/Web/capes/.png'.
[2026-09-01 09:49:29] [/DEBUG] [CustomSkinLoader Core]: Failed to request (Response Code: 404)
[2026-09-01 09:49:29] [/DEBUG] [CustomSkinLoader Core]: Try to request 'https://star-plays-dev.github.io/Web/capes/.png'.
[2026-09-01 09:49:29] [/DEBUG] [CustomSkinLoader Core]: Failed to request (Response Code: 404)
[2026-09-01 09:49:29] [/DEBUG] [CustomSkinLoader Core]: Try to request 'https://star-plays-dev.github.io/Web/capes/.png'.
[2026-09-01 09:49:29] [/DEBUG] [CustomSkinLoader Core]: Failed to request (Response Code: 404)
[2026-09-01 09:49:29] [/DEBUG] [CustomSkinLoader Core]: Try to request 'https://star-plays-dev.github.io/Web/capes/.png'.
[2026-09-01 09:49:29] [/DEBUG] [CustomSkinLoader Core]: Failed to request (Response Code: 404)
[2026-09-01 09:49:29] [/DEBUG] [CustomSkinLoader Core]: Try to request 'https://star-plays-dev.github.io/Web/capes/.png'.
[2026-09-01 09:49:29] [/DEBUG] [CustomSkinLoader Core]: Failed to request (Response Code: 404)
[2026-09-01 09:49:29] [/DEBUG] [CustomSkinLoader Core]: Try to request 'https://star-plays-dev.github.io/Web/capes/.png'.
[2026-09-01 09:49:29] [/DEBUG] [CustomSkinLoader Core]: Failed to request (Response Code: 404)
[2026-09-01 09:49:29] [/DEBUG] [CustomSkinLoader Core]: Try to request 'https://star-plays-dev.github.io/Web/capes/.png'.
[2026-09-01 09:49:30] [/DEBUG] [CustomSkinLoader Core]: Failed to request (Response Code: 404)
[2026-09-01 09:49:30] [/DEBUG] [CustomSkinLoader Core]: Try to request 'https://star-plays-dev.github.io/Web/capes/.png'.
[2026-09-01 09:49:30] [/DEBUG] [CustomSkinLoader Core]: Failed to request (Response Code: 404)
[2026-09-01 09:49:30] [/DEBUG] [CustomSkinLoader Core]: Failed to request (Response Code: 404)
[2026-09-01 09:49:30] [/INFO] [CustomSkinLoader Core]: No texture could be found.
[2026-09-01 09:49:30] [/INFO] [CustomSkinLoader Core]: No texture could be found.
[2026-09-01 09:49:30] [/INFO] [CustomSkinLoader Core]: 's profile not found in load list.
[2026-09-01 09:49:30] [/INFO] [CustomSkinLoader Core]: 's profile not found in load list.
[2026-09-01 09:49:30] [/INFO] [CustomSkinLoader Core]: Loading 's profile.
[2026-09-01 09:49:30] [/INFO] [CustomSkinLoader Core]: 1/2 Try to load profile from 'GameProfile'.
[2026-09-01 09:49:30] [/INFO] [CustomSkinLoader Core]: Cached profile will be used.
[2026-09-01 09:49:30] [/INFO] [CustomSkinLoader Core]: Profile not found.
[2026-09-01 09:49:30] [/WARNING] [CustomSkinLoader Core]: (Cached Profile is empty!) Expiry: 0
[2026-09-01 09:49:30] [/INFO] [CustomSkinLoader Core]: 2/2 Try to load profile from 'Server17'.
[2026-09-01 09:49:30] [/INFO] [CustomSkinLoader Core]: Loading 's profile.
[2026-09-01 09:49:30] [/DEBUG] [CustomSkinLoader Core]: Try to request 'https://star-plays-dev.github.io/Web/skins/.png'.
[2026-09-01 09:49:30] [/INFO] [CustomSkinLoader Core]: 1/2 Try to load profile from 'GameProfile'.
[2026-09-01 09:49:30] [/INFO] [CustomSkinLoader Core]: Profile not found.
[2026-09-01 09:49:30] [/INFO] [CustomSkinLoader Core]: 2/2 Try to load profile from 'Server17'.
[2026-09-01 09:49:30] [/DEBUG] [CustomSkinLoader Core]: Try to request 'https://star-plays-dev.github.io/Web/skins/.png'.
[2026-09-01 09:49:30] [/DEBUG] [CustomSkinLoader Core]: Failed to request (Response Code: 404)
[2026-09-01 09:49:30] [/INFO] [CustomSkinLoader Core]: No texture could be found.
[2026-09-01 09:49:30] [/INFO] [CustomSkinLoader Core]: 's profile not found in load list.
[2026-09-01 09:49:30] [/INFO] [CustomSkinLoader Core]: Loading 's profile.
[2026-09-01 09:49:30] [/INFO] [CustomSkinLoader Core]: 1/2 Try to load profile from 'GameProfile'.
[2026-09-01 09:49:30] [/INFO] [CustomSkinLoader Core]: Profile not found.
[2026-09-01 09:49:30] [/INFO] [CustomSkinLoader Core]: 2/2 Try to load profile from 'Server17'.
[2026-09-01 09:49:30] [/DEBUG] [CustomSkinLoader Core]: Try to request 'https://star-plays-dev.github.io/Web/skins/.png'.
[2026-09-01 09:49:30] [/DEBUG] [CustomSkinLoader Core]: Failed to request (Response Code: 404)
[2026-09-01 09:49:30] [/INFO] [CustomSkinLoader Core]: No texture could be found.
[2026-09-01 09:49:30] [/INFO] [CustomSkinLoader Core]: 's profile not found in load list.
[2026-09-01 09:49:30] [/INFO] [CustomSkinLoader Core]: Loading 's profile.
[2026-09-01 09:49:30] [/INFO] [CustomSkinLoader Core]: 1/2 Try to load profile from 'GameProfile'.
[2026-09-01 09:49:30] [/INFO] [CustomSkinLoader Core]: Profile not found.
[2026-09-01 09:49:30] [/INFO] [CustomSkinLoader Core]: 2/2 Try to load profile from 'Server17'.
[2026-09-01 09:49:30] [/DEBUG] [CustomSkinLoader Core]: Try to request 'https://star-plays-dev.github.io/Web/skins/.png'.
[2026-09-01 09:49:30] [/DEBUG] [CustomSkinLoader Core]: Failed to request (Response Code: 404)
[2026-09-01 09:49:30] [/INFO] [CustomSkinLoader Core]: No texture could be found.
[2026-09-01 09:49:30] [/INFO] [CustomSkinLoader Core]: 's profile not found in load list.
[2026-09-01 09:49:30] [/INFO] [CustomSkinLoader Core]: Loading 's profile.
[2026-09-01 09:49:30] [/INFO] [CustomSkinLoader Core]: 1/2 Try to load profile from 'GameProfile'.
[2026-09-01 09:49:30] [/INFO] [CustomSkinLoader Core]: Profile not found.
[2026-09-01 09:49:30] [/INFO] [CustomSkinLoader Core]: 2/2 Try to load profile from 'Server17'.
[2026-09-01 09:49:30] [/DEBUG] [CustomSkinLoader Core]: Try to request 'https://star-plays-dev.github.io/Web/skins/.png'.
[2026-09-01 09:49:30] [/DEBUG] [CustomSkinLoader Core]: Failed to request (Response Code: 404)
[2026-09-01 09:49:30] [/INFO] [CustomSkinLoader Core]: No texture could be found.
[2026-09-01 09:49:30] [/INFO] [CustomSkinLoader Core]: 's profile not found in load list.
[2026-09-01 09:49:30] [/INFO] [CustomSkinLoader Core]: Loading 's profile.
[2026-09-01 09:49:30] [/INFO] [CustomSkinLoader Core]: 1/2 Try to load profile from 'GameProfile'.
[2026-09-01 09:49:30] [/INFO] [CustomSkinLoader Core]: Profile not found.
[2026-09-01 09:49:30] [/INFO] [CustomSkinLoader Core]: 2/2 Try to load profile from 'Server17'.
[2026-09-01 09:49:30] [/DEBUG] [CustomSkinLoader Core]: Try to request 'https://star-plays-dev.github.io/Web/skins/.png'.
[2026-09-01 09:49:30] [/DEBUG] [CustomSkinLoader Core]: Failed to request (Response Code: 404)
[2026-09-01 09:49:30] [/INFO] [CustomSkinLoader Core]: No texture could be found.
[2026-09-01 09:49:30] [/INFO] [CustomSkinLoader Core]: 's profile not found in load list.
[2026-09-01 09:49:30] [/INFO] [CustomSkinLoader Core]: Loading 's profile.
[2026-09-01 09:49:30] [/INFO] [CustomSkinLoader Core]: 1/2 Try to load profile from 'GameProfile'.
[2026-09-01 09:49:30] [/INFO] [CustomSkinLoader Core]: Profile not found.
[2026-09-01 09:49:30] [/INFO] [CustomSkinLoader Core]: 2/2 Try to load profile from 'Server17'.
[2026-09-01 09:49:30] [/DEBUG] [CustomSkinLoader Core]: Try to request 'https://star-plays-dev.github.io/Web/skins/.png'.
[2026-09-01 09:49:30] [/DEBUG] [CustomSkinLoader Core]: Failed to request (Response Code: 404)
[2026-09-01 09:49:30] [/DEBUG] [CustomSkinLoader Core]: Try to request 'https://star-plays-dev.github.io/Web/capes/.png'.
[2026-09-01 09:49:30] [/DEBUG] [CustomSkinLoader Core]: Failed to request (Response Code: 404)
[2026-09-01 09:49:30] [/DEBUG] [CustomSkinLoader Core]: Try to request 'https://star-plays-dev.github.io/Web/capes/.png'.
[2026-09-01 09:49:30] [/DEBUG] [CustomSkinLoader Core]: Failed to request (Response Code: 404)
[2026-09-01 09:49:30] [/INFO] [CustomSkinLoader Core]: No texture could be found.
[2026-09-01 09:49:30] [/INFO] [CustomSkinLoader Core]: 's profile not found in load list.
[2026-09-01 09:49:30] [/INFO] [CustomSkinLoader Core]: Loading 's profile.
[2026-09-01 09:49:30] [/INFO] [CustomSkinLoader Core]: 1/2 Try to load profile from 'GameProfile'.
[2026-09-01 09:49:30] [/INFO] [CustomSkinLoader Core]: Profile not found.
[2026-09-01 09:49:30] [/INFO] [CustomSkinLoader Core]: 2/2 Try to load profile from 'Server17'.
[2026-09-01 09:49:30] [/DEBUG] [CustomSkinLoader Core]: Failed to request (Response Code: 404)
[2026-09-01 09:49:30] [/DEBUG] [CustomSkinLoader Core]: Try to request 'https://star-plays-dev.github.io/Web/skins/.png'.
[2026-09-01 09:49:30] [/DEBUG] [CustomSkinLoader Core]: Try to request 'https://star-plays-dev.github.io/Web/capes/.png'.
[2026-09-01 09:49:31] [/DEBUG] [CustomSkinLoader Core]: Failed to request (Response Code: 404)
[2026-09-01 09:49:31] [/DEBUG] [CustomSkinLoader Core]: Try to request 'https://star-plays-dev.github.io/Web/capes/.png'.
[2026-09-01 09:49:31] [/DEBUG] [CustomSkinLoader Core]: Failed to request (Response Code: 404)
[2026-09-01 09:49:31] [/DEBUG] [CustomSkinLoader Core]: Try to request 'https://star-plays-dev.github.io/Web/capes/.png'.
[2026-09-01 09:49:31] [/DEBUG] [CustomSkinLoader Core]: Failed to request (Response Code: 404)
[2026-09-01 09:49:31] [/DEBUG] [CustomSkinLoader Core]: Try to request 'https://star-plays-dev.github.io/Web/capes/.png'.
[2026-09-01 09:49:31] [/DEBUG] [CustomSkinLoader Core]: Failed to request (Response Code: 404)
[2026-09-01 09:49:31] [/DEBUG] [CustomSkinLoader Core]: Try to request 'https://star-plays-dev.github.io/Web/capes/.png'.
[2026-09-01 09:49:31] [/DEBUG] [CustomSkinLoader Core]: Failed to request (Response Code: 404)
[2026-09-01 09:49:31] [/INFO] [CustomSkinLoader Core]: No texture could be found.
[2026-09-01 09:49:31] [/INFO] [CustomSkinLoader Core]: 's profile not found in load list.
[2026-09-01 09:49:31] [/INFO] [CustomSkinLoader Core]: Loading 's profile.
[2026-09-01 09:49:31] [/INFO] [CustomSkinLoader Core]: 1/2 Try to load profile from 'GameProfile'.
[2026-09-01 09:49:31] [/INFO] [CustomSkinLoader Core]: Profile not found.
[2026-09-01 09:49:31] [/INFO] [CustomSkinLoader Core]: 2/2 Try to load profile from 'Server17'.
[2026-09-01 09:49:31] [/DEBUG] [CustomSkinLoader Core]: Try to request 'https://star-plays-dev.github.io/Web/skins/.png'.
[2026-09-01 09:49:31] [/DEBUG] [CustomSkinLoader Core]: Failed to request (Response Code: 404)
[2026-09-01 09:49:31] [/DEBUG] [CustomSkinLoader Core]: Try to request 'https://star-plays-dev.github.io/Web/capes/.png'.
[2026-09-01 09:49:31] [/DEBUG] [CustomSkinLoader Core]: Failed to request (Response Code: 404)
[2026-09-01 09:49:31] [/INFO] [CustomSkinLoader Core]: No texture could be found.
[2026-09-01 09:49:31] [/INFO] [CustomSkinLoader Core]: 's profile not found in load list.
[2026-09-01 09:49:31] [/INFO] [CustomSkinLoader Core]: Loading 's profile.
[2026-09-01 09:49:31] [/INFO] [CustomSkinLoader Core]: 1/2 Try to load profile from 'GameProfile'.
[2026-09-01 09:49:31] [/INFO] [CustomSkinLoader Core]: Profile not found.
[2026-09-01 09:49:31] [/INFO] [CustomSkinLoader Core]: 2/2 Try to load profile from 'Server17'.
[2026-09-01 09:49:31] [/DEBUG] [CustomSkinLoader Core]: Try to request 'https://star-plays-dev.github.io/Web/skins/.png'.
[2026-09-01 09:49:31] [/DEBUG] [CustomSkinLoader Core]: Failed to request (Response Code: 404)
[2026-09-01 09:49:31] [/INFO] [CustomSkinLoader Core]: No texture could be found.
[2026-09-01 09:49:31] [/INFO] [CustomSkinLoader Core]: 's profile not found in load list.
[2026-09-01 09:49:31] [/INFO] [CustomSkinLoader Core]: Loading 's profile.
[2026-09-01 09:49:31] [/INFO] [CustomSkinLoader Core]: 1/2 Try to load profile from 'GameProfile'.
[2026-09-01 09:49:31] [/INFO] [CustomSkinLoader Core]: Profile not found.
[2026-09-01 09:49:31] [/INFO] [CustomSkinLoader Core]: 2/2 Try to load profile from 'Server17'.
[2026-09-01 09:49:31] [/DEBUG] [CustomSkinLoader Core]: Try to request 'https://star-plays-dev.github.io/Web/skins/.png'.
[2026-09-01 09:49:31] [/DEBUG] [CustomSkinLoader Core]: Failed to request (Response Code: 404)
[2026-09-01 09:49:31] [/INFO] [CustomSkinLoader Core]: No texture could be found.
[2026-09-01 09:49:31] [/INFO] [CustomSkinLoader Core]: 's profile not found in load list.
[2026-09-01 09:49:31] [/INFO] [CustomSkinLoader Core]: Loading 's profile.
[2026-09-01 09:49:31] [/INFO] [CustomSkinLoader Core]: 1/2 Try to load profile from 'GameProfile'.
[2026-09-01 09:49:31] [/INFO] [CustomSkinLoader Core]: Profile not found.
[2026-09-01 09:49:31] [/INFO] [CustomSkinLoader Core]: 2/2 Try to load profile from 'Server17'.
[2026-09-01 09:49:31] [/DEBUG] [CustomSkinLoader Core]: Try to request 'https://star-plays-dev.github.io/Web/skins/.png'.
[2026-09-01 09:49:31] [/DEBUG] [CustomSkinLoader Core]: Failed to request (Response Code: 404)
[2026-09-01 09:49:31] [/INFO] [CustomSkinLoader Core]: No texture could be found.
[2026-09-01 09:49:31] [/INFO] [CustomSkinLoader Core]: 's profile not found in load list.
[2026-09-01 09:49:31] [/INFO] [CustomSkinLoader Core]: Loading 's profile.
[2026-09-01 09:49:31] [/INFO] [CustomSkinLoader Core]: 1/2 Try to load profile from 'GameProfile'.
[2026-09-01 09:49:31] [/INFO] [CustomSkinLoader Core]: Profile not found.
[2026-09-01 09:49:31] [/INFO] [CustomSkinLoader Core]: 2/2 Try to load profile from 'Server17'.
[2026-09-01 09:49:31] [/DEBUG] [CustomSkinLoader Core]: Try to request 'https://star-plays-dev.github.io/Web/skins/.png'.
[2026-09-01 09:49:31] [/DEBUG] [CustomSkinLoader Core]: Failed to request (Response Code: 404)
[2026-09-01 09:49:31] [/INFO] [CustomSkinLoader Core]: No texture could be found.
[2026-09-01 09:49:31] [/INFO] [CustomSkinLoader Core]: 's profile not found in load list.
[2026-09-01 09:49:31] [/INFO] [CustomSkinLoader Core]: Loading 's profile.
[2026-09-01 09:49:31] [/INFO] [CustomSkinLoader Core]: 1/2 Try to load profile from 'GameProfile'.
[2026-09-01 09:49:31] [/INFO] [CustomSkinLoader Core]: Profile not found.
[2026-09-01 09:49:31] [/INFO] [CustomSkinLoader Core]: 2/2 Try to load profile from 'Server17'.
[2026-09-01 09:49:31] [/DEBUG] [CustomSkinLoader Core]: Try to request 'https://star-plays-dev.github.io/Web/skins/.png'.
[2026-09-01 09:49:31] [/DEBUG] [CustomSkinLoader Core]: Failed to request (Response Code: 404)
[2026-09-01 09:49:31] [/INFO] [CustomSkinLoader Core]: No texture could be found.
[2026-09-01 09:49:31] [/INFO] [CustomSkinLoader Core]: 's profile not found in load list.
[2026-09-01 09:49:31] [/INFO] [CustomSkinLoader Core]: Loading 's profile.
[2026-09-01 09:49:31] [/INFO] [CustomSkinLoader Core]: 1/2 Try to load profile from 'GameProfile'.
[2026-09-01 09:49:31] [/INFO] [CustomSkinLoader Core]: Profile not found.
[2026-09-01 09:49:31] [/INFO] [CustomSkinLoader Core]: 2/2 Try to load profile from 'Server17'.
[2026-09-01 09:49:31] [/DEBUG] [CustomSkinLoader Core]: Try to request 'https://star-plays-dev.github.io/Web/skins/.png'.
[2026-09-01 09:49:31] [/DEBUG] [CustomSkinLoader Core]: Failed to request (Response Code: 404)
[2026-09-01 09:49:31] [/DEBUG] [CustomSkinLoader Core]: Try to request 'https://star-plays-dev.github.io/Web/capes/.png'.
[2026-09-01 09:49:31] [/DEBUG] [CustomSkinLoader Core]: Failed to request (Response Code: 404)
[2026-09-01 09:49:31] [/DEBUG] [CustomSkinLoader Core]: Try to request 'https://star-plays-dev.github.io/Web/capes/.png'.
[2026-09-01 09:49:31] [/DEBUG] [CustomSkinLoader Core]: Failed to request (Response Code: 404)
[2026-09-01 09:49:31] [/INFO] [CustomSkinLoader Core]: No texture could be found.
[2026-09-01 09:49:31] [/INFO] [CustomSkinLoader Core]: 's profile not found in load list.
[2026-09-01 09:49:31] [/INFO] [CustomSkinLoader Core]: Loading 's profile.
[2026-09-01 09:49:31] [/INFO] [CustomSkinLoader Core]: 1/2 Try to load profile from 'GameProfile'.
[2026-09-01 09:49:31] [/INFO] [CustomSkinLoader Core]: Profile not found.
[2026-09-01 09:49:31] [/INFO] [CustomSkinLoader Core]: 2/2 Try to load profile from 'Server17'.
[2026-09-01 09:49:31] [/DEBUG] [CustomSkinLoader Core]: Try to request 'https://star-plays-dev.github.io/Web/skins/.png'.
[2026-09-01 09:49:31] [/DEBUG] [CustomSkinLoader Core]: Failed to request (Response Code: 404)
[2026-09-01 09:49:31] [/DEBUG] [CustomSkinLoader Core]: Try to request 'https://star-plays-dev.github.io/Web/capes/.png'.
[2026-09-01 09:49:31] [/DEBUG] [CustomSkinLoader Core]: Failed to request (Response Code: 404)
[2026-09-01 09:49:31] [/DEBUG] [CustomSkinLoader Core]: Try to request 'https://star-plays-dev.github.io/Web/capes/.png'.
[2026-09-01 09:49:31] [/DEBUG] [CustomSkinLoader Core]: Failed to request (Response Code: 404)
[2026-09-01 09:49:31] [/DEBUG] [CustomSkinLoader Core]: Try to request 'https://star-plays-dev.github.io/Web/capes/.png'.
[2026-09-01 09:49:31] [/DEBUG] [CustomSkinLoader Core]: Failed to request (Response Code: 404)
[2026-09-01 09:49:31] [/DEBUG] [CustomSkinLoader Core]: Try to request 'https://star-plays-dev.github.io/Web/capes/.png'.
[2026-09-01 09:49:31] [/DEBUG] [CustomSkinLoader Core]: Failed to request (Response Code: 404)
[2026-09-01 09:49:31] [/INFO] [CustomSkinLoader Core]: No texture could be found.
[2026-09-01 09:49:31] [/INFO] [CustomSkinLoader Core]: 's profile not found in load list.
[2026-09-01 09:49:31] [/INFO] [CustomSkinLoader Core]: Loading 's profile.
[2026-09-01 09:49:31] [/INFO] [CustomSkinLoader Core]: 1/2 Try to load profile from 'GameProfile'.
[2026-09-01 09:49:31] [/INFO] [CustomSkinLoader Core]: Profile not found.
[2026-09-01 09:49:31] [/INFO] [CustomSkinLoader Core]: 2/2 Try to load profile from 'Server17'.
[2026-09-01 09:49:31] [/DEBUG] [CustomSkinLoader Core]: Try to request 'https://star-plays-dev.github.io/Web/skins/.png'.
[2026-09-01 09:49:31] [/DEBUG] [CustomSkinLoader Core]: Failed to request (Response Code: 404)
[2026-09-01 09:49:31] [/INFO] [CustomSkinLoader Core]: No texture could be found.
[2026-09-01 09:49:31] [/INFO] [CustomSkinLoader Core]: 's profile not found in load list.
[2026-09-01 09:49:31] [/INFO] [CustomSkinLoader Core]: Loading 's profile.
[2026-09-01 09:49:31] [/INFO] [CustomSkinLoader Core]: 1/2 Try to load profile from 'GameProfile'.
[2026-09-01 09:49:31] [/INFO] [CustomSkinLoader Core]: Profile not found.
[2026-09-01 09:49:31] [/INFO] [CustomSkinLoader Core]: 2/2 Try to load profile from 'Server17'.
[2026-09-01 09:49:31] [/DEBUG] [CustomSkinLoader Core]: Try to request 'https://star-plays-dev.github.io/Web/skins/.png'.
[2026-09-01 09:49:31] [/DEBUG] [CustomSkinLoader Core]: Failed to request (Response Code: 404)
[2026-09-01 09:49:31] [/DEBUG] [CustomSkinLoader Core]: Try to request 'https://star-plays-dev.github.io/Web/capes/.png'.
[2026-09-01 09:49:32] [/DEBUG] [CustomSkinLoader Core]: Failed to request (Response Code: 404)
[2026-09-01 09:49:32] [/DEBUG] [CustomSkinLoader Core]: Try to request 'https://star-plays-dev.github.io/Web/capes/.png'.
[2026-09-01 09:49:32] [/DEBUG] [CustomSkinLoader Core]: Failed to request (Response Code: 404)
[2026-09-01 09:49:32] [/INFO] [CustomSkinLoader Core]: No texture could be found.
[2026-09-01 09:49:32] [/INFO] [CustomSkinLoader Core]: 's profile not found in load list.
[2026-09-01 09:49:32] [/INFO] [CustomSkinLoader Core]: Loading 's profile.
[2026-09-01 09:49:32] [/INFO] [CustomSkinLoader Core]: 1/2 Try to load profile from 'GameProfile'.
[2026-09-01 09:49:32] [/INFO] [CustomSkinLoader Core]: Profile not found.
[2026-09-01 09:49:32] [/INFO] [CustomSkinLoader Core]: 2/2 Try to load profile from 'Server17'.
[2026-09-01 09:49:32] [/DEBUG] [CustomSkinLoader Core]: Try to request 'https://star-plays-dev.github.io/Web/skins/.png'.
[2026-09-01 09:49:32] [/DEBUG] [CustomSkinLoader Core]: Failed to request (Response Code: 404)
[2026-09-01 09:49:32] [/INFO] [CustomSkinLoader Core]: No texture could be found.
[2026-09-01 09:49:32] [/INFO] [CustomSkinLoader Core]: 's profile not found in load list.
[2026-09-01 09:49:32] [/INFO] [CustomSkinLoader Core]: Loading 's profile.
[2026-09-01 09:49:32] [/INFO] [CustomSkinLoader Core]: 1/2 Try to load profile from 'GameProfile'.
[2026-09-01 09:49:32] [/INFO] [CustomSkinLoader Core]: Profile not found.
[2026-09-01 09:49:32] [/INFO] [CustomSkinLoader Core]: 2/2 Try to load profile from 'Server17'.
[2026-09-01 09:49:32] [/DEBUG] [CustomSkinLoader Core]: Try to request 'https://star-plays-dev.github.io/Web/skins/.png'.
[2026-09-01 09:49:32] [/DEBUG] [CustomSkinLoader Core]: Failed to request (Response Code: 404)
[2026-09-01 09:49:32] [/INFO] [CustomSkinLoader Core]: No texture could be found.
[2026-09-01 09:49:32] [/INFO] [CustomSkinLoader Core]: 's profile not found in load list.
[2026-09-01 09:49:32] [/INFO] [CustomSkinLoader Core]: Loading 's profile.
[2026-09-01 09:49:32] [/INFO] [CustomSkinLoader Core]: 1/2 Try to load profile from 'GameProfile'.
[2026-09-01 09:49:32] [/INFO] [CustomSkinLoader Core]: Profile not found.
[2026-09-01 09:49:32] [/INFO] [CustomSkinLoader Core]: 2/2 Try to load profile from 'Server17'.
[2026-09-01 09:49:32] [/DEBUG] [CustomSkinLoader Core]: Try to request 'https://star-plays-dev.github.io/Web/skins/.png'.
[2026-09-01 09:49:32] [/DEBUG] [CustomSkinLoader Core]: Failed to request (Response Code: 404)
[2026-09-01 09:49:32] [/INFO] [CustomSkinLoader Core]: No texture could be found.
[2026-09-01 09:49:32] [/INFO] [CustomSkinLoader Core]: 's profile not found in load list.
[2026-09-01 09:49:32] [/INFO] [CustomSkinLoader Core]: Loading 's profile.
[2026-09-01 09:49:32] [/INFO] [CustomSkinLoader Core]: 1/2 Try to load profile from 'GameProfile'.
[2026-09-01 09:49:32] [/INFO] [CustomSkinLoader Core]: Profile not found.
[2026-09-01 09:49:32] [/INFO] [CustomSkinLoader Core]: 2/2 Try to load profile from 'Server17'.
[2026-09-01 09:49:32] [/DEBUG] [CustomSkinLoader Core]: Try to request 'https://star-plays-dev.github.io/Web/skins/.png'.
[2026-09-01 09:49:32] [/DEBUG] [CustomSkinLoader Core]: Failed to request (Response Code: 404)
[2026-09-01 09:49:32] [/INFO] [CustomSkinLoader Core]: No texture could be found.
[2026-09-01 09:49:32] [/INFO] [CustomSkinLoader Core]: 's profile not found in load list.
[2026-09-01 09:49:32] [/INFO] [CustomSkinLoader Core]: Loading 's profile.
[2026-09-01 09:49:32] [/INFO] [CustomSkinLoader Core]: 1/2 Try to load profile from 'GameProfile'.
[2026-09-01 09:49:32] [/INFO] [CustomSkinLoader Core]: Profile not found.
[2026-09-01 09:49:32] [/INFO] [CustomSkinLoader Core]: 2/2 Try to load profile from 'Server17'.
[2026-09-01 09:49:32] [/DEBUG] [CustomSkinLoader Core]: Try to request 'https://star-plays-dev.github.io/Web/skins/.png'.
[2026-09-01 09:49:32] [/DEBUG] [CustomSkinLoader Core]: Failed to request (Response Code: 404)
[2026-09-01 09:49:32] [/INFO] [CustomSkinLoader Core]: No texture could be found.
[2026-09-01 09:49:32] [/INFO] [CustomSkinLoader Core]: 's profile not found in load list.
[2026-09-01 09:49:32] [/DEBUG] [CustomSkinLoader Core]: Failed to request (Response Code: 404)
[2026-09-01 09:49:32] [/DEBUG] [CustomSkinLoader Core]: Try to request 'https://star-plays-dev.github.io/Web/capes/.png'.
[2026-09-01 09:49:32] [/INFO] [CustomSkinLoader Core]: Loading 's profile.
[2026-09-01 09:49:32] [/INFO] [CustomSkinLoader Core]: 1/2 Try to load profile from 'GameProfile'.
[2026-09-01 09:49:32] [/INFO] [CustomSkinLoader Core]: Profile not found.
[2026-09-01 09:49:32] [/INFO] [CustomSkinLoader Core]: 2/2 Try to load profile from 'Server17'.
[2026-09-01 09:49:32] [/DEBUG] [CustomSkinLoader Core]: Try to request 'https://star-plays-dev.github.io/Web/skins/.png'.
[2026-09-01 09:49:32] [/DEBUG] [CustomSkinLoader Core]: Failed to request (Response Code: 404)
[2026-09-01 09:49:32] [/DEBUG] [CustomSkinLoader Core]: Try to request 'https://star-plays-dev.github.io/Web/capes/.png'.
[2026-09-01 09:49:32] [/DEBUG] [CustomSkinLoader Core]: Failed to request (Response Code: 404)
[2026-09-01 09:49:32] [/DEBUG] [CustomSkinLoader Core]: Try to request 'https://star-plays-dev.github.io/Web/capes/.png'.
[2026-09-01 09:49:32] [/DEBUG] [CustomSkinLoader Core]: Failed to request (Response Code: 404)
[2026-09-01 09:49:32] [/DEBUG] [CustomSkinLoader Core]: Try to request 'https://star-plays-dev.github.io/Web/capes/.png'.
[2026-09-01 09:49:32] [/DEBUG] [CustomSkinLoader Core]: Failed to request (Response Code: 404)
[2026-09-01 09:49:32] [/DEBUG] [CustomSkinLoader Core]: Try to request 'https://star-plays-dev.github.io/Web/capes/.png'.
[2026-09-01 09:49:32] [/DEBUG] [CustomSkinLoader Core]: Failed to request (Response Code: 404)
[2026-09-01 09:49:32] [/DEBUG] [CustomSkinLoader Core]: Failed to request (Response Code: 404)
[2026-09-01 09:49:32] [/DEBUG] [CustomSkinLoader Core]: Try to request 'https://star-plays-dev.github.io/Web/capes/.png'.
[2026-09-01 09:49:32] [/DEBUG] [CustomSkinLoader Core]: Try to request 'https://star-plays-dev.github.io/Web/capes/.png'.
[2026-09-01 09:49:32] [/DEBUG] [CustomSkinLoader Core]: Failed to request (Response Code: 404)
[2026-09-01 09:49:32] [/INFO] [CustomSkinLoader Core]: No texture could be found.
[2026-09-01 09:49:32] [/INFO] [CustomSkinLoader Core]: 's profile not found in load list.
[2026-09-01 09:49:32] [/INFO] [CustomSkinLoader Core]: Loading 's profile.
[2026-09-01 09:49:32] [/INFO] [CustomSkinLoader Core]: 1/2 Try to load profile from 'GameProfile'.
[2026-09-01 09:49:32] [/INFO] [CustomSkinLoader Core]: Profile not found.
[2026-09-01 09:49:32] [/INFO] [CustomSkinLoader Core]: 2/2 Try to load profile from 'Server17'.
[2026-09-01 09:49:32] [/DEBUG] [CustomSkinLoader Core]: Try to request 'https://star-plays-dev.github.io/Web/skins/.png'.
[2026-09-01 09:49:32] [/DEBUG] [CustomSkinLoader Core]: Failed to request (Response Code: 404)
[2026-09-01 09:49:32] [/DEBUG] [CustomSkinLoader Core]: Try to request 'https://star-plays-dev.github.io/Web/capes/.png'.
[2026-09-01 09:49:32] [/DEBUG] [CustomSkinLoader Core]: Failed to request (Response Code: 404)
[2026-09-01 09:49:32] [/INFO] [CustomSkinLoader Core]: No texture could be found.
[2026-09-01 09:49:32] [/INFO] [CustomSkinLoader Core]: 's profile not found in load list.
[2026-09-01 09:49:32] [/INFO] [CustomSkinLoader Core]: Loading 's profile.
[2026-09-01 09:49:32] [/INFO] [CustomSkinLoader Core]: 1/2 Try to load profile from 'GameProfile'.
[2026-09-01 09:49:32] [/INFO] [CustomSkinLoader Core]: Profile not found.
[2026-09-01 09:49:32] [/INFO] [CustomSkinLoader Core]: 2/2 Try to load profile from 'Server17'.
[2026-09-01 09:49:32] [/DEBUG] [CustomSkinLoader Core]: Try to request 'https://star-plays-dev.github.io/Web/skins/.png'.
[2026-09-01 09:49:32] [/DEBUG] [CustomSkinLoader Core]: Failed to request (Response Code: 404)
[2026-09-01 09:49:32] [/INFO] [CustomSkinLoader Core]: No texture could be found.
[2026-09-01 09:49:32] [/INFO] [CustomSkinLoader Core]: 's profile not found in load list.
[2026-09-01 09:49:32] [/INFO] [CustomSkinLoader Core]: Loading 's profile.
[2026-09-01 09:49:32] [/INFO] [CustomSkinLoader Core]: 1/2 Try to load profile from 'GameProfile'.
[2026-09-01 09:49:32] [/INFO] [CustomSkinLoader Core]: Profile not found.
[2026-09-01 09:49:32] [/INFO] [CustomSkinLoader Core]: 2/2 Try to load profile from 'Server17'.
[2026-09-01 09:49:32] [/DEBUG] [CustomSkinLoader Core]: Try to request 'https://star-plays-dev.github.io/Web/skins/.png'.
[2026-09-01 09:49:32] [/DEBUG] [CustomSkinLoader Core]: Failed to request (Response Code: 404)
[2026-09-01 09:49:32] [/INFO] [CustomSkinLoader Core]: No texture could be found.
[2026-09-01 09:49:32] [/INFO] [CustomSkinLoader Core]: 's profile not found in load list.
[2026-09-01 09:49:32] [/INFO] [CustomSkinLoader Core]: Loading 's profile.
[2026-09-01 09:49:32] [/INFO] [CustomSkinLoader Core]: 1/2 Try to load profile from 'GameProfile'.
[2026-09-01 09:49:32] [/INFO] [CustomSkinLoader Core]: Profile not found.
[2026-09-01 09:49:32] [/INFO] [CustomSkinLoader Core]: 2/2 Try to load profile from 'Server17'.
[2026-09-01 09:49:32] [/DEBUG] [CustomSkinLoader Core]: Try to request 'https://star-plays-dev.github.io/Web/skins/.png'.
[2026-09-01 09:49:32] [/DEBUG] [CustomSkinLoader Core]: Failed to request (Response Code: 404)
[2026-09-01 09:49:32] [/INFO] [CustomSkinLoader Core]: No texture could be found.
[2026-09-01 09:49:32] [/INFO] [CustomSkinLoader Core]: 's profile not found in load list.
[2026-09-01 09:49:32] [/INFO] [CustomSkinLoader Core]: Loading 's profile.
[2026-09-01 09:49:32] [/INFO] [CustomSkinLoader Core]: 1/2 Try to load profile from 'GameProfile'.
[2026-09-01 09:49:32] [/INFO] [CustomSkinLoader Core]: Profile not found.
[2026-09-01 09:49:32] [/INFO] [CustomSkinLoader Core]: 2/2 Try to load profile from 'Server17'.
[2026-09-01 09:49:32] [/DEBUG] [CustomSkinLoader Core]: Try to request 'https://star-plays-dev.github.io/Web/skins/.png'.
[2026-09-01 09:49:33] [/DEBUG] [CustomSkinLoader Core]: Failed to request (Response Code: 404)
[2026-09-01 09:49:33] [/DEBUG] [CustomSkinLoader Core]: Try to request 'https://star-plays-dev.github.io/Web/capes/.png'.
[2026-09-01 09:49:33] [/DEBUG] [CustomSkinLoader Core]: Failed to request (Response Code: 404)
[2026-09-01 09:49:33] [/DEBUG] [CustomSkinLoader Core]: Try to request 'https://star-plays-dev.github.io/Web/capes/.png'.
[2026-09-01 09:49:33] [/DEBUG] [CustomSkinLoader Core]: Failed to request (Response Code: 404)
[2026-09-01 09:49:33] [/DEBUG] [CustomSkinLoader Core]: Failed to request (Response Code: 404)
[2026-09-01 09:49:33] [/INFO] [CustomSkinLoader Core]: No texture could be found.
[2026-09-01 09:49:33] [/INFO] [CustomSkinLoader Core]: No texture could be found.
[2026-09-01 09:49:33] [/INFO] [CustomSkinLoader Core]: 's profile not found in load list.
[2026-09-01 09:49:33] [/INFO] [CustomSkinLoader Core]: 's profile not found in load list.
[2026-09-01 09:49:33] [/INFO] [CustomSkinLoader Core]: Loading 's profile.
[2026-09-01 09:49:33] [/INFO] [CustomSkinLoader Core]: Loading 's profile.
[2026-09-01 09:49:33] [/INFO] [CustomSkinLoader Core]: 1/2 Try to load profile from 'GameProfile'.
[2026-09-01 09:49:33] [/INFO] [CustomSkinLoader Core]: 1/2 Try to load profile from 'GameProfile'.
[2026-09-01 09:49:33] [/INFO] [CustomSkinLoader Core]: Profile not found.
[2026-09-01 09:49:33] [/INFO] [CustomSkinLoader Core]: Profile not found.
[2026-09-01 09:49:33] [/INFO] [CustomSkinLoader Core]: 2/2 Try to load profile from 'Server17'.
[2026-09-01 09:49:33] [/INFO] [CustomSkinLoader Core]: 2/2 Try to load profile from 'Server17'.
[2026-09-01 09:49:33] [/DEBUG] [CustomSkinLoader Core]: Try to request 'https://star-plays-dev.github.io/Web/skins/.png'.
[2026-09-01 09:49:33] [/DEBUG] [CustomSkinLoader Core]: Try to request 'https://star-plays-dev.github.io/Web/skins/.png'.
[2026-09-01 09:49:33] [/DEBUG] [CustomSkinLoader Core]: Failed to request (Response Code: 404)
[2026-09-01 09:49:33] [/DEBUG] [CustomSkinLoader Core]: Try to request 'https://star-plays-dev.github.io/Web/capes/.png'.
[2026-09-01 09:49:33] [/DEBUG] [CustomSkinLoader Core]: Failed to request (Response Code: 404)
[2026-09-01 09:49:33] [/INFO] [CustomSkinLoader Core]: No texture could be found.
[2026-09-01 09:49:33] [/INFO] [CustomSkinLoader Core]: 's profile not found in load list.
[2026-09-01 09:49:33] [/INFO] [CustomSkinLoader Core]: Loading 's profile.
[2026-09-01 09:49:33] [/INFO] [CustomSkinLoader Core]: 1/2 Try to load profile from 'GameProfile'.
[2026-09-01 09:49:33] [/INFO] [CustomSkinLoader Core]: Profile not found.
[2026-09-01 09:49:33] [/INFO] [CustomSkinLoader Core]: 2/2 Try to load profile from 'Server17'.
[2026-09-01 09:49:33] [/DEBUG] [CustomSkinLoader Core]: Try to request 'https://star-plays-dev.github.io/Web/skins/.png'.
[2026-09-01 09:49:33] [/DEBUG] [CustomSkinLoader Core]: Failed to request (Response Code: 404)
[2026-09-01 09:49:33] [/DEBUG] [CustomSkinLoader Core]: Try to request 'https://star-plays-dev.github.io/Web/capes/.png'.
[2026-09-01 09:49:33] [/DEBUG] [CustomSkinLoader Core]: Failed to request (Response Code: 404)
[2026-09-01 09:49:33] [/DEBUG] [CustomSkinLoader Core]: Try to request 'https://star-plays-dev.github.io/Web/capes/.png'.
[2026-09-01 09:49:33] [/DEBUG] [CustomSkinLoader Core]: Failed to request (Response Code: 404)
[2026-09-01 09:49:33] [/INFO] [CustomSkinLoader Core]: No texture could be found.
[2026-09-01 09:49:33] [/INFO] [CustomSkinLoader Core]: 's profile not found in load list.
[2026-09-01 09:49:33] [/INFO] [CustomSkinLoader Core]: Loading 's profile.
[2026-09-01 09:49:33] [/INFO] [CustomSkinLoader Core]: 1/2 Try to load profile from 'GameProfile'.
[2026-09-01 09:49:33] [/INFO] [CustomSkinLoader Core]: Profile not found.
[2026-09-01 09:49:33] [/INFO] [CustomSkinLoader Core]: 2/2 Try to load profile from 'Server17'.
[2026-09-01 09:49:33] [/DEBUG] [CustomSkinLoader Core]: Try to request 'https://star-plays-dev.github.io/Web/skins/.png'.
[2026-09-01 09:49:33] [/DEBUG] [CustomSkinLoader Core]: Failed to request (Response Code: 404)
[2026-09-01 09:49:33] [/INFO] [CustomSkinLoader Core]: No texture could be found.
[2026-09-01 09:49:33] [/INFO] [CustomSkinLoader Core]: 's profile not found in load list.
[2026-09-01 09:49:33] [/INFO] [CustomSkinLoader Core]: Loading 's profile.
[2026-09-01 09:49:33] [/INFO] [CustomSkinLoader Core]: 1/2 Try to load profile from 'GameProfile'.
[2026-09-01 09:49:33] [/INFO] [CustomSkinLoader Core]: Profile not found.
[2026-09-01 09:49:33] [/INFO] [CustomSkinLoader Core]: 2/2 Try to load profile from 'Server17'.
[2026-09-01 09:49:33] [/DEBUG] [CustomSkinLoader Core]: Try to request 'https://star-plays-dev.github.io/Web/skins/.png'.
[2026-09-01 09:49:33] [/DEBUG] [CustomSkinLoader Core]: Failed to request (Response Code: 404)
[2026-09-01 09:49:33] [/DEBUG] [CustomSkinLoader Core]: Failed to request (Response Code: 404)
[2026-09-01 09:49:33] [/DEBUG] [CustomSkinLoader Core]: Try to request 'https://star-plays-dev.github.io/Web/capes/.png'.
[2026-09-01 09:49:33] [/DEBUG] [CustomSkinLoader Core]: Try to request 'https://star-plays-dev.github.io/Web/capes/.png'.
[2026-09-01 09:49:33] [/DEBUG] [CustomSkinLoader Core]: Failed to request (Response Code: 404)
[2026-09-01 09:49:33] [/INFO] [CustomSkinLoader Core]: No texture could be found.
[2026-09-01 09:49:33] [/INFO] [CustomSkinLoader Core]: 's profile not found in load list.
[2026-09-01 09:49:33] [/INFO] [CustomSkinLoader Core]: Loading 's profile.
[2026-09-01 09:49:33] [/INFO] [CustomSkinLoader Core]: 1/2 Try to load profile from 'GameProfile'.
[2026-09-01 09:49:33] [/INFO] [CustomSkinLoader Core]: Profile not found.
[2026-09-01 09:49:33] [/INFO] [CustomSkinLoader Core]: 2/2 Try to load profile from 'Server17'.
[2026-09-01 09:49:33] [/DEBUG] [CustomSkinLoader Core]: Try to request 'https://star-plays-dev.github.io/Web/skins/.png'.
[2026-09-01 09:49:33] [/DEBUG] [CustomSkinLoader Core]: Failed to request (Response Code: 404)
[2026-09-01 09:49:33] [/INFO] [CustomSkinLoader Core]: No texture could be found.
[2026-09-01 09:49:33] [/INFO] [CustomSkinLoader Core]: 's profile not found in load list.
[2026-09-01 09:49:33] [/INFO] [CustomSkinLoader Core]: Loading 's profile.
[2026-09-01 09:49:33] [/INFO] [CustomSkinLoader Core]: 1/2 Try to load profile from 'GameProfile'.
[2026-09-01 09:49:33] [/INFO] [CustomSkinLoader Core]: Profile not found.
[2026-09-01 09:49:33] [/INFO] [CustomSkinLoader Core]: 2/2 Try to load profile from 'Server17'.
[2026-09-01 09:49:33] [/DEBUG] [CustomSkinLoader Core]: Try to request 'https://star-plays-dev.github.io/Web/skins/.png'.
[2026-09-01 09:49:33] [/DEBUG] [CustomSkinLoader Core]: Failed to request (Response Code: 404)
[2026-09-01 09:49:33] [/DEBUG] [CustomSkinLoader Core]: Try to request 'https://star-plays-dev.github.io/Web/capes/.png'.
[2026-09-01 09:49:33] [/DEBUG] [CustomSkinLoader Core]: Failed to request (Response Code: 404)
[2026-09-01 09:49:33] [/INFO] [CustomSkinLoader Core]: No texture could be found.
[2026-09-01 09:49:33] [/INFO] [CustomSkinLoader Core]: 's profile not found in load list.
[2026-09-01 09:49:33] [/INFO] [CustomSkinLoader Core]: Loading 's profile.
[2026-09-01 09:49:33] [/INFO] [CustomSkinLoader Core]: 1/2 Try to load profile from 'GameProfile'.
[2026-09-01 09:49:33] [/INFO] [CustomSkinLoader Core]: Profile not found.
[2026-09-01 09:49:33] [/INFO] [CustomSkinLoader Core]: 2/2 Try to load profile from 'Server17'.
[2026-09-01 09:49:33] [/DEBUG] [CustomSkinLoader Core]: Try to request 'https://star-plays-dev.github.io/Web/skins/.png'.
[2026-09-01 09:49:33] [/DEBUG] [CustomSkinLoader Core]: Failed to request (Response Code: 404)
[2026-09-01 09:49:33] [/DEBUG] [CustomSkinLoader Core]: Try to request 'https://star-plays-dev.github.io/Web/capes/.png'.
[2026-09-01 09:49:33] [/DEBUG] [CustomSkinLoader Core]: Failed to request (Response Code: 404)
[2026-09-01 09:49:33] [/DEBUG] [CustomSkinLoader Core]: Try to request 'https://star-plays-dev.github.io/Web/capes/.png'.
[2026-09-01 09:49:33] [/DEBUG] [CustomSkinLoader Core]: Failed to request (Response Code: 404)
[2026-09-01 09:49:33] [/INFO] [CustomSkinLoader Core]: No texture could be found.
[2026-09-01 09:49:33] [/INFO] [CustomSkinLoader Core]: 's profile not found in load list.
[2026-09-01 09:49:33] [/INFO] [CustomSkinLoader Core]: Loading 's profile.
[2026-09-01 09:49:33] [/INFO] [CustomSkinLoader Core]: 1/2 Try to load profile from 'GameProfile'.
[2026-09-01 09:49:33] [/INFO] [CustomSkinLoader Core]: Profile not found.
[2026-09-01 09:49:33] [/INFO] [CustomSkinLoader Core]: 2/2 Try to load profile from 'Server17'.
[2026-09-01 09:49:33] [/DEBUG] [CustomSkinLoader Core]: Try to request 'https://star-plays-dev.github.io/Web/skins/.png'.
[2026-09-01 09:49:33] [/DEBUG] [CustomSkinLoader Core]: Failed to request (Response Code: 404)
[2026-09-01 09:49:33] [/INFO] [CustomSkinLoader Core]: No texture could be found.
[2026-09-01 09:49:33] [/INFO] [CustomSkinLoader Core]: 's profile not found in load list.
[2026-09-01 09:49:33] [/INFO] [CustomSkinLoader Core]: Loading 's profile.
[2026-09-01 09:49:33] [/INFO] [CustomSkinLoader Core]: 1/2 Try to load profile from 'GameProfile'.
[2026-09-01 09:49:33] [/INFO] [CustomSkinLoader Core]: Profile not found.
[2026-09-01 09:49:33] [/INFO] [CustomSkinLoader Core]: 2/2 Try to load profile from 'Server17'.
[2026-09-01 09:49:33] [/DEBUG] [CustomSkinLoader Core]: Try to request 'https://star-plays-dev.github.io/Web/skins/.png'.
[2026-09-01 09:49:33] [/DEBUG] [CustomSkinLoader Core]: Failed to request (Response Code: 404)
[2026-09-01 09:49:33] [/INFO] [CustomSkinLoader Core]: No texture could be found.
[2026-09-01 09:49:33] [/INFO] [CustomSkinLoader Core]: 's profile not found in load list.
[2026-09-01 09:49:33] [/INFO] [CustomSkinLoader Core]: Loading 's profile.
[2026-09-01 09:49:33] [/INFO] [CustomSkinLoader Core]: 1/2 Try to load profile from 'GameProfile'.
[2026-09-01 09:49:33] [/INFO] [CustomSkinLoader Core]: Profile not found.
[2026-09-01 09:49:33] [/INFO] [CustomSkinLoader Core]: 2/2 Try to load profile from 'Server17'.
[2026-09-01 09:49:33] [/DEBUG] [CustomSkinLoader Core]: Try to request 'https://star-plays-dev.github.io/Web/skins/.png'.
[2026-09-01 09:49:33] [/DEBUG] [CustomSkinLoader Core]: Failed to request (Response Code: 404)
[2026-09-01 09:49:33] [/DEBUG] [CustomSkinLoader Core]: Try to request 'https://star-plays-dev.github.io/Web/capes/.png'.
[2026-09-01 09:49:33] [/DEBUG] [CustomSkinLoader Core]: Failed to request (Response Code: 404)
[2026-09-01 09:49:33] [/DEBUG] [CustomSkinLoader Core]: Try to request 'https://star-plays-dev.github.io/Web/capes/.png'.
[2026-09-01 09:49:33] [/DEBUG] [CustomSkinLoader Core]: Failed to request (Response Code: 404)
[2026-09-01 09:49:33] [/DEBUG] [CustomSkinLoader Core]: Try to request 'https://star-plays-dev.github.io/Web/capes/.png'.
[2026-09-01 09:49:33] [/DEBUG] [CustomSkinLoader Core]: Failed to request (Response Code: 404)
[2026-09-01 09:49:33] [/INFO] [CustomSkinLoader Core]: No texture could be found.
[2026-09-01 09:49:33] [/INFO] [CustomSkinLoader Core]: 's profile not found in load list.
[2026-09-01 09:49:33] [/INFO] [CustomSkinLoader Core]: Loading 's profile.
[2026-09-01 09:49:33] [/INFO] [CustomSkinLoader Core]: 1/2 Try to load profile from 'GameProfile'.
[2026-09-01 09:49:33] [/INFO] [CustomSkinLoader Core]: Profile not found.
[2026-09-01 09:49:33] [/INFO] [CustomSkinLoader Core]: 2/2 Try to load profile from 'Server17'.
[2026-09-01 09:49:33] [/DEBUG] [CustomSkinLoader Core]: Try to request 'https://star-plays-dev.github.io/Web/skins/.png'.
[2026-09-01 09:49:34] [/DEBUG] [CustomSkinLoader Core]: Failed to request (Response Code: 404)
[2026-09-01 09:49:34] [/DEBUG] [CustomSkinLoader Core]: Try to request 'https://star-plays-dev.github.io/Web/capes/.png'.
[2026-09-01 09:49:34] [/DEBUG] [CustomSkinLoader Core]: Failed to request (Response Code: 404)
[2026-09-01 09:49:34] [/DEBUG] [CustomSkinLoader Core]: Failed to request (Response Code: 404)
[2026-09-01 09:49:34] [/DEBUG] [CustomSkinLoader Core]: Failed to request (Response Code: 404)
[2026-09-01 09:49:34] [/DEBUG] [CustomSkinLoader Core]: Try to request 'https://star-plays-dev.github.io/Web/capes/.png'.
[2026-09-01 09:49:34] [/DEBUG] [CustomSkinLoader Core]: Try to request 'https://star-plays-dev.github.io/Web/capes/.png'.
[2026-09-01 09:49:34] [/INFO] [CustomSkinLoader Core]: No texture could be found.
[2026-09-01 09:49:34] [/INFO] [CustomSkinLoader Core]: 's profile not found in load list.
[2026-09-01 09:49:34] [/INFO] [CustomSkinLoader Core]: Loading 's profile.
[2026-09-01 09:49:34] [/INFO] [CustomSkinLoader Core]: 1/2 Try to load profile from 'GameProfile'.
[2026-09-01 09:49:34] [/INFO] [CustomSkinLoader Core]: Profile not found.
[2026-09-01 09:49:34] [/INFO] [CustomSkinLoader Core]: 2/2 Try to load profile from 'Server17'.
[2026-09-01 09:49:34] [/DEBUG] [CustomSkinLoader Core]: Try to request 'https://star-plays-dev.github.io/Web/skins/.png'.
[2026-09-01 09:49:34] [/DEBUG] [CustomSkinLoader Core]: Failed to request (Response Code: 404)
[2026-09-01 09:49:34] [/INFO] [CustomSkinLoader Core]: No texture could be found.
[2026-09-01 09:49:34] [/INFO] [CustomSkinLoader Core]: 's profile not found in load list.
[2026-09-01 09:49:34] [/INFO] [CustomSkinLoader Core]: Loading 's profile.
[2026-09-01 09:49:34] [/INFO] [CustomSkinLoader Core]: 1/2 Try to load profile from 'GameProfile'.
[2026-09-01 09:49:34] [/INFO] [CustomSkinLoader Core]: Profile not found.
[2026-09-01 09:49:34] [/INFO] [CustomSkinLoader Core]: 2/2 Try to load profile from 'Server17'.
[2026-09-01 09:49:34] [/DEBUG] [CustomSkinLoader Core]: Try to request 'https://star-plays-dev.github.io/Web/skins/.png'.
[2026-09-01 09:49:34] [/DEBUG] [CustomSkinLoader Core]: Failed to request (Response Code: 404)
[2026-09-01 09:49:34] [/INFO] [CustomSkinLoader Core]: No texture could be found.
[2026-09-01 09:49:34] [/INFO] [CustomSkinLoader Core]: 's profile not found in load list.
[2026-09-01 09:49:34] [/INFO] [CustomSkinLoader Core]: Loading 's profile.
[2026-09-01 09:49:34] [/INFO] [CustomSkinLoader Core]: 1/2 Try to load profile from 'GameProfile'.
[2026-09-01 09:49:34] [/INFO] [CustomSkinLoader Core]: Profile not found.
[2026-09-01 09:49:34] [/INFO] [CustomSkinLoader Core]: 2/2 Try to load profile from 'Server17'.
[2026-09-01 09:49:34] [/DEBUG] [CustomSkinLoader Core]: Try to request 'https://star-plays-dev.github.io/Web/skins/.png'.
[2026-09-01 09:49:34] [/DEBUG] [CustomSkinLoader Core]: Failed to request (Response Code: 404)
[2026-09-01 09:49:34] [/INFO] [CustomSkinLoader Core]: No texture could be found.
[2026-09-01 09:49:34] [/INFO] [CustomSkinLoader Core]: 's profile not found in load list.
[2026-09-01 09:49:34] [/INFO] [CustomSkinLoader Core]: Loading 's profile.
[2026-09-01 09:49:34] [/INFO] [CustomSkinLoader Core]: 1/2 Try to load profile from 'GameProfile'.
[2026-09-01 09:49:34] [/INFO] [CustomSkinLoader Core]: Profile not found.
[2026-09-01 09:49:34] [/INFO] [CustomSkinLoader Core]: 2/2 Try to load profile from 'Server17'.
[2026-09-01 09:49:34] [/DEBUG] [CustomSkinLoader Core]: Try to request 'https://star-plays-dev.github.io/Web/skins/.png'.
[2026-09-01 09:49:34] [/DEBUG] [CustomSkinLoader Core]: Failed to request (Response Code: 404)
[2026-09-01 09:49:34] [/DEBUG] [CustomSkinLoader Core]: Failed to request (Response Code: 404)
[2026-09-01 09:49:34] [/INFO] [CustomSkinLoader Core]: No texture could be found.
[2026-09-01 09:49:34] [/DEBUG] [CustomSkinLoader Core]: Failed to request (Response Code: 404)
[2026-09-01 09:49:34] [/INFO] [CustomSkinLoader Core]: 's profile not found in load list.
[2026-09-01 09:49:34] [/DEBUG] [CustomSkinLoader Core]: Failed to request (Response Code: 404)
[2026-09-01 09:49:34] [/DEBUG] [CustomSkinLoader Core]: Failed to request (Response Code: 404)
[2026-09-01 09:49:34] [/DEBUG] [CustomSkinLoader Core]: Try to request 'https://star-plays-dev.github.io/Web/capes/.png'.
[2026-09-01 09:49:34] [/INFO] [CustomSkinLoader Core]: Loading 's profile.
[2026-09-01 09:49:34] [/DEBUG] [CustomSkinLoader Core]: Failed to request (Response Code: 404)
[2026-09-01 09:49:34] [/INFO] [CustomSkinLoader Core]: 1/2 Try to load profile from 'GameProfile'.
[2026-09-01 09:49:34] [/DEBUG] [CustomSkinLoader Core]: Failed to request (Response Code: 404)
[2026-09-01 09:49:34] [/DEBUG] [CustomSkinLoader Core]: Failed to request (Response Code: 404)
[2026-09-01 09:49:34] [/INFO] [CustomSkinLoader Core]: Profile not found.
[2026-09-01 09:49:34] [/INFO] [CustomSkinLoader Core]: 2/2 Try to load profile from 'Server17'.
[2026-09-01 09:49:34] [/DEBUG] [CustomSkinLoader Core]: Try to request 'https://star-plays-dev.github.io/Web/skins/.png'.
[2026-09-01 09:49:34] [/INFO] [CustomSkinLoader Core]: No texture could be found.
[2026-09-01 09:49:34] [/INFO] [CustomSkinLoader Core]: 's profile not found in load list.
[2026-09-01 09:49:34] [/INFO] [CustomSkinLoader Core]: Loading 's profile.
[2026-09-01 09:49:34] [/INFO] [CustomSkinLoader Core]: 1/2 Try to load profile from 'GameProfile'.
[2026-09-01 09:49:34] [/INFO] [CustomSkinLoader Core]: Profile not found.
[2026-09-01 09:49:34] [/DEBUG] [CustomSkinLoader Core]: Try to request 'https://star-plays-dev.github.io/Web/capes/.png'.
[2026-09-01 09:49:34] [/DEBUG] [CustomSkinLoader Core]: Try to request 'https://star-plays-dev.github.io/Web/capes/.png'.
[2026-09-01 09:49:34] [/INFO] [CustomSkinLoader Core]: No texture could be found.
[2026-09-01 09:49:34] [/INFO] [CustomSkinLoader Core]: 's profile not found in load list.
[2026-09-01 09:49:34] [/INFO] [CustomSkinLoader Core]: Loading 's profile.
[2026-09-01 09:49:34] [/INFO] [CustomSkinLoader Core]: 1/2 Try to load profile from 'GameProfile'.
[2026-09-01 09:49:34] [/INFO] [CustomSkinLoader Core]: 2/2 Try to load profile from 'Server17'.
[2026-09-01 09:49:34] [/INFO] [CustomSkinLoader Core]: Profile not found.
[2026-09-01 09:49:34] [/INFO] [CustomSkinLoader Core]: 2/2 Try to load profile from 'Server17'.
[2026-09-01 09:49:34] [/DEBUG] [CustomSkinLoader Core]: Try to request 'https://star-plays-dev.github.io/Web/skins/.png'.
[2026-09-01 09:49:34] [/DEBUG] [CustomSkinLoader Core]: Try to request 'https://star-plays-dev.github.io/Web/capes/.png'.
[2026-09-01 09:49:34] [/DEBUG] [CustomSkinLoader Core]: Try to request 'https://star-plays-dev.github.io/Web/skins/.png'.
[2026-09-01 09:49:34] [/DEBUG] [CustomSkinLoader Core]: Try to request 'https://star-plays-dev.github.io/Web/capes/.png'.
[2026-09-01 09:49:34] [/DEBUG] [CustomSkinLoader Core]: Failed to request (Response Code: 404)
[2026-09-01 09:49:34] [/INFO] [CustomSkinLoader Core]: No texture could be found.
[2026-09-01 09:49:34] [/INFO] [CustomSkinLoader Core]: 's profile not found in load list.
[2026-09-01 09:49:34] [/INFO] [CustomSkinLoader Core]: Loading 's profile.
[2026-09-01 09:49:34] [/INFO] [CustomSkinLoader Core]: 1/2 Try to load profile from 'GameProfile'.
[2026-09-01 09:49:34] [/INFO] [CustomSkinLoader Core]: Profile not found.
[2026-09-01 09:49:34] [/INFO] [CustomSkinLoader Core]: 2/2 Try to load profile from 'Server17'.
[2026-09-01 09:49:34] [/DEBUG] [CustomSkinLoader Core]: Try to request 'https://star-plays-dev.github.io/Web/skins/.png'.
[2026-09-01 09:49:34] [/DEBUG] [CustomSkinLoader Core]: Failed to request (Response Code: 404)
[2026-09-01 09:49:34] [/INFO] [CustomSkinLoader Core]: No texture could be found.
[2026-09-01 09:49:34] [/INFO] [CustomSkinLoader Core]: 's profile not found in load list.
[2026-09-01 09:49:34] [/INFO] [CustomSkinLoader Core]: Loading 's profile.
[2026-09-01 09:49:34] [/INFO] [CustomSkinLoader Core]: 1/2 Try to load profile from 'GameProfile'.
[2026-09-01 09:49:34] [/INFO] [CustomSkinLoader Core]: Profile not found.
[2026-09-01 09:49:34] [/INFO] [CustomSkinLoader Core]: 2/2 Try to load profile from 'Server17'.
[2026-09-01 09:49:34] [/DEBUG] [CustomSkinLoader Core]: Try to request 'https://star-plays-dev.github.io/Web/skins/.png'.
[2026-09-01 09:49:34] [/DEBUG] [CustomSkinLoader Core]: Failed to request (Response Code: 404)
[2026-09-01 09:49:34] [/INFO] [CustomSkinLoader Core]: No texture could be found.
[2026-09-01 09:49:34] [/INFO] [CustomSkinLoader Core]: 's profile not found in load list.
[2026-09-01 09:49:34] [/DEBUG] [CustomSkinLoader Core]: Failed to request (Response Code: 404)
[2026-09-01 09:49:34] [/DEBUG] [CustomSkinLoader Core]: Try to request 'https://star-plays-dev.github.io/Web/capes/.png'.
[2026-09-01 09:49:34] [/INFO] [CustomSkinLoader Core]: Loading 's profile.
[2026-09-01 09:49:34] [/INFO] [CustomSkinLoader Core]: 1/2 Try to load profile from 'GameProfile'.
[2026-09-01 09:49:34] [/INFO] [CustomSkinLoader Core]: Profile not found.
[2026-09-01 09:49:34] [/INFO] [CustomSkinLoader Core]: 2/2 Try to load profile from 'Server17'.
[2026-09-01 09:49:34] [/DEBUG] [CustomSkinLoader Core]: Try to request 'https://star-plays-dev.github.io/Web/skins/.png'.
[2026-09-01 09:49:34] [/DEBUG] [CustomSkinLoader Core]: Failed to request (Response Code: 404)
[2026-09-01 09:49:34] [/DEBUG] [CustomSkinLoader Core]: Try to request 'https://star-plays-dev.github.io/Web/capes/.png'.
[2026-09-01 09:49:34] [/DEBUG] [CustomSkinLoader Core]: Failed to request (Response Code: 404)
[2026-09-01 09:49:34] [/DEBUG] [CustomSkinLoader Core]: Try to request 'https://star-plays-dev.github.io/Web/capes/.png'.
[2026-09-01 09:49:34] [/DEBUG] [CustomSkinLoader Core]: Failed to request (Response Code: 404)
[2026-09-01 09:49:34] [/INFO] [CustomSkinLoader Core]: No texture could be found.
[2026-09-01 09:49:34] [/INFO] [CustomSkinLoader Core]: 's profile not found in load list.
[2026-09-01 09:49:34] [/INFO] [CustomSkinLoader Core]: Loading 's profile.
[2026-09-01 09:49:34] [/INFO] [CustomSkinLoader Core]: 1/2 Try to load profile from 'GameProfile'.
[2026-09-01 09:49:34] [/INFO] [CustomSkinLoader Core]: Profile not found.
[2026-09-01 09:49:34] [/INFO] [CustomSkinLoader Core]: 2/2 Try to load profile from 'Server17'.
[2026-09-01 09:49:34] [/DEBUG] [CustomSkinLoader Core]: Try to request 'https://star-plays-dev.github.io/Web/skins/.png'.
[2026-09-01 09:49:34] [/DEBUG] [CustomSkinLoader Core]: Failed to request (Response Code: 404)
[2026-09-01 09:49:34] [/INFO] [CustomSkinLoader Core]: No texture could be found.
[2026-09-01 09:49:34] [/INFO] [CustomSkinLoader Core]: 's profile not found in load list.
[2026-09-01 09:49:34] [/INFO] [CustomSkinLoader Core]: Loading 's profile.
[2026-09-01 09:49:34] [/INFO] [CustomSkinLoader Core]: 1/2 Try to load profile from 'GameProfile'.
[2026-09-01 09:49:34] [/INFO] [CustomSkinLoader Core]: Profile not found.
[2026-09-01 09:49:34] [/INFO] [CustomSkinLoader Core]: 2/2 Try to load profile from 'Server17'.
[2026-09-01 09:49:34] [/DEBUG] [CustomSkinLoader Core]: Try to request 'https://star-plays-dev.github.io/Web/skins/.png'.
[2026-09-01 09:49:35] [/DEBUG] [CustomSkinLoader Core]: Failed to request (Response Code: 404)
[2026-09-01 09:49:35] [/DEBUG] [CustomSkinLoader Core]: Try to request 'https://star-plays-dev.github.io/Web/capes/.png'.
[2026-09-01 09:49:35] [/DEBUG] [CustomSkinLoader Core]: Failed to request (Response Code: 404)
[2026-09-01 09:49:35] [/DEBUG] [CustomSkinLoader Core]: Try to request 'https://star-plays-dev.github.io/Web/capes/.png'.
[2026-09-01 09:49:35] [/DEBUG] [CustomSkinLoader Core]: Failed to request (Response Code: 404)
[2026-09-01 09:49:35] [/DEBUG] [CustomSkinLoader Core]: Failed to request (Response Code: 404)
[2026-09-01 09:49:35] [/DEBUG] [CustomSkinLoader Core]: Try to request 'https://star-plays-dev.github.io/Web/capes/.png'.
[2026-09-01 09:49:35] [/INFO] [CustomSkinLoader Core]: No texture could be found.
[2026-09-01 09:49:35] [/INFO] [CustomSkinLoader Core]: 's profile not found in load list.
[2026-09-01 09:49:35] [/INFO] [CustomSkinLoader Core]: Loading 's profile.
[2026-09-01 09:49:35] [/INFO] [CustomSkinLoader Core]: 1/2 Try to load profile from 'GameProfile'.
[2026-09-01 09:49:35] [/INFO] [CustomSkinLoader Core]: Profile not found.
[2026-09-01 09:49:35] [/INFO] [CustomSkinLoader Core]: 2/2 Try to load profile from 'Server17'.
[2026-09-01 09:49:35] [/DEBUG] [CustomSkinLoader Core]: Try to request 'https://star-plays-dev.github.io/Web/skins/.png'.
[2026-09-01 09:49:35] [/DEBUG] [CustomSkinLoader Core]: Failed to request (Response Code: 404)
[2026-09-01 09:49:35] [/INFO] [CustomSkinLoader Core]: No texture could be found.
[2026-09-01 09:49:35] [/INFO] [CustomSkinLoader Core]: 's profile not found in load list.
[2026-09-01 09:49:35] [/INFO] [CustomSkinLoader Core]: Loading 's profile.
[2026-09-01 09:49:35] [/INFO] [CustomSkinLoader Core]: 1/2 Try to load profile from 'GameProfile'.
[2026-09-01 09:49:35] [/INFO] [CustomSkinLoader Core]: Profile not found.
[2026-09-01 09:49:35] [/INFO] [CustomSkinLoader Core]: 2/2 Try to load profile from 'Server17'.
[2026-09-01 09:49:35] [/DEBUG] [CustomSkinLoader Core]: Try to request 'https://star-plays-dev.github.io/Web/skins/.png'.
[2026-09-01 09:49:35] [/DEBUG] [CustomSkinLoader Core]: Failed to request (Response Code: 404)
[2026-09-01 09:49:35] [/DEBUG] [CustomSkinLoader Core]: Try to request 'https://star-plays-dev.github.io/Web/capes/.png'.
[2026-09-01 09:49:35] [/DEBUG] [CustomSkinLoader Core]: Failed to request (Response Code: 404)
[2026-09-01 09:49:35] [/INFO] [CustomSkinLoader Core]: No texture could be found.
[2026-09-01 09:49:35] [/INFO] [CustomSkinLoader Core]: 's profile not found in load list.
[2026-09-01 09:49:35] [/INFO] [CustomSkinLoader Core]: Loading 's profile.
[2026-09-01 09:49:35] [/INFO] [CustomSkinLoader Core]: 1/2 Try to load profile from 'GameProfile'.
[2026-09-01 09:49:35] [/INFO] [CustomSkinLoader Core]: Profile not found.
[2026-09-01 09:49:35] [/INFO] [CustomSkinLoader Core]: 2/2 Try to load profile from 'Server17'.
[2026-09-01 09:49:35] [/DEBUG] [CustomSkinLoader Core]: Try to request 'https://star-plays-dev.github.io/Web/skins/.png'.
[2026-09-01 09:49:35] [/DEBUG] [CustomSkinLoader Core]: Failed to request (Response Code: 404)
[2026-09-01 09:49:35] [/DEBUG] [CustomSkinLoader Core]: Try to request 'https://star-plays-dev.github.io/Web/capes/.png'.
[2026-09-01 09:49:35] [/DEBUG] [CustomSkinLoader Core]: Failed to request (Response Code: 404)
[2026-09-01 09:49:35] [/INFO] [CustomSkinLoader Core]: No texture could be found.
[2026-09-01 09:49:35] [/INFO] [CustomSkinLoader Core]: 's profile not found in load list.
[2026-09-01 09:49:35] [/INFO] [CustomSkinLoader Core]: Loading 's profile.
[2026-09-01 09:49:35] [/INFO] [CustomSkinLoader Core]: 1/2 Try to load profile from 'GameProfile'.
[2026-09-01 09:49:35] [/INFO] [CustomSkinLoader Core]: Profile not found.
[2026-09-01 09:49:35] [/INFO] [CustomSkinLoader Core]: 2/2 Try to load profile from 'Server17'.
[2026-09-01 09:49:35] [/DEBUG] [CustomSkinLoader Core]: Try to request 'https://star-plays-dev.github.io/Web/skins/.png'.
[2026-09-01 09:49:35] [/DEBUG] [CustomSkinLoader Core]: Failed to request (Response Code: 404)
[2026-09-01 09:49:35] [/INFO] [CustomSkinLoader Core]: No texture could be found.
[2026-09-01 09:49:35] [/INFO] [CustomSkinLoader Core]: 's profile not found in load list.
[2026-09-01 09:49:35] [/DEBUG] [CustomSkinLoader Core]: Failed to request (Response Code: 404)
[2026-09-01 09:49:35] [/INFO] [CustomSkinLoader Core]: No texture could be found.
[2026-09-01 09:49:35] [/INFO] [CustomSkinLoader Core]: 's profile not found in load list.
[2026-09-01 09:49:35] [/INFO] [CustomSkinLoader Core]: Loading 's profile.
[2026-09-01 09:49:35] [/INFO] [CustomSkinLoader Core]: Cached profile will be used.
[2026-09-01 09:49:35] [/INFO] [CustomSkinLoader Core]: 1/2 Try to load profile from 'GameProfile'.
[2026-09-01 09:49:35] [/WARNING] [CustomSkinLoader Core]: (Cached Profile is empty!) Expiry: 0
[2026-09-01 09:49:35] [/DEBUG] [CustomSkinLoader Core]: Failed to request (Response Code: 404)
[2026-09-01 09:49:35] [/INFO] [CustomSkinLoader Core]: Loading 's profile.
[2026-09-01 09:49:35] [/INFO] [CustomSkinLoader Core]: Profile not found.
[2026-09-01 09:49:35] [/INFO] [CustomSkinLoader Core]: No texture could be found.
[2026-09-01 09:49:35] [/INFO] [CustomSkinLoader Core]: 1/2 Try to load profile from 'GameProfile'.
[2026-09-01 09:49:35] [/INFO] [CustomSkinLoader Core]: 's profile not found in load list.
[2026-09-01 09:49:35] [/INFO] [CustomSkinLoader Core]: 2/2 Try to load profile from 'Server17'.
[2026-09-01 09:49:35] [/INFO] [CustomSkinLoader Core]: Profile not found.
[2026-09-01 09:49:35] [/INFO] [CustomSkinLoader Core]: 2/2 Try to load profile from 'Server17'.
[2026-09-01 09:49:35] [/DEBUG] [CustomSkinLoader Core]: Try to request 'https://star-plays-dev.github.io/Web/skins/.png'.
[2026-09-01 09:49:35] [/DEBUG] [CustomSkinLoader Core]: Try to request 'https://star-plays-dev.github.io/Web/skins/.png'.
[2026-09-01 09:49:35] [/INFO] [CustomSkinLoader Core]: Loading 's profile.
[2026-09-01 09:49:35] [/INFO] [CustomSkinLoader Core]: 1/2 Try to load profile from 'GameProfile'.
[2026-09-01 09:49:35] [/INFO] [CustomSkinLoader Core]: Profile not found.
[2026-09-01 09:49:35] [/INFO] [CustomSkinLoader Core]: 2/2 Try to load profile from 'Server17'.
[2026-09-01 09:49:35] [/DEBUG] [CustomSkinLoader Core]: Try to request 'https://star-plays-dev.github.io/Web/skins/.png'.
[2026-09-01 09:49:35] [/DEBUG] [CustomSkinLoader Core]: Failed to request (Response Code: 404)
[2026-09-01 09:49:35] [/INFO] [CustomSkinLoader Core]: No texture could be found.
[2026-09-01 09:49:35] [/INFO] [CustomSkinLoader Core]: 's profile not found in load list.
[2026-09-01 09:49:35] [/DEBUG] [CustomSkinLoader Core]: Failed to request (Response Code: 404)
[2026-09-01 09:49:35] [/DEBUG] [CustomSkinLoader Core]: Try to request 'https://star-plays-dev.github.io/Web/capes/.png'.
[2026-09-01 09:49:35] [/INFO] [CustomSkinLoader Core]: Loading 's profile.
[2026-09-01 09:49:35] [/INFO] [CustomSkinLoader Core]: 1/2 Try to load profile from 'GameProfile'.
[2026-09-01 09:49:35] [/INFO] [CustomSkinLoader Core]: Profile not found.
[2026-09-01 09:49:35] [/INFO] [CustomSkinLoader Core]: 2/2 Try to load profile from 'Server17'.
[2026-09-01 09:49:35] [/DEBUG] [CustomSkinLoader Core]: Try to request 'https://star-plays-dev.github.io/Web/skins/.png'.
[2026-09-01 09:49:35] [/DEBUG] [CustomSkinLoader Core]: Failed to request (Response Code: 404)
[2026-09-01 09:49:35] [/DEBUG] [CustomSkinLoader Core]: Try to request 'https://star-plays-dev.github.io/Web/capes/.png'.
[2026-09-01 09:49:35] [/DEBUG] [CustomSkinLoader Core]: Failed to request (Response Code: 404)
[2026-09-01 09:49:35] [/DEBUG] [CustomSkinLoader Core]: Try to request 'https://star-plays-dev.github.io/Web/capes/.png'.
[2026-09-01 09:49:35] [/DEBUG] [CustomSkinLoader Core]: Failed to request (Response Code: 404)
[2026-09-01 09:49:35] [/DEBUG] [CustomSkinLoader Core]: Try to request 'https://star-plays-dev.github.io/Web/capes/.png'.
[2026-09-01 09:49:35] [/DEBUG] [CustomSkinLoader Core]: Failed to request (Response Code: 404)
[2026-09-01 09:49:35] [/DEBUG] [CustomSkinLoader Core]: Try to request 'https://star-plays-dev.github.io/Web/capes/.png'.
[2026-09-01 09:49:35] [/DEBUG] [CustomSkinLoader Core]: Failed to request (Response Code: 404)
[2026-09-01 09:49:35] [/DEBUG] [CustomSkinLoader Core]: Failed to request (Response Code: 404)
[2026-09-01 09:49:35] [/INFO] [CustomSkinLoader Core]: No texture could be found.
[2026-09-01 09:49:35] [/DEBUG] [CustomSkinLoader Core]: Try to request 'https://star-plays-dev.github.io/Web/capes/.png'.
[2026-09-01 09:49:35] [/INFO] [CustomSkinLoader Core]: 's profile not found in load list.
[2026-09-01 09:49:35] [/INFO] [CustomSkinLoader Core]: Loading 's profile.
[2026-09-01 09:49:35] [/INFO] [CustomSkinLoader Core]: 1/2 Try to load profile from 'GameProfile'.
[2026-09-01 09:49:35] [/INFO] [CustomSkinLoader Core]: Profile not found.
[2026-09-01 09:49:35] [/INFO] [CustomSkinLoader Core]: 2/2 Try to load profile from 'Server17'.
[2026-09-01 09:49:35] [/DEBUG] [CustomSkinLoader Core]: Try to request 'https://star-plays-dev.github.io/Web/skins/.png'.
[2026-09-01 09:49:35] [/DEBUG] [CustomSkinLoader Core]: Failed to request (Response Code: 404)
[2026-09-01 09:49:35] [/DEBUG] [CustomSkinLoader Core]: Try to request 'https://star-plays-dev.github.io/Web/capes/.png'.
[2026-09-01 09:49:35] [/DEBUG] [CustomSkinLoader Core]: Failed to request (Response Code: 404)
[2026-09-01 09:49:35] [/DEBUG] [CustomSkinLoader Core]: Try to request 'https://star-plays-dev.github.io/Web/capes/.png'.
[2026-09-01 09:49:35] [/DEBUG] [CustomSkinLoader Core]: Failed to request (Response Code: 404)
[2026-09-01 09:49:35] [/INFO] [CustomSkinLoader Core]: No texture could be found.
[2026-09-01 09:49:35] [/INFO] [CustomSkinLoader Core]: 's profile not found in load list.
[2026-09-01 09:49:35] [/INFO] [CustomSkinLoader Core]: Loading 's profile.
[2026-09-01 09:49:35] [/INFO] [CustomSkinLoader Core]: 1/2 Try to load profile from 'GameProfile'.
[2026-09-01 09:49:35] [/INFO] [CustomSkinLoader Core]: Profile not found.
[2026-09-01 09:49:35] [/INFO] [CustomSkinLoader Core]: 2/2 Try to load profile from 'Server17'.
[2026-09-01 09:49:35] [/DEBUG] [CustomSkinLoader Core]: Try to request 'https://star-plays-dev.github.io/Web/skins/.png'.
[2026-09-01 09:49:36] [/DEBUG] [CustomSkinLoader Core]: Failed to request (Response Code: 404)
[2026-09-01 09:49:36] [/INFO] [CustomSkinLoader Core]: No texture could be found.
[2026-09-01 09:49:36] [/INFO] [CustomSkinLoader Core]: 's profile not found in load list.
[2026-09-01 09:49:36] [/INFO] [CustomSkinLoader Core]: Loading 's profile.
[2026-09-01 09:49:36] [/INFO] [CustomSkinLoader Core]: 1/2 Try to load profile from 'GameProfile'.
[2026-09-01 09:49:36] [/INFO] [CustomSkinLoader Core]: Profile not found.
[2026-09-01 09:49:36] [/INFO] [CustomSkinLoader Core]: 2/2 Try to load profile from 'Server17'.
[2026-09-01 09:49:36] [/DEBUG] [CustomSkinLoader Core]: Try to request 'https://star-plays-dev.github.io/Web/skins/.png'.
[2026-09-01 09:49:36] [/DEBUG] [CustomSkinLoader Core]: Failed to request (Response Code: 404)
[2026-09-01 09:49:36] [/INFO] [CustomSkinLoader Core]: No texture could be found.
[2026-09-01 09:49:36] [/INFO] [CustomSkinLoader Core]: 's profile not found in load list.
[2026-09-01 09:49:36] [/DEBUG] [CustomSkinLoader Core]: Failed to request (Response Code: 404)
[2026-09-01 09:49:36] [/INFO] [CustomSkinLoader Core]: No texture could be found.
[2026-09-01 09:49:36] [/INFO] [CustomSkinLoader Core]: 's profile not found in load list.
[2026-09-01 09:49:36] [/DEBUG] [CustomSkinLoader Core]: Failed to request (Response Code: 404)
[2026-09-01 09:49:36] [/INFO] [CustomSkinLoader Core]: No texture could be found.
[2026-09-01 09:49:36] [/INFO] [CustomSkinLoader Core]: 's profile not found in load list.
[2026-09-01 09:49:36] [/DEBUG] [CustomSkinLoader Core]: Failed to request (Response Code: 404)
[2026-09-01 09:49:36] [/DEBUG] [CustomSkinLoader Core]: Failed to request (Response Code: 404)
[2026-09-01 09:49:36] [/DEBUG] [CustomSkinLoader Core]: Try to request 'https://star-plays-dev.github.io/Web/capes/.png'.
[2026-09-01 09:49:36] [/INFO] [CustomSkinLoader Core]: No texture could be found.
[2026-09-01 09:49:36] [/INFO] [CustomSkinLoader Core]: 's profile not found in load list.
[2026-09-01 09:49:36] [/DEBUG] [CustomSkinLoader Core]: Failed to request (Response Code: 404)
[2026-09-01 09:49:36] [/DEBUG] [CustomSkinLoader Core]: Failed to request (Response Code: 404)
[2026-09-01 09:49:36] [/DEBUG] [CustomSkinLoader Core]: Try to request 'https://star-plays-dev.github.io/Web/capes/.png'.
[2026-09-01 09:49:36] [/INFO] [CustomSkinLoader Core]: No texture could be found.
[2026-09-01 09:49:36] [/INFO] [CustomSkinLoader Core]: 's profile not found in load list.
[2026-09-01 09:49:36] [/DEBUG] [CustomSkinLoader Core]: Failed to request (Response Code: 404)
[2026-09-01 09:49:36] [/DEBUG] [CustomSkinLoader Core]: Try to request 'https://star-plays-dev.github.io/Web/capes/.png'.
[2026-09-01 09:49:36] [/DEBUG] [CustomSkinLoader Core]: Failed to request (Response Code: 404)
[2026-09-01 09:49:36] [/INFO] [CustomSkinLoader Core]: No texture could be found.
[2026-09-01 09:49:36] [/INFO] [CustomSkinLoader Core]: 's profile not found in load list.
[2026-09-01 09:49:36] [/DEBUG] [CustomSkinLoader Core]: Failed to request (Response Code: 404)
[2026-09-01 09:49:36] [/INFO] [CustomSkinLoader Core]: No texture could be found.
[2026-09-01 09:49:36] [/INFO] [CustomSkinLoader Core]: 's profile not found in load list.
[2026-09-01 09:49:36] [/DEBUG] [CustomSkinLoader Core]: Failed to request (Response Code: 404)
[2026-09-01 09:49:36] [/INFO] [CustomSkinLoader Core]: No texture could be found.
[2026-09-01 09:49:36] [/INFO] [CustomSkinLoader Core]: 's profile not found in load list.
[2026-09-01 10:09:11] [Client thread/DEBUG] [CustomSkinLoader Core]: Loading Legacy Texture (minecraft:skins/legacy-)
[2026-09-01 10:09:11] [/INFO] [CustomSkinLoader Core]: Loading 's profile.
[2026-09-01 10:09:11] [/INFO] [CustomSkinLoader Core]: 1/2 Try to load profile from 'GameProfile'.
[2026-09-01 10:09:11] [/INFO] [CustomSkinLoader Core]: Profile not found.
[2026-09-01 10:09:11] [/INFO] [CustomSkinLoader Core]: 2/2 Try to load profile from 'Server17'.
[2026-09-01 10:09:11] [/DEBUG] [CustomSkinLoader Core]: Try to request 'https://star-plays-dev.github.io/Web/skins/.png'.
[2026-09-01 10:09:11] [Client thread/DEBUG] [CustomSkinLoader Core]: Loading Legacy Texture (minecraft:skins/legacy-)
[2026-09-01 10:09:11] [/INFO] [CustomSkinLoader Core]: Cached profile will be used.
[2026-09-01 10:09:11] [/WARNING] [CustomSkinLoader Core]: (Cached Profile is empty!) Expiry: 0
[2026-09-01 10:09:11] [/INFO] [CustomSkinLoader Core]: Loading 's profile.
[2026-09-01 10:09:11] [/INFO] [CustomSkinLoader Core]: 1/2 Try to load profile from 'GameProfile'.
[2026-09-01 10:09:11] [/INFO] [CustomSkinLoader Core]: Profile not found.
[2026-09-01 10:09:11] [/INFO] [CustomSkinLoader Core]: 2/2 Try to load profile from 'Server17'.
[2026-09-01 10:09:11] [/DEBUG] [CustomSkinLoader Core]: Try to request 'https://star-plays-dev.github.io/Web/skins/.png'.
[2026-09-01 10:09:11] [Client thread/DEBUG] [CustomSkinLoader Core]: Loading Legacy Texture (minecraft:skins/legacy-)
[2026-09-01 10:09:11] [/INFO] [CustomSkinLoader Core]: Cached profile will be used.
[2026-09-01 10:09:11] [/WARNING] [CustomSkinLoader Core]: (Cached Profile is empty!) Expiry: 0
[2026-09-01 10:09:11] [/INFO] [CustomSkinLoader Core]: Loading 's profile.
[2026-09-01 10:09:11] [/INFO] [CustomSkinLoader Core]: 1/2 Try to load profile from 'GameProfile'.
[2026-09-01 10:09:11] [/INFO] [CustomSkinLoader Core]: Profile not found.
[2026-09-01 10:09:11] [/INFO] [CustomSkinLoader Core]: 2/2 Try to load profile from 'Server17'.
[2026-09-01 10:09:11] [/DEBUG] [CustomSkinLoader Core]: Try to request 'https://star-plays-dev.github.io/Web/skins/.png'.
[2026-09-01 10:09:11] [Client thread/DEBUG] [CustomSkinLoader Core]: Loading Legacy Texture (minecraft:skins/legacy-)
[2026-09-01 10:09:11] [/INFO] [CustomSkinLoader Core]: Cached profile will be used.
[2026-09-01 10:09:11] [/WARNING] [CustomSkinLoader Core]: (Cached Profile is empty!) Expiry: 0
[2026-09-01 10:09:11] [/INFO] [CustomSkinLoader Core]: Loading 's profile.
[2026-09-01 10:09:11] [/INFO] [CustomSkinLoader Core]: 1/2 Try to load profile from 'GameProfile'.
[2026-09-01 10:09:11] [/INFO] [CustomSkinLoader Core]: Profile not found.
[2026-09-01 10:09:11] [/INFO] [CustomSkinLoader Core]: 2/2 Try to load profile from 'Server17'.
[2026-09-01 10:09:11] [/DEBUG] [CustomSkinLoader Core]: Try to request 'https://star-plays-dev.github.io/Web/skins/.png'.
[2026-09-01 10:09:11] [Client thread/DEBUG] [CustomSkinLoader Core]: Loading Legacy Texture (minecraft:skins/legacy-)
[2026-09-01 10:09:11] [/INFO] [CustomSkinLoader Core]: Cached profile will be used.
[2026-09-01 10:09:11] [/WARNING] [CustomSkinLoader Core]: (Cached Profile is empty!) Expiry: 0
[2026-09-01 10:09:11] [/INFO] [CustomSkinLoader Core]: Loading 's profile.
[2026-09-01 10:09:11] [/INFO] [CustomSkinLoader Core]: 1/2 Try to load profile from 'GameProfile'.
[2026-09-01 10:09:11] [/INFO] [CustomSkinLoader Core]: Profile not found.
[2026-09-01 10:09:11] [/INFO] [CustomSkinLoader Core]: 2/2 Try to load profile from 'Server17'.
[2026-09-01 10:09:11] [/DEBUG] [CustomSkinLoader Core]: Try to request 'https://star-plays-dev.github.io/Web/skins/.png'.
[2026-09-01 10:09:11] [Client thread/DEBUG] [CustomSkinLoader Core]: Loading Legacy Texture (minecraft:skins/legacy-)
[2026-09-01 10:09:11] [/INFO] [CustomSkinLoader Core]: Cached profile will be used.
[2026-09-01 10:09:11] [/WARNING] [CustomSkinLoader Core]: (Cached Profile is empty!) Expiry: 0
[2026-09-01 10:09:11] [/INFO] [CustomSkinLoader Core]: Loading 's profile.
[2026-09-01 10:09:11] [/INFO] [CustomSkinLoader Core]: 1/2 Try to load profile from 'GameProfile'.
[2026-09-01 10:09:11] [/INFO] [CustomSkinLoader Core]: Profile not found.
[2026-09-01 10:09:11] [/INFO] [CustomSkinLoader Core]: 2/2 Try to load profile from 'Server17'.
[2026-09-01 10:09:11] [/DEBUG] [CustomSkinLoader Core]: Try to request 'https://star-plays-dev.github.io/Web/skins/.png'.
[2026-09-01 10:09:11] [Client thread/DEBUG] [CustomSkinLoader Core]: Loading Legacy Texture (minecraft:skins/legacy-)
[2026-09-01 10:09:11] [/INFO] [CustomSkinLoader Core]: Cached profile will be used.
[2026-09-01 10:09:11] [/WARNING] [CustomSkinLoader Core]: (Cached Profile is empty!) Expiry: 0
[2026-09-01 10:09:11] [/INFO] [CustomSkinLoader Core]: Loading 's profile.
[2026-09-01 10:09:11] [/INFO] [CustomSkinLoader Core]: 1/2 Try to load profile from 'GameProfile'.
[2026-09-01 10:09:11] [/INFO] [CustomSkinLoader Core]: Profile not found.
[2026-09-01 10:09:11] [/INFO] [CustomSkinLoader Core]: 2/2 Try to load profile from 'Server17'.
[2026-09-01 10:09:11] [/DEBUG] [CustomSkinLoader Core]: Try to request 'https://star-plays-dev.github.io/Web/skins/.png'.
[2026-09-01 10:09:11] [Client thread/DEBUG] [CustomSkinLoader Core]: Loading Legacy Texture (minecraft:skins/legacy-)
[2026-09-01 10:09:11] [/INFO] [CustomSkinLoader Core]: Cached profile will be used.
[2026-09-01 10:09:11] [/WARNING] [CustomSkinLoader Core]: (Cached Profile is empty!) Expiry: 0
[2026-09-01 10:09:11] [/INFO] [CustomSkinLoader Core]: Loading 's profile.
[2026-09-01 10:09:11] [/INFO] [CustomSkinLoader Core]: 1/2 Try to load profile from 'GameProfile'.
[2026-09-01 10:09:11] [/INFO] [CustomSkinLoader Core]: Profile not found.
[2026-09-01 10:09:11] [/INFO] [CustomSkinLoader Core]: 2/2 Try to load profile from 'Server17'.
[2026-09-01 10:09:11] [/DEBUG] [CustomSkinLoader Core]: Try to request 'https://star-plays-dev.github.io/Web/skins/.png'.
[2026-09-01 10:09:11] [Client thread/DEBUG] [CustomSkinLoader Core]: Loading Legacy Texture (minecraft:skins/legacy-)
[2026-09-01 10:09:11] [Client thread/DEBUG] [CustomSkinLoader Core]: Loading Legacy Texture (minecraft:skins/legacy-)
[2026-09-01 10:09:11] [Client thread/DEBUG] [CustomSkinLoader Core]: Loading Legacy Texture (minecraft:skins/legacy-)
[2026-09-01 10:09:11] [Client thread/DEBUG] [CustomSkinLoader Core]: Loading Legacy Texture (minecraft:skins/legacy-)
[2026-09-01 10:09:11] [Client thread/DEBUG] [CustomSkinLoader Core]: Loading Legacy Texture (minecraft:skins/legacy-)
[2026-09-01 10:09:11] [Client thread/DEBUG] [CustomSkinLoader Core]: Loading Legacy Texture (minecraft:skins/legacy-)
[2026-09-01 10:09:11] [Client thread/DEBUG] [CustomSkinLoader Core]: Loading Legacy Texture (minecraft:skins/legacy-)
[2026-09-01 10:09:11] [Client thread/DEBUG] [CustomSkinLoader Core]: Loading Legacy Texture (minecraft:skins/legacy-)
[2026-09-01 10:09:11] [Client thread/DEBUG] [CustomSkinLoader Core]: Loading Legacy Texture (minecraft:skins/legacy-)
[2026-09-01 10:09:11] [Client thread/DEBUG] [CustomSkinLoader Core]: Loading Legacy Texture (minecraft:skins/legacy-)
[2026-09-01 10:09:11] [Client thread/DEBUG] [CustomSkinLoader Core]: Loading Legacy Texture (minecraft:skins/legacy-)
[2026-09-01 10:09:11] [Client thread/DEBUG] [CustomSkinLoader Core]: Loading Legacy Texture (minecraft:skins/legacy-)
[2026-09-01 10:09:11] [Client thread/DEBUG] [CustomSkinLoader Core]: Loading Legacy Texture (minecraft:skins/legacy-)
[2026-09-01 10:09:11] [Client thread/DEBUG] [CustomSkinLoader Core]: Loading Legacy Texture (minecraft:skins/legacy-)
[2026-09-01 10:09:11] [Client thread/DEBUG] [CustomSkinLoader Core]: Loading Legacy Texture (minecraft:skins/legacy-)
[2026-09-01 10:09:11] [Client thread/DEBUG] [CustomSkinLoader Core]: Loading Legacy Texture (minecraft:skins/legacy-)
[2026-09-01 10:09:11] [Client thread/DEBUG] [CustomSkinLoader Core]: Loading Legacy Texture (minecraft:skins/legacy-)
[2026-09-01 10:09:11] [Client thread/DEBUG] [CustomSkinLoader Core]: Loading Legacy Texture (minecraft:skins/legacy-)
[2026-09-01 10:09:11] [Client thread/DEBUG] [CustomSkinLoader Core]: Loading Legacy Texture (minecraft:skins/legacy-)
[2026-09-01 10:09:11] [Client thread/DEBUG] [CustomSkinLoader Core]: Loading Legacy Texture (minecraft:skins/legacy-)
[2026-09-01 10:09:11] [Client thread/DEBUG] [CustomSkinLoader Core]: Loading Legacy Texture (minecraft:skins/legacy-)
[2026-09-01 10:09:11] [Client thread/DEBUG] [CustomSkinLoader Core]: Loading Legacy Texture (minecraft:skins/legacy-)
[2026-09-01 10:09:11] [Client thread/DEBUG] [CustomSkinLoader Core]: Loading Legacy Texture (minecraft:skins/legacy-)
[2026-09-01 10:09:11] [Client thread/DEBUG] [CustomSkinLoader Core]: Loading Legacy Texture (minecraft:skins/legacy-)
[2026-09-01 10:09:11] [Client thread/DEBUG] [CustomSkinLoader Core]: Loading Legacy Texture (minecraft:skins/legacy-)
[2026-09-01 10:09:11] [Client thread/DEBUG] [CustomSkinLoader Core]: Loading Legacy Texture (minecraft:skins/legacy-)
[2026-09-01 10:09:11] [Client thread/DEBUG] [CustomSkinLoader Core]: Loading Legacy Texture (minecraft:skins/legacy-)
[2026-09-01 10:09:11] [Client thread/DEBUG] [CustomSkinLoader Core]: Loading Legacy Texture (minecraft:skins/legacy-)
[2026-09-01 10:09:11] [Client thread/DEBUG] [CustomSkinLoader Core]: Loading Legacy Texture (minecraft:skins/legacy-)
[2026-09-01 10:09:11] [Client thread/DEBUG] [CustomSkinLoader Core]: Loading Legacy Texture (minecraft:skins/legacy-)
[2026-09-01 10:09:11] [Client thread/DEBUG] [CustomSkinLoader Core]: Loading Legacy Texture (minecraft:skins/legacy-)
[2026-09-01 10:09:11] [Client thread/DEBUG] [CustomSkinLoader Core]: Loading Legacy Texture (minecraft:skins/legacy-)
[2026-09-01 10:09:11] [Client thread/DEBUG] [CustomSkinLoader Core]: Loading Legacy Texture (minecraft:skins/legacy-)
[2026-09-01 10:09:11] [Client thread/DEBUG] [CustomSkinLoader Core]: Loading Legacy Texture (minecraft:skins/legacy-)
[2026-09-01 10:09:11] [Client thread/DEBUG] [CustomSkinLoader Core]: Loading Legacy Texture (minecraft:skins/legacy-)
[2026-09-01 10:09:11] [Client thread/DEBUG] [CustomSkinLoader Core]: Loading Legacy Texture (minecraft:skins/legacy-)
[2026-09-01 10:09:11] [Client thread/DEBUG] [CustomSkinLoader Core]: Loading Legacy Texture (minecraft:skins/legacy-)
[2026-09-01 10:09:11] [Client thread/DEBUG] [CustomSkinLoader Core]: Loading Legacy Texture (minecraft:skins/legacy-)
[2026-09-01 10:09:11] [Client thread/DEBUG] [CustomSkinLoader Core]: Loading Legacy Texture (minecraft:skins/legacy-)
[2026-09-01 10:09:11] [Client thread/DEBUG] [CustomSkinLoader Core]: Loading Legacy Texture (minecraft:skins/legacy-)
[2026-09-01 10:09:11] [Client thread/DEBUG] [CustomSkinLoader Core]: Loading Legacy Texture (minecraft:skins/legacy-)
[2026-09-01 10:09:11] [Client thread/DEBUG] [CustomSkinLoader Core]: Loading Legacy Texture (minecraft:skins/legacy-)
[2026-09-01 10:09:12] [Client thread/DEBUG] [CustomSkinLoader Core]: Loading Legacy Texture (minecraft:skins/legacy-)
[2026-09-01 10:09:12] [Client thread/DEBUG] [CustomSkinLoader Core]: Loading Legacy Texture (minecraft:skins/legacy-)
[2026-09-01 10:09:12] [Client thread/DEBUG] [CustomSkinLoader Core]: Loading Legacy Texture (minecraft:skins/legacy-)
[2026-09-01 10:09:12] [Client thread/DEBUG] [CustomSkinLoader Core]: Loading Legacy Texture (minecraft:skins/legacy-)
[2026-09-01 10:09:12] [Client thread/DEBUG] [CustomSkinLoader Core]: Loading Legacy Texture (minecraft:skins/legacy-)
[2026-09-01 10:09:12] [Client thread/DEBUG] [CustomSkinLoader Core]: Loading Legacy Texture (minecraft:skins/legacy-)
[2026-09-01 10:09:12] [Client thread/DEBUG] [CustomSkinLoader Core]: Loading Legacy Texture (minecraft:skins/legacy-)
[2026-09-01 10:09:12] [Client thread/DEBUG] [CustomSkinLoader Core]: Loading Legacy Texture (minecraft:skins/legacy-)
[2026-09-01 10:09:12] [Client thread/DEBUG] [CustomSkinLoader Core]: Loading Legacy Texture (minecraft:skins/legacy-)
[2026-09-01 10:09:12] [Client thread/DEBUG] [CustomSkinLoader Core]: Loading Legacy Texture (minecraft:skins/legacy-)
[2026-09-01 10:09:12] [/DEBUG] [CustomSkinLoader Core]: Failed to request (Response Code: 404)
[2026-09-01 10:09:12] [/DEBUG] [CustomSkinLoader Core]: Try to request 'https://star-plays-dev.github.io/Web/capes/.png'.
[2026-09-01 10:09:12] [/DEBUG] [CustomSkinLoader Core]: Failed to request (Response Code: 404)
[2026-09-01 10:09:12] [/DEBUG] [CustomSkinLoader Core]: Try to request 'https://star-plays-dev.github.io/Web/capes/.png'.
[2026-09-01 10:09:12] [Client thread/DEBUG] [CustomSkinLoader Core]: Loading Legacy Texture (minecraft:skins/legacy-)
[2026-09-01 10:09:12] [Client thread/DEBUG] [CustomSkinLoader Core]: Loading Legacy Texture (minecraft:skins/legacy-)
[2026-09-01 10:09:12] [Client thread/DEBUG] [CustomSkinLoader Core]: Loading Legacy Texture (minecraft:skins/legacy-)
[2026-09-01 10:09:12] [Client thread/DEBUG] [CustomSkinLoader Core]: Loading Legacy Texture (minecraft:skins/legacy-)
[2026-09-01 10:09:12] [Client thread/DEBUG] [CustomSkinLoader Core]: Loading Legacy Texture (minecraft:skins/legacy-)
[2026-09-01 10:09:12] [Client thread/DEBUG] [CustomSkinLoader Core]: Loading Legacy Texture (minecraft:skins/legacy-)
[2026-09-01 10:09:12] [Client thread/DEBUG] [CustomSkinLoader Core]: Loading Legacy Texture (minecraft:skins/legacy-)
[2026-09-01 10:09:12] [/DEBUG] [CustomSkinLoader Core]: Failed to request (Response Code: 404)
[2026-09-01 10:09:12] [/DEBUG] [CustomSkinLoader Core]: Try to request 'https://star-plays-dev.github.io/Web/capes/.png'.
[2026-09-01 10:09:12] [Client thread/DEBUG] [CustomSkinLoader Core]: Loading Legacy Texture (minecraft:skins/legacy-)
[2026-09-01 10:09:12] [Client thread/DEBUG] [CustomSkinLoader Core]: Loading Legacy Texture (minecraft:skins/legacy-)
[2026-09-01 10:09:12] [Client thread/DEBUG] [CustomSkinLoader Core]: Loading Legacy Texture (minecraft:skins/legacy-)
[2026-09-01 10:09:12] [Client thread/DEBUG] [CustomSkinLoader Core]: Loading Legacy Texture (minecraft:skins/legacy-)
[2026-09-01 10:09:12] [Client thread/DEBUG] [CustomSkinLoader Core]: Loading Legacy Texture (minecraft:skins/legacy-)
[2026-09-01 10:09:12] [/DEBUG] [CustomSkinLoader Core]: Failed to request (Response Code: 404)
[2026-09-01 10:09:12] [/DEBUG] [CustomSkinLoader Core]: Failed to request (Response Code: 404)
[2026-09-01 10:09:12] [/DEBUG] [CustomSkinLoader Core]: Try to request 'https://star-plays-dev.github.io/Web/capes/.png'.
[2026-09-01 10:09:12] [/DEBUG] [CustomSkinLoader Core]: Try to request 'https://star-plays-dev.github.io/Web/capes/.png'.
[2026-09-01 10:09:12] [Client thread/DEBUG] [CustomSkinLoader Core]: Loading Legacy Texture (minecraft:skins/legacy-)
[2026-09-01 10:09:12] [/DEBUG] [CustomSkinLoader Core]: Failed to request (Response Code: 404)
[2026-09-01 10:09:12] [/DEBUG] [CustomSkinLoader Core]: Failed to request (Response Code: 404)
[2026-09-01 10:09:12] [/DEBUG] [CustomSkinLoader Core]: Try to request 'https://star-plays-dev.github.io/Web/capes/.png'.
[2026-09-01 10:09:12] [/DEBUG] [CustomSkinLoader Core]: Try to request 'https://star-plays-dev.github.io/Web/capes/.png'.
[2026-09-01 10:09:12] [Client thread/DEBUG] [CustomSkinLoader Core]: Loading Legacy Texture (minecraft:skins/legacy-)
[2026-09-01 10:09:12] [Client thread/DEBUG] [CustomSkinLoader Core]: Loading Legacy Texture (minecraft:skins/legacy-)
[2026-09-01 10:09:12] [Client thread/DEBUG] [CustomSkinLoader Core]: Loading Legacy Texture (minecraft:skins/legacy-)
[2026-09-01 10:09:12] [Client thread/DEBUG] [CustomSkinLoader Core]: Loading Legacy Texture (minecraft:skins/legacy-)
[2026-09-01 10:09:12] [Client thread/DEBUG] [CustomSkinLoader Core]: Loading Legacy Texture (minecraft:skins/legacy-)
[2026-09-01 10:09:12] [Client thread/DEBUG] [CustomSkinLoader Core]: Loading Legacy Texture (minecraft:skins/legacy-)
[2026-09-01 10:09:12] [Client thread/DEBUG] [CustomSkinLoader Core]: Loading Legacy Texture (minecraft:skins/legacy-)
[2026-09-01 10:09:12] [/DEBUG] [CustomSkinLoader Core]: Failed to request (Response Code: 404)
[2026-09-01 10:09:12] [/DEBUG] [CustomSkinLoader Core]: Try to request 'https://star-plays-dev.github.io/Web/capes/.png'.
[2026-09-01 10:09:12] [/DEBUG] [CustomSkinLoader Core]: Failed to request (Response Code: 404)
[2026-09-01 10:09:12] [/INFO] [CustomSkinLoader Core]: No texture could be found.
[2026-09-01 10:09:12] [/INFO] [CustomSkinLoader Core]: 's profile not found in load list.
[2026-09-01 10:09:12] [/INFO] [CustomSkinLoader Core]: Loading 's profile.
[2026-09-01 10:09:12] [/INFO] [CustomSkinLoader Core]: 1/2 Try to load profile from 'GameProfile'.
[2026-09-01 10:09:12] [/INFO] [CustomSkinLoader Core]: Profile not found.
[2026-09-01 10:09:12] [/INFO] [CustomSkinLoader Core]: 2/2 Try to load profile from 'Server17'.
[2026-09-01 10:09:12] [/DEBUG] [CustomSkinLoader Core]: Try to request 'https://star-plays-dev.github.io/Web/skins/.png'.
[2026-09-01 10:09:12] [/DEBUG] [CustomSkinLoader Core]: Failed to request (Response Code: 404)
[2026-09-01 10:09:12] [/INFO] [CustomSkinLoader Core]: No texture could be found.
[2026-09-01 10:09:12] [/INFO] [CustomSkinLoader Core]: 's profile not found in load list.
[2026-09-01 10:09:12] [/INFO] [CustomSkinLoader Core]: Loading 's profile.
[2026-09-01 10:09:12] [/INFO] [CustomSkinLoader Core]: 1/2 Try to load profile from 'GameProfile'.
[2026-09-01 10:09:12] [/INFO] [CustomSkinLoader Core]: Profile not found.
[2026-09-01 10:09:12] [/INFO] [CustomSkinLoader Core]: 2/2 Try to load profile from 'Server17'.
[2026-09-01 10:09:12] [/DEBUG] [CustomSkinLoader Core]: Try to request 'https://star-plays-dev.github.io/Web/skins/.png'.
[2026-09-01 10:09:12] [/DEBUG] [CustomSkinLoader Core]: Failed to request (Response Code: 404)
[2026-09-01 10:09:12] [/INFO] [CustomSkinLoader Core]: No texture could be found.
[2026-09-01 10:09:12] [/INFO] [CustomSkinLoader Core]: 's profile not found in load list.
[2026-09-01 10:09:12] [/INFO] [CustomSkinLoader Core]: Loading 's profile.
[2026-09-01 10:09:12] [/INFO] [CustomSkinLoader Core]: 1/2 Try to load profile from 'GameProfile'.
[2026-09-01 10:09:12] [/INFO] [CustomSkinLoader Core]: Profile not found.
[2026-09-01 10:09:12] [/INFO] [CustomSkinLoader Core]: 2/2 Try to load profile from 'Server17'.
[2026-09-01 10:09:12] [/DEBUG] [CustomSkinLoader Core]: Try to request 'https://star-plays-dev.github.io/Web/skins/.png'.
[2026-09-01 10:09:12] [/DEBUG] [CustomSkinLoader Core]: Failed to request (Response Code: 404)
[2026-09-01 10:09:12] [/INFO] [CustomSkinLoader Core]: No texture could be found.
[2026-09-01 10:09:12] [/INFO] [CustomSkinLoader Core]: 's profile not found in load list.
[2026-09-01 10:09:12] [/INFO] [CustomSkinLoader Core]: Loading 's profile.
[2026-09-01 10:09:12] [/INFO] [CustomSkinLoader Core]: 1/2 Try to load profile from 'GameProfile'.
[2026-09-01 10:09:12] [/INFO] [CustomSkinLoader Core]: Profile not found.
[2026-09-01 10:09:12] [/INFO] [CustomSkinLoader Core]: 2/2 Try to load profile from 'Server17'.
[2026-09-01 10:09:12] [/DEBUG] [CustomSkinLoader Core]: Try to request 'https://star-plays-dev.github.io/Web/skins/.png'.
[2026-09-01 10:09:12] [/DEBUG] [CustomSkinLoader Core]: Failed to request (Response Code: 404)
[2026-09-01 10:09:12] [/INFO] [CustomSkinLoader Core]: No texture could be found.
[2026-09-01 10:09:12] [/INFO] [CustomSkinLoader Core]: 's profile not found in load list.
[2026-09-01 10:09:12] [/INFO] [CustomSkinLoader Core]: Loading 's profile.
[2026-09-01 10:09:12] [/INFO] [CustomSkinLoader Core]: 1/2 Try to load profile from 'GameProfile'.
[2026-09-01 10:09:12] [/INFO] [CustomSkinLoader Core]: Profile not found.
[2026-09-01 10:09:12] [/INFO] [CustomSkinLoader Core]: 2/2 Try to load profile from 'Server17'.
[2026-09-01 10:09:12] [/DEBUG] [CustomSkinLoader Core]: Try to request 'https://star-plays-dev.github.io/Web/skins/.png'.
[2026-09-01 10:09:12] [/DEBUG] [CustomSkinLoader Core]: Failed to request (Response Code: 404)
[2026-09-01 10:09:12] [/INFO] [CustomSkinLoader Core]: No texture could be found.
[2026-09-01 10:09:12] [/INFO] [CustomSkinLoader Core]: 's profile not found in load list.
[2026-09-01 10:09:12] [/INFO] [CustomSkinLoader Core]: Loading 's profile.
[2026-09-01 10:09:12] [/INFO] [CustomSkinLoader Core]: 1/2 Try to load profile from 'GameProfile'.
[2026-09-01 10:09:12] [/INFO] [CustomSkinLoader Core]: Profile not found.
[2026-09-01 10:09:12] [/INFO] [CustomSkinLoader Core]: 2/2 Try to load profile from 'Server17'.
[2026-09-01 10:09:12] [/DEBUG] [CustomSkinLoader Core]: Try to request 'https://star-plays-dev.github.io/Web/skins/.png'.
[2026-09-01 10:09:12] [/DEBUG] [CustomSkinLoader Core]: Failed to request (Response Code: 404)
[2026-09-01 10:09:12] [/INFO] [CustomSkinLoader Core]: No texture could be found.
[2026-09-01 10:09:12] [/INFO] [CustomSkinLoader Core]: 's profile not found in load list.
[2026-09-01 10:09:12] [/INFO] [CustomSkinLoader Core]: Loading 's profile.
[2026-09-01 10:09:12] [/INFO] [CustomSkinLoader Core]: 1/2 Try to load profile from 'GameProfile'.
[2026-09-01 10:09:12] [/INFO] [CustomSkinLoader Core]: Profile not found.
[2026-09-01 10:09:12] [/INFO] [CustomSkinLoader Core]: 2/2 Try to load profile from 'Server17'.
[2026-09-01 10:09:12] [/DEBUG] [CustomSkinLoader Core]: Try to request 'https://star-plays-dev.github.io/Web/skins/.png'.
[2026-09-01 10:09:12] [/DEBUG] [CustomSkinLoader Core]: Failed to request (Response Code: 404)
[2026-09-01 10:09:12] [/INFO] [CustomSkinLoader Core]: No texture could be found.
[2026-09-01 10:09:12] [/INFO] [CustomSkinLoader Core]: 's profile not found in load list.
[2026-09-01 10:09:12] [/INFO] [CustomSkinLoader Core]: Loading 's profile.
[2026-09-01 10:09:12] [/INFO] [CustomSkinLoader Core]: 1/2 Try to load profile from 'GameProfile'.
[2026-09-01 10:09:12] [/INFO] [CustomSkinLoader Core]: Profile not found.
[2026-09-01 10:09:12] [/INFO] [CustomSkinLoader Core]: 2/2 Try to load profile from 'Server17'.
[2026-09-01 10:09:12] [/DEBUG] [CustomSkinLoader Core]: Try to request 'https://star-plays-dev.github.io/Web/skins/.png'.
[2026-09-01 10:09:13] [/DEBUG] [CustomSkinLoader Core]: Failed to request (Response Code: 404)
[2026-09-01 10:09:13] [/DEBUG] [CustomSkinLoader Core]: Try to request 'https://star-plays-dev.github.io/Web/capes/.png'.
[2026-09-01 10:09:13] [/DEBUG] [CustomSkinLoader Core]: Failed to request (Response Code: 404)
[2026-09-01 10:09:13] [/DEBUG] [CustomSkinLoader Core]: Try to request 'https://star-plays-dev.github.io/Web/capes/.png'.
[2026-09-01 10:09:13] [/DEBUG] [CustomSkinLoader Core]: Failed to request (Response Code: 404)
[2026-09-01 10:09:13] [/DEBUG] [CustomSkinLoader Core]: Try to request 'https://star-plays-dev.github.io/Web/capes/.png'.
[2026-09-01 10:09:13] [/DEBUG] [CustomSkinLoader Core]: Failed to request (Response Code: 404)
[2026-09-01 10:09:13] [/DEBUG] [CustomSkinLoader Core]: Try to request 'https://star-plays-dev.github.io/Web/capes/.png'.
[2026-09-01 10:09:13] [/DEBUG] [CustomSkinLoader Core]: Failed to request (Response Code: 404)
[2026-09-01 10:09:13] [/DEBUG] [CustomSkinLoader Core]: Try to request 'https://star-plays-dev.github.io/Web/capes/.png'.
[2026-09-01 10:09:13] [/DEBUG] [CustomSkinLoader Core]: Failed to request (Response Code: 404)
[2026-09-01 10:09:13] [/DEBUG] [CustomSkinLoader Core]: Failed to request (Response Code: 404)
[2026-09-01 10:09:13] [/DEBUG] [CustomSkinLoader Core]: Try to request 'https://star-plays-dev.github.io/Web/capes/.png'.
[2026-09-01 10:09:13] [/DEBUG] [CustomSkinLoader Core]: Try to request 'https://star-plays-dev.github.io/Web/capes/.png'.
[2026-09-01 10:09:13] [/DEBUG] [CustomSkinLoader Core]: Failed to request (Response Code: 404)
[2026-09-01 10:09:13] [/DEBUG] [CustomSkinLoader Core]: Try to request 'https://star-plays-dev.github.io/Web/capes/.png'.
[2026-09-01 10:09:13] [/DEBUG] [CustomSkinLoader Core]: Failed to request (Response Code: 404)
[2026-09-01 10:09:13] [/INFO] [CustomSkinLoader Core]: No texture could be found.
[2026-09-01 10:09:13] [/INFO] [CustomSkinLoader Core]: 's profile not found in load list.
[2026-09-01 10:09:13] [/INFO] [CustomSkinLoader Core]: Loading 's profile.
[2026-09-01 10:09:13] [/INFO] [CustomSkinLoader Core]: 1/2 Try to load profile from 'GameProfile'.
[2026-09-01 10:09:13] [/INFO] [CustomSkinLoader Core]: Profile not found.
[2026-09-01 10:09:13] [/INFO] [CustomSkinLoader Core]: 2/2 Try to load profile from 'Server17'.
[2026-09-01 10:09:13] [/DEBUG] [CustomSkinLoader Core]: Try to request 'https://star-plays-dev.github.io/Web/skins/.png'.
[2026-09-01 10:09:13] [/DEBUG] [CustomSkinLoader Core]: Failed to request (Response Code: 404)
[2026-09-01 10:09:13] [/INFO] [CustomSkinLoader Core]: No texture could be found.
[2026-09-01 10:09:13] [/INFO] [CustomSkinLoader Core]: 's profile not found in load list.
[2026-09-01 10:09:13] [/INFO] [CustomSkinLoader Core]: Loading 's profile.
[2026-09-01 10:09:13] [/INFO] [CustomSkinLoader Core]: 1/2 Try to load profile from 'GameProfile'.
[2026-09-01 10:09:13] [/INFO] [CustomSkinLoader Core]: Profile not found.
[2026-09-01 10:09:13] [/INFO] [CustomSkinLoader Core]: 2/2 Try to load profile from 'Server17'.
[2026-09-01 10:09:13] [/DEBUG] [CustomSkinLoader Core]: Try to request 'https://star-plays-dev.github.io/Web/skins/.png'.
[2026-09-01 10:09:13] [/DEBUG] [CustomSkinLoader Core]: Failed to request (Response Code: 404)
[2026-09-01 10:09:13] [/INFO] [CustomSkinLoader Core]: No texture could be found.
[2026-09-01 10:09:13] [/INFO] [CustomSkinLoader Core]: 's profile not found in load list.
[2026-09-01 10:09:13] [/INFO] [CustomSkinLoader Core]: Loading 's profile.
[2026-09-01 10:09:13] [/INFO] [CustomSkinLoader Core]: 1/2 Try to load profile from 'GameProfile'.
[2026-09-01 10:09:13] [/INFO] [CustomSkinLoader Core]: Profile not found.
[2026-09-01 10:09:13] [/INFO] [CustomSkinLoader Core]: 2/2 Try to load profile from 'Server17'.
[2026-09-01 10:09:13] [/DEBUG] [CustomSkinLoader Core]: Try to request 'https://star-plays-dev.github.io/Web/skins/.png'.
[2026-09-01 10:09:13] [/DEBUG] [CustomSkinLoader Core]: Failed to request (Response Code: 404)
[2026-09-01 10:09:13] [/INFO] [CustomSkinLoader Core]: No texture could be found.
[2026-09-01 10:09:13] [/INFO] [CustomSkinLoader Core]: 's profile not found in load list.
[2026-09-01 10:09:13] [/INFO] [CustomSkinLoader Core]: Loading 's profile.
[2026-09-01 10:09:13] [/INFO] [CustomSkinLoader Core]: 1/2 Try to load profile from 'GameProfile'.
[2026-09-01 10:09:13] [/INFO] [CustomSkinLoader Core]: Profile not found.
[2026-09-01 10:09:13] [/INFO] [CustomSkinLoader Core]: 2/2 Try to load profile from 'Server17'.
[2026-09-01 10:09:13] [/DEBUG] [CustomSkinLoader Core]: Try to request 'https://star-plays-dev.github.io/Web/skins/.png'.
[2026-09-01 10:09:13] [/DEBUG] [CustomSkinLoader Core]: Failed to request (Response Code: 404)
[2026-09-01 10:09:13] [/INFO] [CustomSkinLoader Core]: No texture could be found.
[2026-09-01 10:09:13] [/INFO] [CustomSkinLoader Core]: 's profile not found in load list.
[2026-09-01 10:09:13] [/INFO] [CustomSkinLoader Core]: Loading 's profile.
[2026-09-01 10:09:13] [/INFO] [CustomSkinLoader Core]: 1/2 Try to load profile from 'GameProfile'.
[2026-09-01 10:09:13] [/INFO] [CustomSkinLoader Core]: Profile not found.
[2026-09-01 10:09:13] [/INFO] [CustomSkinLoader Core]: 2/2 Try to load profile from 'Server17'.
[2026-09-01 10:09:13] [/DEBUG] [CustomSkinLoader Core]: Try to request 'https://star-plays-dev.github.io/Web/skins/.png'.
[2026-09-01 10:09:13] [/DEBUG] [CustomSkinLoader Core]: Failed to request (Response Code: 404)
[2026-09-01 10:09:13] [/INFO] [CustomSkinLoader Core]: No texture could be found.
[2026-09-01 10:09:13] [/INFO] [CustomSkinLoader Core]: 's profile not found in load list.
[2026-09-01 10:09:13] [/INFO] [CustomSkinLoader Core]: Loading 's profile.
[2026-09-01 10:09:13] [/INFO] [CustomSkinLoader Core]: 1/2 Try to load profile from 'GameProfile'.
[2026-09-01 10:09:13] [/INFO] [CustomSkinLoader Core]: Profile not found.
[2026-09-01 10:09:13] [/INFO] [CustomSkinLoader Core]: 2/2 Try to load profile from 'Server17'.
[2026-09-01 10:09:13] [/DEBUG] [CustomSkinLoader Core]: Try to request 'https://star-plays-dev.github.io/Web/skins/.png'.
[2026-09-01 10:09:13] [/DEBUG] [CustomSkinLoader Core]: Failed to request (Response Code: 404)
[2026-09-01 10:09:13] [/INFO] [CustomSkinLoader Core]: No texture could be found.
[2026-09-01 10:09:13] [/INFO] [CustomSkinLoader Core]: 's profile not found in load list.
[2026-09-01 10:09:13] [/INFO] [CustomSkinLoader Core]: Loading 's profile.
[2026-09-01 10:09:13] [/INFO] [CustomSkinLoader Core]: 1/2 Try to load profile from 'GameProfile'.
[2026-09-01 10:09:13] [/INFO] [CustomSkinLoader Core]: Profile not found.
[2026-09-01 10:09:13] [/INFO] [CustomSkinLoader Core]: 2/2 Try to load profile from 'Server17'.
[2026-09-01 10:09:13] [/DEBUG] [CustomSkinLoader Core]: Try to request 'https://star-plays-dev.github.io/Web/skins/.png'.
[2026-09-01 10:09:13] [/DEBUG] [CustomSkinLoader Core]: Failed to request (Response Code: 404)
[2026-09-01 10:09:13] [/INFO] [CustomSkinLoader Core]: No texture could be found.
[2026-09-01 10:09:13] [/INFO] [CustomSkinLoader Core]: 's profile not found in load list.
[2026-09-01 10:09:13] [/INFO] [CustomSkinLoader Core]: Loading 's profile.
[2026-09-01 10:09:13] [/INFO] [CustomSkinLoader Core]: 1/2 Try to load profile from 'GameProfile'.
[2026-09-01 10:09:13] [/INFO] [CustomSkinLoader Core]: Profile not found.
[2026-09-01 10:09:13] [/INFO] [CustomSkinLoader Core]: 2/2 Try to load profile from 'Server17'.
[2026-09-01 10:09:13] [/DEBUG] [CustomSkinLoader Core]: Try to request 'https://star-plays-dev.github.io/Web/skins/.png'.
[2026-09-01 10:09:13] [/DEBUG] [CustomSkinLoader Core]: Failed to request (Response Code: 404)
[2026-09-01 10:09:13] [/DEBUG] [CustomSkinLoader Core]: Try to request 'https://star-plays-dev.github.io/Web/capes/.png'.
[2026-09-01 10:09:13] [/DEBUG] [CustomSkinLoader Core]: Failed to request (Response Code: 404)
[2026-09-01 10:09:13] [/DEBUG] [CustomSkinLoader Core]: Try to request 'https://star-plays-dev.github.io/Web/capes/.png'.
[2026-09-01 10:09:13] [/DEBUG] [CustomSkinLoader Core]: Failed to request (Response Code: 404)
[2026-09-01 10:09:13] [/DEBUG] [CustomSkinLoader Core]: Try to request 'https://star-plays-dev.github.io/Web/capes/.png'.
[2026-09-01 10:09:13] [/DEBUG] [CustomSkinLoader Core]: Failed to request (Response Code: 404)
[2026-09-01 10:09:13] [/DEBUG] [CustomSkinLoader Core]: Failed to request (Response Code: 404)
[2026-09-01 10:09:13] [/DEBUG] [CustomSkinLoader Core]: Try to request 'https://star-plays-dev.github.io/Web/capes/.png'.
[2026-09-01 10:09:13] [/DEBUG] [CustomSkinLoader Core]: Try to request 'https://star-plays-dev.github.io/Web/capes/.png'.
[2026-09-01 10:09:13] [/DEBUG] [CustomSkinLoader Core]: Failed to request (Response Code: 404)
[2026-09-01 10:09:13] [/DEBUG] [CustomSkinLoader Core]: Try to request 'https://star-plays-dev.github.io/Web/capes/.png'.
[2026-09-01 10:09:13] [/DEBUG] [CustomSkinLoader Core]: Failed to request (Response Code: 404)
[2026-09-01 10:09:13] [/DEBUG] [CustomSkinLoader Core]: Try to request 'https://star-plays-dev.github.io/Web/capes/.png'.
[2026-09-01 10:09:13] [/DEBUG] [CustomSkinLoader Core]: Failed to request (Response Code: 404)
[2026-09-01 10:09:13] [/DEBUG] [CustomSkinLoader Core]: Try to request 'https://star-plays-dev.github.io/Web/capes/.png'.
[2026-09-01 10:09:14] [/DEBUG] [CustomSkinLoader Core]: Failed to request (Response Code: 404)
[2026-09-01 10:09:14] [/INFO] [CustomSkinLoader Core]: No texture could be found.
[2026-09-01 10:09:14] [/INFO] [CustomSkinLoader Core]: 's profile not found in load list.
[2026-09-01 10:09:14] [/INFO] [CustomSkinLoader Core]: Loading 's profile.
[2026-09-01 10:09:14] [/INFO] [CustomSkinLoader Core]: 1/2 Try to load profile from 'GameProfile'.
[2026-09-01 10:09:14] [/INFO] [CustomSkinLoader Core]: Profile not found.
[2026-09-01 10:09:14] [/INFO] [CustomSkinLoader Core]: 2/2 Try to load profile from 'Server17'.
[2026-09-01 10:09:14] [/DEBUG] [CustomSkinLoader Core]: Try to request 'https://star-plays-dev.github.io/Web/skins/.png'.
[2026-09-01 10:09:14] [/DEBUG] [CustomSkinLoader Core]: Failed to request (Response Code: 404)
[2026-09-01 10:09:14] [/INFO] [CustomSkinLoader Core]: No texture could be found.
[2026-09-01 10:09:14] [/INFO] [CustomSkinLoader Core]: 's profile not found in load list.
[2026-09-01 10:09:14] [/INFO] [CustomSkinLoader Core]: Loading 's profile.
[2026-09-01 10:09:14] [/INFO] [CustomSkinLoader Core]: 1/2 Try to load profile from 'GameProfile'.
[2026-09-01 10:09:14] [/INFO] [CustomSkinLoader Core]: Profile not found.
[2026-09-01 10:09:14] [/INFO] [CustomSkinLoader Core]: 2/2 Try to load profile from 'Server17'.
[2026-09-01 10:09:14] [/DEBUG] [CustomSkinLoader Core]: Try to request 'https://star-plays-dev.github.io/Web/skins/.png'.
[2026-09-01 10:09:14] [/DEBUG] [CustomSkinLoader Core]: Failed to request (Response Code: 404)
[2026-09-01 10:09:14] [/INFO] [CustomSkinLoader Core]: No texture could be found.
[2026-09-01 10:09:14] [/INFO] [CustomSkinLoader Core]: 's profile not found in load list.
[2026-09-01 10:09:14] [/INFO] [CustomSkinLoader Core]: Loading 's profile.
[2026-09-01 10:09:14] [/INFO] [CustomSkinLoader Core]: 1/2 Try to load profile from 'GameProfile'.
[2026-09-01 10:09:14] [/INFO] [CustomSkinLoader Core]: Profile not found.
[2026-09-01 10:09:14] [/INFO] [CustomSkinLoader Core]: 2/2 Try to load profile from 'Server17'.
[2026-09-01 10:09:14] [/DEBUG] [CustomSkinLoader Core]: Try to request 'https://star-plays-dev.github.io/Web/skins/.png'.
[2026-09-01 10:09:14] [/DEBUG] [CustomSkinLoader Core]: Failed to request (Response Code: 404)
[2026-09-01 10:09:14] [/INFO] [CustomSkinLoader Core]: No texture could be found.
[2026-09-01 10:09:14] [/INFO] [CustomSkinLoader Core]: 's profile not found in load list.
[2026-09-01 10:09:14] [/INFO] [CustomSkinLoader Core]: Loading 's profile.
[2026-09-01 10:09:14] [/INFO] [CustomSkinLoader Core]: 1/2 Try to load profile from 'GameProfile'.
[2026-09-01 10:09:14] [/INFO] [CustomSkinLoader Core]: Profile not found.
[2026-09-01 10:09:14] [/INFO] [CustomSkinLoader Core]: 2/2 Try to load profile from 'Server17'.
[2026-09-01 10:09:14] [/DEBUG] [CustomSkinLoader Core]: Try to request 'https://star-plays-dev.github.io/Web/skins/.png'.
[2026-09-01 10:09:14] [/DEBUG] [CustomSkinLoader Core]: Failed to request (Response Code: 404)
[2026-09-01 10:09:14] [/INFO] [CustomSkinLoader Core]: No texture could be found.
[2026-09-01 10:09:14] [/INFO] [CustomSkinLoader Core]: 's profile not found in load list.
[2026-09-01 10:09:14] [/INFO] [CustomSkinLoader Core]: Loading 's profile.
[2026-09-01 10:09:14] [/INFO] [CustomSkinLoader Core]: 1/2 Try to load profile from 'GameProfile'.
[2026-09-01 10:09:14] [/INFO] [CustomSkinLoader Core]: Profile not found.
[2026-09-01 10:09:14] [/INFO] [CustomSkinLoader Core]: 2/2 Try to load profile from 'Server17'.
[2026-09-01 10:09:14] [/DEBUG] [CustomSkinLoader Core]: Try to request 'https://star-plays-dev.github.io/Web/skins/.png'.
[2026-09-01 10:09:14] [/DEBUG] [CustomSkinLoader Core]: Failed to request (Response Code: 404)
[2026-09-01 10:09:14] [/INFO] [CustomSkinLoader Core]: No texture could be found.
[2026-09-01 10:09:14] [/INFO] [CustomSkinLoader Core]: 's profile not found in load list.
[2026-09-01 10:09:14] [/INFO] [CustomSkinLoader Core]: Loading 's profile.
[2026-09-01 10:09:14] [/INFO] [CustomSkinLoader Core]: 1/2 Try to load profile from 'GameProfile'.
[2026-09-01 10:09:14] [/INFO] [CustomSkinLoader Core]: Profile not found.
[2026-09-01 10:09:14] [/INFO] [CustomSkinLoader Core]: 2/2 Try to load profile from 'Server17'.
[2026-09-01 10:09:14] [/DEBUG] [CustomSkinLoader Core]: Try to request 'https://star-plays-dev.github.io/Web/skins/.png'.
[2026-09-01 10:09:14] [/DEBUG] [CustomSkinLoader Core]: Failed to request (Response Code: 404)
[2026-09-01 10:09:14] [/DEBUG] [CustomSkinLoader Core]: Failed to request (Response Code: 404)
[2026-09-01 10:09:14] [/INFO] [CustomSkinLoader Core]: No texture could be found.
[2026-09-01 10:09:14] [/INFO] [CustomSkinLoader Core]: No texture could be found.
[2026-09-01 10:09:14] [/INFO] [CustomSkinLoader Core]: 's profile not found in load list.
[2026-09-01 10:09:14] [/INFO] [CustomSkinLoader Core]: 's profile not found in load list.
[2026-09-01 10:09:14] [/INFO] [CustomSkinLoader Core]: Loading 's profile.
[2026-09-01 10:09:14] [/INFO] [CustomSkinLoader Core]: 1/2 Try to load profile from 'GameProfile'.
[2026-09-01 10:09:14] [/INFO] [CustomSkinLoader Core]: Loading 's profile.
[2026-09-01 10:09:14] [/INFO] [CustomSkinLoader Core]: Profile not found.
[2026-09-01 10:09:14] [/INFO] [CustomSkinLoader Core]: 1/2 Try to load profile from 'GameProfile'.
[2026-09-01 10:09:14] [/INFO] [CustomSkinLoader Core]: 2/2 Try to load profile from 'Server17'.
[2026-09-01 10:09:14] [/INFO] [CustomSkinLoader Core]: Profile not found.
[2026-09-01 10:09:14] [/INFO] [CustomSkinLoader Core]: 2/2 Try to load profile from 'Server17'.
[2026-09-01 10:09:14] [/DEBUG] [CustomSkinLoader Core]: Try to request 'https://star-plays-dev.github.io/Web/skins/.png'.
[2026-09-01 10:09:14] [/DEBUG] [CustomSkinLoader Core]: Try to request 'https://star-plays-dev.github.io/Web/skins/.png'.
[2026-09-01 10:09:14] [/DEBUG] [CustomSkinLoader Core]: Failed to request (Response Code: 404)
[2026-09-01 10:09:14] [/DEBUG] [CustomSkinLoader Core]: Try to request 'https://star-plays-dev.github.io/Web/capes/.png'.
[2026-09-01 10:09:14] [/DEBUG] [CustomSkinLoader Core]: Failed to request (Response Code: 404)
[2026-09-01 10:09:14] [/DEBUG] [CustomSkinLoader Core]: Try to request 'https://star-plays-dev.github.io/Web/capes/.png'.
[2026-09-01 10:09:14] [/DEBUG] [CustomSkinLoader Core]: Failed to request (Response Code: 404)
[2026-09-01 10:09:14] [/DEBUG] [CustomSkinLoader Core]: Try to request 'https://star-plays-dev.github.io/Web/capes/.png'.
[2026-09-01 10:09:14] [/DEBUG] [CustomSkinLoader Core]: Failed to request (Response Code: 404)
[2026-09-01 10:09:14] [/DEBUG] [CustomSkinLoader Core]: Try to request 'https://star-plays-dev.github.io/Web/capes/.png'.
[2026-09-01 10:09:14] [/DEBUG] [CustomSkinLoader Core]: Failed to request (Response Code: 404)
[2026-09-01 10:09:14] [/DEBUG] [CustomSkinLoader Core]: Try to request 'https://star-plays-dev.github.io/Web/capes/.png'.
[2026-09-01 10:09:14] [/DEBUG] [CustomSkinLoader Core]: Failed to request (Response Code: 404)
[2026-09-01 10:09:14] [/DEBUG] [CustomSkinLoader Core]: Try to request 'https://star-plays-dev.github.io/Web/capes/.png'.
[2026-09-01 10:09:14] [/DEBUG] [CustomSkinLoader Core]: Failed to request (Response Code: 404)
[2026-09-01 10:09:14] [/DEBUG] [CustomSkinLoader Core]: Try to request 'https://star-plays-dev.github.io/Web/capes/.png'.
[2026-09-01 10:09:14] [/DEBUG] [CustomSkinLoader Core]: Failed to request (Response Code: 404)
[2026-09-01 10:09:14] [/DEBUG] [CustomSkinLoader Core]: Try to request 'https://star-plays-dev.github.io/Web/capes/.png'.
[2026-09-01 10:09:14] [/DEBUG] [CustomSkinLoader Core]: Failed to request (Response Code: 404)
[2026-09-01 10:09:14] [/INFO] [CustomSkinLoader Core]: No texture could be found.
[2026-09-01 10:09:14] [/INFO] [CustomSkinLoader Core]: 's profile not found in load list.
[2026-09-01 10:09:14] [/DEBUG] [CustomSkinLoader Core]: Failed to request (Response Code: 404)
[2026-09-01 10:09:14] [/INFO] [CustomSkinLoader Core]: No texture could be found.
[2026-09-01 10:09:14] [/INFO] [CustomSkinLoader Core]: 's profile not found in load list.
[2026-09-01 10:09:14] [/INFO] [CustomSkinLoader Core]: Loading 's profile.
[2026-09-01 10:09:14] [/INFO] [CustomSkinLoader Core]: 1/2 Try to load profile from 'GameProfile'.
[2026-09-01 10:09:14] [/INFO] [CustomSkinLoader Core]: Profile not found.
[2026-09-01 10:09:14] [/INFO] [CustomSkinLoader Core]: Cached profile will be used.
[2026-09-01 10:09:14] [/INFO] [CustomSkinLoader Core]: 2/2 Try to load profile from 'Server17'.
[2026-09-01 10:09:14] [/DEBUG] [CustomSkinLoader Core]: Try to request 'https://star-plays-dev.github.io/Web/skins/.png'.
[2026-09-01 10:09:14] [/WARNING] [CustomSkinLoader Core]: (Cached Profile is empty!) Expiry: 0
[2026-09-01 10:09:14] [/INFO] [CustomSkinLoader Core]: Loading 's profile.
[2026-09-01 10:09:14] [/INFO] [CustomSkinLoader Core]: 1/2 Try to load profile from 'GameProfile'.
[2026-09-01 10:09:14] [/INFO] [CustomSkinLoader Core]: Profile not found.
[2026-09-01 10:09:14] [/INFO] [CustomSkinLoader Core]: 2/2 Try to load profile from 'Server17'.
[2026-09-01 10:09:14] [/DEBUG] [CustomSkinLoader Core]: Try to request 'https://star-plays-dev.github.io/Web/skins/.png'.
[2026-09-01 10:09:14] [/DEBUG] [CustomSkinLoader Core]: Failed to request (Response Code: 404)
[2026-09-01 10:09:14] [/INFO] [CustomSkinLoader Core]: No texture could be found.
[2026-09-01 10:09:14] [/INFO] [CustomSkinLoader Core]: 's profile not found in load list.
[2026-09-01 10:09:14] [/INFO] [CustomSkinLoader Core]: Loading 's profile.
[2026-09-01 10:09:14] [/INFO] [CustomSkinLoader Core]: 1/2 Try to load profile from 'GameProfile'.
[2026-09-01 10:09:14] [/INFO] [CustomSkinLoader Core]: Profile not found.
[2026-09-01 10:09:14] [/INFO] [CustomSkinLoader Core]: 2/2 Try to load profile from 'Server17'.
[2026-09-01 10:09:14] [/DEBUG] [CustomSkinLoader Core]: Try to request 'https://star-plays-dev.github.io/Web/skins/.png'.
[2026-09-01 10:09:14] [/DEBUG] [CustomSkinLoader Core]: Failed to request (Response Code: 404)
[2026-09-01 10:09:14] [/INFO] [CustomSkinLoader Core]: No texture could be found.
[2026-09-01 10:09:14] [/INFO] [CustomSkinLoader Core]: 's profile not found in load list.
[2026-09-01 10:09:14] [/INFO] [CustomSkinLoader Core]: Loading 's profile.
[2026-09-01 10:09:14] [/INFO] [CustomSkinLoader Core]: 1/2 Try to load profile from 'GameProfile'.
[2026-09-01 10:09:14] [/INFO] [CustomSkinLoader Core]: Profile not found.
[2026-09-01 10:09:14] [/INFO] [CustomSkinLoader Core]: 2/2 Try to load profile from 'Server17'.
[2026-09-01 10:09:14] [/DEBUG] [CustomSkinLoader Core]: Try to request 'https://star-plays-dev.github.io/Web/skins/.png'.
[2026-09-01 10:09:14] [/DEBUG] [CustomSkinLoader Core]: Failed to request (Response Code: 404)
[2026-09-01 10:09:14] [/INFO] [CustomSkinLoader Core]: No texture could be found.
[2026-09-01 10:09:14] [/INFO] [CustomSkinLoader Core]: 's profile not found in load list.
[2026-09-01 10:09:14] [/INFO] [CustomSkinLoader Core]: Loading 's profile.
[2026-09-01 10:09:14] [/INFO] [CustomSkinLoader Core]: 1/2 Try to load profile from 'GameProfile'.
[2026-09-01 10:09:14] [/INFO] [CustomSkinLoader Core]: Profile not found.
[2026-09-01 10:09:14] [/INFO] [CustomSkinLoader Core]: 2/2 Try to load profile from 'Server17'.
[2026-09-01 10:09:14] [/DEBUG] [CustomSkinLoader Core]: Try to request 'https://star-plays-dev.github.io/Web/skins/.png'.
[2026-09-01 10:09:14] [/DEBUG] [CustomSkinLoader Core]: Failed to request (Response Code: 404)
[2026-09-01 10:09:14] [/INFO] [CustomSkinLoader Core]: No texture could be found.
[2026-09-01 10:09:14] [/INFO] [CustomSkinLoader Core]: 's profile not found in load list.
[2026-09-01 10:09:14] [/INFO] [CustomSkinLoader Core]: Loading 's profile.
[2026-09-01 10:09:14] [/INFO] [CustomSkinLoader Core]: 1/2 Try to load profile from 'GameProfile'.
[2026-09-01 10:09:14] [/INFO] [CustomSkinLoader Core]: Profile not found.
[2026-09-01 10:09:14] [/INFO] [CustomSkinLoader Core]: 2/2 Try to load profile from 'Server17'.
[2026-09-01 10:09:14] [/DEBUG] [CustomSkinLoader Core]: Try to request 'https://star-plays-dev.github.io/Web/skins/.png'.
[2026-09-01 10:09:14] [/DEBUG] [CustomSkinLoader Core]: Failed to request (Response Code: 404)
[2026-09-01 10:09:14] [/INFO] [CustomSkinLoader Core]: No texture could be found.
[2026-09-01 10:09:14] [/INFO] [CustomSkinLoader Core]: 's profile not found in load list.
[2026-09-01 10:09:14] [/INFO] [CustomSkinLoader Core]: Loading 's profile.
[2026-09-01 10:09:14] [/INFO] [CustomSkinLoader Core]: 1/2 Try to load profile from 'GameProfile'.
[2026-09-01 10:09:14] [/INFO] [CustomSkinLoader Core]: Profile not found.
[2026-09-01 10:09:14] [/INFO] [CustomSkinLoader Core]: 2/2 Try to load profile from 'Server17'.
[2026-09-01 10:09:14] [/DEBUG] [CustomSkinLoader Core]: Try to request 'https://star-plays-dev.github.io/Web/skins/.png'.
[2026-09-01 10:09:14] [/DEBUG] [CustomSkinLoader Core]: Failed to request (Response Code: 404)
[2026-09-01 10:09:14] [/INFO] [CustomSkinLoader Core]: No texture could be found.
[2026-09-01 10:09:14] [/INFO] [CustomSkinLoader Core]: 's profile not found in load list.
[2026-09-01 10:09:14] [/INFO] [CustomSkinLoader Core]: Loading 's profile.
[2026-09-01 10:09:14] [/INFO] [CustomSkinLoader Core]: 1/2 Try to load profile from 'GameProfile'.
[2026-09-01 10:09:14] [/INFO] [CustomSkinLoader Core]: Profile not found.
[2026-09-01 10:09:14] [/INFO] [CustomSkinLoader Core]: 2/2 Try to load profile from 'Server17'.
[2026-09-01 10:09:14] [/DEBUG] [CustomSkinLoader Core]: Try to request 'https://star-plays-dev.github.io/Web/skins/.png'.
[2026-09-01 10:09:15] [/DEBUG] [CustomSkinLoader Core]: Failed to request (Response Code: 404)
[2026-09-01 10:09:15] [/DEBUG] [CustomSkinLoader Core]: Try to request 'https://star-plays-dev.github.io/Web/capes/.png'.
[2026-09-01 10:09:15] [/DEBUG] [CustomSkinLoader Core]: Failed to request (Response Code: 404)
[2026-09-01 10:09:15] [/DEBUG] [CustomSkinLoader Core]: Try to request 'https://star-plays-dev.github.io/Web/capes/.png'.
[2026-09-01 10:09:15] [/DEBUG] [CustomSkinLoader Core]: Failed to request (Response Code: 404)
[2026-09-01 10:09:15] [/DEBUG] [CustomSkinLoader Core]: Try to request 'https://star-plays-dev.github.io/Web/capes/.png'.
[2026-09-01 10:09:15] [/DEBUG] [CustomSkinLoader Core]: Failed to request (Response Code: 404)
[2026-09-01 10:09:15] [/DEBUG] [CustomSkinLoader Core]: Try to request 'https://star-plays-dev.github.io/Web/capes/.png'.
[2026-09-01 10:09:15] [/DEBUG] [CustomSkinLoader Core]: Failed to request (Response Code: 404)
[2026-09-01 10:09:15] [/DEBUG] [CustomSkinLoader Core]: Try to request 'https://star-plays-dev.github.io/Web/capes/.png'.
[2026-09-01 10:09:15] [/DEBUG] [CustomSkinLoader Core]: Failed to request (Response Code: 404)
[2026-09-01 10:09:15] [/DEBUG] [CustomSkinLoader Core]: Try to request 'https://star-plays-dev.github.io/Web/capes/.png'.
[2026-09-01 10:09:15] [/DEBUG] [CustomSkinLoader Core]: Failed to request (Response Code: 404)
[2026-09-01 10:09:15] [/DEBUG] [CustomSkinLoader Core]: Try to request 'https://star-plays-dev.github.io/Web/capes/.png'.
[2026-09-01 10:09:15] [/DEBUG] [CustomSkinLoader Core]: Failed to request (Response Code: 404)
[2026-09-01 10:09:15] [/DEBUG] [CustomSkinLoader Core]: Try to request 'https://star-plays-dev.github.io/Web/capes/.png'.
[2026-09-01 10:09:15] [/DEBUG] [CustomSkinLoader Core]: Failed to request (Response Code: 404)
[2026-09-01 10:09:15] [/INFO] [CustomSkinLoader Core]: No texture could be found.
[2026-09-01 10:09:15] [/INFO] [CustomSkinLoader Core]: 's profile not found in load list.
[2026-09-01 10:09:15] [/INFO] [CustomSkinLoader Core]: Loading 's profile.
[2026-09-01 10:09:15] [/INFO] [CustomSkinLoader Core]: 1/2 Try to load profile from 'GameProfile'.
[2026-09-01 10:09:15] [/INFO] [CustomSkinLoader Core]: Profile not found.
[2026-09-01 10:09:15] [/INFO] [CustomSkinLoader Core]: 2/2 Try to load profile from 'Server17'.
[2026-09-01 10:09:15] [/DEBUG] [CustomSkinLoader Core]: Try to request 'https://star-plays-dev.github.io/Web/skins/.png'.
[2026-09-01 10:09:15] [/DEBUG] [CustomSkinLoader Core]: Failed to request (Response Code: 404)
[2026-09-01 10:09:15] [/INFO] [CustomSkinLoader Core]: No texture could be found.
[2026-09-01 10:09:15] [/INFO] [CustomSkinLoader Core]: 's profile not found in load list.
[2026-09-01 10:09:15] [/INFO] [CustomSkinLoader Core]: Loading 's profile.
[2026-09-01 10:09:15] [/INFO] [CustomSkinLoader Core]: 1/2 Try to load profile from 'GameProfile'.
[2026-09-01 10:09:15] [/INFO] [CustomSkinLoader Core]: Profile not found.
[2026-09-01 10:09:15] [/INFO] [CustomSkinLoader Core]: 2/2 Try to load profile from 'Server17'.
[2026-09-01 10:09:15] [/DEBUG] [CustomSkinLoader Core]: Try to request 'https://star-plays-dev.github.io/Web/skins/.png'.
[2026-09-01 10:09:15] [/DEBUG] [CustomSkinLoader Core]: Failed to request (Response Code: 404)
[2026-09-01 10:09:15] [/INFO] [CustomSkinLoader Core]: No texture could be found.
[2026-09-01 10:09:15] [/INFO] [CustomSkinLoader Core]: 's profile not found in load list.
[2026-09-01 10:09:15] [/INFO] [CustomSkinLoader Core]: Loading 's profile.
[2026-09-01 10:09:15] [/INFO] [CustomSkinLoader Core]: 1/2 Try to load profile from 'GameProfile'.
[2026-09-01 10:09:15] [/INFO] [CustomSkinLoader Core]: Profile not found.
[2026-09-01 10:09:15] [/INFO] [CustomSkinLoader Core]: 2/2 Try to load profile from 'Server17'.
[2026-09-01 10:09:15] [/DEBUG] [CustomSkinLoader Core]: Try to request 'https://star-plays-dev.github.io/Web/skins/.png'.
[2026-09-01 10:09:15] [/DEBUG] [CustomSkinLoader Core]: Failed to request (Response Code: 404)
[2026-09-01 10:09:15] [/INFO] [CustomSkinLoader Core]: No texture could be found.
[2026-09-01 10:09:15] [/INFO] [CustomSkinLoader Core]: 's profile not found in load list.
[2026-09-01 10:09:15] [/INFO] [CustomSkinLoader Core]: Loading 's profile.
[2026-09-01 10:09:15] [/INFO] [CustomSkinLoader Core]: 1/2 Try to load profile from 'GameProfile'.
[2026-09-01 10:09:15] [/INFO] [CustomSkinLoader Core]: Profile not found.
[2026-09-01 10:09:15] [/INFO] [CustomSkinLoader Core]: 2/2 Try to load profile from 'Server17'.
[2026-09-01 10:09:15] [/DEBUG] [CustomSkinLoader Core]: Try to request 'https://star-plays-dev.github.io/Web/skins/.png'.
[2026-09-01 10:09:15] [/DEBUG] [CustomSkinLoader Core]: Failed to request (Response Code: 404)
[2026-09-01 10:09:15] [/INFO] [CustomSkinLoader Core]: No texture could be found.
[2026-09-01 10:09:15] [/INFO] [CustomSkinLoader Core]: 's profile not found in load list.
[2026-09-01 10:09:15] [/INFO] [CustomSkinLoader Core]: Loading 's profile.
[2026-09-01 10:09:15] [/INFO] [CustomSkinLoader Core]: 1/2 Try to load profile from 'GameProfile'.
[2026-09-01 10:09:15] [/INFO] [CustomSkinLoader Core]: Profile not found.
[2026-09-01 10:09:15] [/INFO] [CustomSkinLoader Core]: 2/2 Try to load profile from 'Server17'.
[2026-09-01 10:09:15] [/DEBUG] [CustomSkinLoader Core]: Try to request 'https://star-plays-dev.github.io/Web/skins/.png'.
[2026-09-01 10:09:15] [/DEBUG] [CustomSkinLoader Core]: Failed to request (Response Code: 404)
[2026-09-01 10:09:15] [/INFO] [CustomSkinLoader Core]: No texture could be found.
[2026-09-01 10:09:15] [/INFO] [CustomSkinLoader Core]: 's profile not found in load list.
[2026-09-01 10:09:15] [/INFO] [CustomSkinLoader Core]: Loading 's profile.
[2026-09-01 10:09:15] [/INFO] [CustomSkinLoader Core]: 1/2 Try to load profile from 'GameProfile'.
[2026-09-01 10:09:15] [/INFO] [CustomSkinLoader Core]: Profile not found.
[2026-09-01 10:09:15] [/INFO] [CustomSkinLoader Core]: 2/2 Try to load profile from 'Server17'.
[2026-09-01 10:09:15] [/DEBUG] [CustomSkinLoader Core]: Try to request 'https://star-plays-dev.github.io/Web/skins/.png'.
[2026-09-01 10:09:15] [/DEBUG] [CustomSkinLoader Core]: Failed to request (Response Code: 404)
[2026-09-01 10:09:15] [/INFO] [CustomSkinLoader Core]: No texture could be found.
[2026-09-01 10:09:15] [/INFO] [CustomSkinLoader Core]: 's profile not found in load list.
[2026-09-01 10:09:15] [/INFO] [CustomSkinLoader Core]: Loading 's profile.
[2026-09-01 10:09:15] [/INFO] [CustomSkinLoader Core]: 1/2 Try to load profile from 'GameProfile'.
[2026-09-01 10:09:15] [/INFO] [CustomSkinLoader Core]: Profile not found.
[2026-09-01 10:09:15] [/INFO] [CustomSkinLoader Core]: 2/2 Try to load profile from 'Server17'.
[2026-09-01 10:09:15] [/DEBUG] [CustomSkinLoader Core]: Try to request 'https://star-plays-dev.github.io/Web/skins/.png'.
[2026-09-01 10:09:15] [/DEBUG] [CustomSkinLoader Core]: Failed to request (Response Code: 404)
[2026-09-01 10:09:15] [/INFO] [CustomSkinLoader Core]: No texture could be found.
[2026-09-01 10:09:15] [/INFO] [CustomSkinLoader Core]: 's profile not found in load list.
[2026-09-01 10:09:15] [/INFO] [CustomSkinLoader Core]: Loading 's profile.
[2026-09-01 10:09:15] [/INFO] [CustomSkinLoader Core]: 1/2 Try to load profile from 'GameProfile'.
[2026-09-01 10:09:15] [/INFO] [CustomSkinLoader Core]: Profile not found.
[2026-09-01 10:09:15] [/INFO] [CustomSkinLoader Core]: 2/2 Try to load profile from 'Server17'.
[2026-09-01 10:09:15] [/DEBUG] [CustomSkinLoader Core]: Try to request 'https://star-plays-dev.github.io/Web/skins/.png'.
[2026-09-01 10:09:15] [/DEBUG] [CustomSkinLoader Core]: Failed to request (Response Code: 404)
[2026-09-01 10:09:15] [/DEBUG] [CustomSkinLoader Core]: Try to request 'https://star-plays-dev.github.io/Web/capes/.png'.
[2026-09-01 10:09:15] [/DEBUG] [CustomSkinLoader Core]: Failed to request (Response Code: 404)
[2026-09-01 10:09:15] [/DEBUG] [CustomSkinLoader Core]: Try to request 'https://star-plays-dev.github.io/Web/capes/.png'.
[2026-09-01 10:09:15] [/DEBUG] [CustomSkinLoader Core]: Failed to request (Response Code: 404)
[2026-09-01 10:09:15] [/DEBUG] [CustomSkinLoader Core]: Try to request 'https://star-plays-dev.github.io/Web/capes/.png'.
[2026-09-01 10:09:15] [/DEBUG] [CustomSkinLoader Core]: Failed to request (Response Code: 404)
[2026-09-01 10:09:15] [/DEBUG] [CustomSkinLoader Core]: Try to request 'https://star-plays-dev.github.io/Web/capes/.png'.
[2026-09-01 10:09:15] [/DEBUG] [CustomSkinLoader Core]: Failed to request (Response Code: 404)
[2026-09-01 10:09:15] [/DEBUG] [CustomSkinLoader Core]: Try to request 'https://star-plays-dev.github.io/Web/capes/.png'.
[2026-09-01 10:09:15] [/DEBUG] [CustomSkinLoader Core]: Failed to request (Response Code: 404)
[2026-09-01 10:09:15] [/DEBUG] [CustomSkinLoader Core]: Try to request 'https://star-plays-dev.github.io/Web/capes/.png'.
[2026-09-01 10:09:15] [/DEBUG] [CustomSkinLoader Core]: Failed to request (Response Code: 404)
[2026-09-01 10:09:15] [/DEBUG] [CustomSkinLoader Core]: Try to request 'https://star-plays-dev.github.io/Web/capes/.png'.
[2026-09-01 10:09:15] [/DEBUG] [CustomSkinLoader Core]: Failed to request (Response Code: 404)
[2026-09-01 10:09:15] [/DEBUG] [CustomSkinLoader Core]: Try to request 'https://star-plays-dev.github.io/Web/capes/.png'.
[2026-09-01 10:09:16] [/DEBUG] [CustomSkinLoader Core]: Failed to request (Response Code: 404)
[2026-09-01 10:09:16] [/INFO] [CustomSkinLoader Core]: No texture could be found.
[2026-09-01 10:09:16] [/INFO] [CustomSkinLoader Core]: 's profile not found in load list.
[2026-09-01 10:09:16] [/INFO] [CustomSkinLoader Core]: Loading 's profile.
[2026-09-01 10:09:16] [/INFO] [CustomSkinLoader Core]: 1/2 Try to load profile from 'GameProfile'.
[2026-09-01 10:09:16] [/INFO] [CustomSkinLoader Core]: Profile not found.
[2026-09-01 10:09:16] [/INFO] [CustomSkinLoader Core]: 2/2 Try to load profile from 'Server17'.
[2026-09-01 10:09:16] [/DEBUG] [CustomSkinLoader Core]: Try to request 'https://star-plays-dev.github.io/Web/skins/.png'.
[2026-09-01 10:09:16] [/DEBUG] [CustomSkinLoader Core]: Failed to request (Response Code: 404)
[2026-09-01 10:09:16] [/INFO] [CustomSkinLoader Core]: No texture could be found.
[2026-09-01 10:09:16] [/INFO] [CustomSkinLoader Core]: 's profile not found in load list.
[2026-09-01 10:09:16] [/INFO] [CustomSkinLoader Core]: Loading 's profile.
[2026-09-01 10:09:16] [/INFO] [CustomSkinLoader Core]: 1/2 Try to load profile from 'GameProfile'.
[2026-09-01 10:09:16] [/INFO] [CustomSkinLoader Core]: Profile not found.
[2026-09-01 10:09:16] [/INFO] [CustomSkinLoader Core]: 2/2 Try to load profile from 'Server17'.
[2026-09-01 10:09:16] [/DEBUG] [CustomSkinLoader Core]: Try to request 'https://star-plays-dev.github.io/Web/skins/.png'.
[2026-09-01 10:09:16] [/DEBUG] [CustomSkinLoader Core]: Failed to request (Response Code: 404)
[2026-09-01 10:09:16] [/INFO] [CustomSkinLoader Core]: No texture could be found.
[2026-09-01 10:09:16] [/INFO] [CustomSkinLoader Core]: 's profile not found in load list.
[2026-09-01 10:09:16] [/INFO] [CustomSkinLoader Core]: Loading 's profile.
[2026-09-01 10:09:16] [/INFO] [CustomSkinLoader Core]: 1/2 Try to load profile from 'GameProfile'.
[2026-09-01 10:09:16] [/INFO] [CustomSkinLoader Core]: Profile not found.
[2026-09-01 10:09:16] [/INFO] [CustomSkinLoader Core]: 2/2 Try to load profile from 'Server17'.
[2026-09-01 10:09:16] [/DEBUG] [CustomSkinLoader Core]: Try to request 'https://star-plays-dev.github.io/Web/skins/.png'.
[2026-09-01 10:09:16] [/DEBUG] [CustomSkinLoader Core]: Failed to request (Response Code: 404)
[2026-09-01 10:09:16] [/INFO] [CustomSkinLoader Core]: No texture could be found.
[2026-09-01 10:09:16] [/INFO] [CustomSkinLoader Core]: 's profile not found in load list.
[2026-09-01 10:09:16] [/INFO] [CustomSkinLoader Core]: Loading 's profile.
[2026-09-01 10:09:16] [/INFO] [CustomSkinLoader Core]: 1/2 Try to load profile from 'GameProfile'.
[2026-09-01 10:09:16] [/INFO] [CustomSkinLoader Core]: Profile not found.
[2026-09-01 10:09:16] [/INFO] [CustomSkinLoader Core]: 2/2 Try to load profile from 'Server17'.
[2026-09-01 10:09:16] [/DEBUG] [CustomSkinLoader Core]: Try to request 'https://star-plays-dev.github.io/Web/skins/.png'.
[2026-09-01 10:09:16] [/DEBUG] [CustomSkinLoader Core]: Failed to request (Response Code: 404)
[2026-09-01 10:09:16] [/INFO] [CustomSkinLoader Core]: No texture could be found.
[2026-09-01 10:09:16] [/INFO] [CustomSkinLoader Core]: 's profile not found in load list.
[2026-09-01 10:09:16] [/INFO] [CustomSkinLoader Core]: Loading 's profile.
[2026-09-01 10:09:16] [/INFO] [CustomSkinLoader Core]: 1/2 Try to load profile from 'GameProfile'.
[2026-09-01 10:09:16] [/INFO] [CustomSkinLoader Core]: Profile not found.
[2026-09-01 10:09:16] [/INFO] [CustomSkinLoader Core]: 2/2 Try to load profile from 'Server17'.
[2026-09-01 10:09:16] [/DEBUG] [CustomSkinLoader Core]: Try to request 'https://star-plays-dev.github.io/Web/skins/.png'.
[2026-09-01 10:09:16] [/DEBUG] [CustomSkinLoader Core]: Failed to request (Response Code: 404)
[2026-09-01 10:09:16] [/INFO] [CustomSkinLoader Core]: No texture could be found.
[2026-09-01 10:09:16] [/INFO] [CustomSkinLoader Core]: 's profile not found in load list.
[2026-09-01 10:09:16] [/INFO] [CustomSkinLoader Core]: Loading 's profile.
[2026-09-01 10:09:16] [/INFO] [CustomSkinLoader Core]: 1/2 Try to load profile from 'GameProfile'.
[2026-09-01 10:09:16] [/INFO] [CustomSkinLoader Core]: Profile not found.
[2026-09-01 10:09:16] [/INFO] [CustomSkinLoader Core]: 2/2 Try to load profile from 'Server17'.
[2026-09-01 10:09:16] [/DEBUG] [CustomSkinLoader Core]: Try to request 'https://star-plays-dev.github.io/Web/skins/.png'.
[2026-09-01 10:09:16] [/DEBUG] [CustomSkinLoader Core]: Failed to request (Response Code: 404)
[2026-09-01 10:09:16] [/DEBUG] [CustomSkinLoader Core]: Failed to request (Response Code: 404)
[2026-09-01 10:09:16] [/INFO] [CustomSkinLoader Core]: No texture could be found.
[2026-09-01 10:09:16] [/INFO] [CustomSkinLoader Core]: No texture could be found.
[2026-09-01 10:09:16] [/INFO] [CustomSkinLoader Core]: 's profile not found in load list.
[2026-09-01 10:09:16] [/INFO] [CustomSkinLoader Core]: 's profile not found in load list.
[2026-09-01 10:09:16] [/INFO] [CustomSkinLoader Core]: Loading 's profile.
[2026-09-01 10:09:16] [/INFO] [CustomSkinLoader Core]: Loading 's profile.
[2026-09-01 10:09:16] [/INFO] [CustomSkinLoader Core]: 1/2 Try to load profile from 'GameProfile'.
[2026-09-01 10:09:16] [/INFO] [CustomSkinLoader Core]: 1/2 Try to load profile from 'GameProfile'.
[2026-09-01 10:09:16] [/INFO] [CustomSkinLoader Core]: Profile not found.
[2026-09-01 10:09:16] [/INFO] [CustomSkinLoader Core]: Profile not found.
[2026-09-01 10:09:16] [/INFO] [CustomSkinLoader Core]: 2/2 Try to load profile from 'Server17'.
[2026-09-01 10:09:16] [/INFO] [CustomSkinLoader Core]: 2/2 Try to load profile from 'Server17'.
[2026-09-01 10:09:16] [/DEBUG] [CustomSkinLoader Core]: Try to request 'https://star-plays-dev.github.io/Web/skins/.png'.
[2026-09-01 10:09:16] [/DEBUG] [CustomSkinLoader Core]: Try to request 'https://star-plays-dev.github.io/Web/skins/.png'.
[2026-09-01 10:09:16] [/DEBUG] [CustomSkinLoader Core]: Failed to request (Response Code: 404)
[2026-09-01 10:09:16] [/DEBUG] [CustomSkinLoader Core]: Try to request 'https://star-plays-dev.github.io/Web/capes/.png'.
[2026-09-01 10:09:16] [/DEBUG] [CustomSkinLoader Core]: Failed to request (Response Code: 404)
[2026-09-01 10:09:16] [/DEBUG] [CustomSkinLoader Core]: Try to request 'https://star-plays-dev.github.io/Web/capes/.png'.
[2026-09-01 10:09:16] [/DEBUG] [CustomSkinLoader Core]: Failed to request (Response Code: 404)
[2026-09-01 10:09:16] [/DEBUG] [CustomSkinLoader Core]: Try to request 'https://star-plays-dev.github.io/Web/capes/.png'.
[2026-09-01 10:09:16] [/DEBUG] [CustomSkinLoader Core]: Failed to request (Response Code: 404)
[2026-09-01 10:09:16] [/DEBUG] [CustomSkinLoader Core]: Try to request 'https://star-plays-dev.github.io/Web/capes/.png'.
[2026-09-01 10:09:16] [/DEBUG] [CustomSkinLoader Core]: Failed to request (Response Code: 404)
[2026-09-01 10:09:16] [/DEBUG] [CustomSkinLoader Core]: Try to request 'https://star-plays-dev.github.io/Web/capes/.png'.
[2026-09-01 10:09:16] [/DEBUG] [CustomSkinLoader Core]: Failed to request (Response Code: 404)
[2026-09-01 10:09:16] [/DEBUG] [CustomSkinLoader Core]: Try to request 'https://star-plays-dev.github.io/Web/capes/.png'.
[2026-09-01 10:09:16] [/DEBUG] [CustomSkinLoader Core]: Failed to request (Response Code: 404)
[2026-09-01 10:09:16] [/DEBUG] [CustomSkinLoader Core]: Try to request 'https://star-plays-dev.github.io/Web/capes/.png'.
[2026-09-01 10:09:16] [/DEBUG] [CustomSkinLoader Core]: Failed to request (Response Code: 404)
[2026-09-01 10:09:16] [/DEBUG] [CustomSkinLoader Core]: Try to request 'https://star-plays-dev.github.io/Web/capes/.png'.
[2026-09-01 10:09:16] [/DEBUG] [CustomSkinLoader Core]: Failed to request (Response Code: 404)
[2026-09-01 10:09:16] [/INFO] [CustomSkinLoader Core]: No texture could be found.
[2026-09-01 10:09:16] [/INFO] [CustomSkinLoader Core]: 's profile not found in load list.
[2026-09-01 10:09:16] [/INFO] [CustomSkinLoader Core]: Loading 's profile.
[2026-09-01 10:09:16] [/INFO] [CustomSkinLoader Core]: 1/2 Try to load profile from 'GameProfile'.
[2026-09-01 10:09:16] [/INFO] [CustomSkinLoader Core]: Profile not found.
[2026-09-01 10:09:16] [/INFO] [CustomSkinLoader Core]: 2/2 Try to load profile from 'Server17'.
[2026-09-01 10:09:16] [/DEBUG] [CustomSkinLoader Core]: Try to request 'https://star-plays-dev.github.io/Web/skins/.png'.
[2026-09-01 10:09:16] [/DEBUG] [CustomSkinLoader Core]: Failed to request (Response Code: 404)
[2026-09-01 10:09:16] [/INFO] [CustomSkinLoader Core]: No texture could be found.
[2026-09-01 10:09:16] [/INFO] [CustomSkinLoader Core]: 's profile not found in load list.
[2026-09-01 10:09:16] [/INFO] [CustomSkinLoader Core]: Loading 's profile.
[2026-09-01 10:09:16] [/DEBUG] [CustomSkinLoader Core]: Failed to request (Response Code: 404)
[2026-09-01 10:09:16] [/INFO] [CustomSkinLoader Core]: 1/2 Try to load profile from 'GameProfile'.
[2026-09-01 10:09:16] [/INFO] [CustomSkinLoader Core]: No texture could be found.
[2026-09-01 10:09:16] [/INFO] [CustomSkinLoader Core]: 's profile not found in load list.
[2026-09-01 10:09:16] [/INFO] [CustomSkinLoader Core]: Loading 's profile.
[2026-09-01 10:09:16] [/INFO] [CustomSkinLoader Core]: Profile not found.
[2026-09-01 10:09:16] [/INFO] [CustomSkinLoader Core]: 1/2 Try to load profile from 'GameProfile'.
[2026-09-01 10:09:16] [/INFO] [CustomSkinLoader Core]: Profile not found.
[2026-09-01 10:09:16] [/INFO] [CustomSkinLoader Core]: 2/2 Try to load profile from 'Server17'.
[2026-09-01 10:09:16] [/DEBUG] [CustomSkinLoader Core]: Try to request 'https://star-plays-dev.github.io/Web/skins/.png'.
[2026-09-01 10:09:16] [/INFO] [CustomSkinLoader Core]: 2/2 Try to load profile from 'Server17'.
[2026-09-01 10:09:16] [/DEBUG] [CustomSkinLoader Core]: Try to request 'https://star-plays-dev.github.io/Web/skins/.png'.
[2026-09-01 10:09:16] [/DEBUG] [CustomSkinLoader Core]: Failed to request (Response Code: 404)
[2026-09-01 10:09:16] [/INFO] [CustomSkinLoader Core]: No texture could be found.
[2026-09-01 10:09:16] [/INFO] [CustomSkinLoader Core]: 's profile not found in load list.
[2026-09-01 10:09:16] [/INFO] [CustomSkinLoader Core]: Loading 's profile.
[2026-09-01 10:09:16] [/INFO] [CustomSkinLoader Core]: 1/2 Try to load profile from 'GameProfile'.
[2026-09-01 10:09:16] [/INFO] [CustomSkinLoader Core]: Profile not found.
[2026-09-01 10:09:16] [/INFO] [CustomSkinLoader Core]: 2/2 Try to load profile from 'Server17'.
[2026-09-01 10:09:16] [/DEBUG] [CustomSkinLoader Core]: Try to request 'https://star-plays-dev.github.io/Web/skins/.png'.
[2026-09-01 10:09:16] [/DEBUG] [CustomSkinLoader Core]: Failed to request (Response Code: 404)
[2026-09-01 10:09:16] [/INFO] [CustomSkinLoader Core]: No texture could be found.
[2026-09-01 10:09:16] [/INFO] [CustomSkinLoader Core]: 's profile not found in load list.
[2026-09-01 10:09:16] [/INFO] [CustomSkinLoader Core]: Loading 's profile.
[2026-09-01 10:09:16] [/INFO] [CustomSkinLoader Core]: 1/2 Try to load profile from 'GameProfile'.
[2026-09-01 10:09:16] [/INFO] [CustomSkinLoader Core]: Profile not found.
[2026-09-01 10:09:16] [/INFO] [CustomSkinLoader Core]: 2/2 Try to load profile from 'Server17'.
[2026-09-01 10:09:16] [/DEBUG] [CustomSkinLoader Core]: Try to request 'https://star-plays-dev.github.io/Web/skins/.png'.
[2026-09-01 10:09:16] [/DEBUG] [CustomSkinLoader Core]: Failed to request (Response Code: 404)
[2026-09-01 10:09:16] [/INFO] [CustomSkinLoader Core]: No texture could be found.
[2026-09-01 10:09:16] [/INFO] [CustomSkinLoader Core]: 's profile not found in load list.
[2026-09-01 10:09:16] [/INFO] [CustomSkinLoader Core]: Loading 's profile.
[2026-09-01 10:09:16] [/INFO] [CustomSkinLoader Core]: 1/2 Try to load profile from 'GameProfile'.
[2026-09-01 10:09:16] [/INFO] [CustomSkinLoader Core]: Profile not found.
[2026-09-01 10:09:16] [/INFO] [CustomSkinLoader Core]: 2/2 Try to load profile from 'Server17'.
[2026-09-01 10:09:16] [/DEBUG] [CustomSkinLoader Core]: Try to request 'https://star-plays-dev.github.io/Web/skins/.png'.
[2026-09-01 10:09:16] [/DEBUG] [CustomSkinLoader Core]: Failed to request (Response Code: 404)
[2026-09-01 10:09:16] [/INFO] [CustomSkinLoader Core]: No texture could be found.
[2026-09-01 10:09:16] [/INFO] [CustomSkinLoader Core]: 's profile not found in load list.
[2026-09-01 10:09:16] [/INFO] [CustomSkinLoader Core]: Loading 's profile.
[2026-09-01 10:09:16] [/INFO] [CustomSkinLoader Core]: 1/2 Try to load profile from 'GameProfile'.
[2026-09-01 10:09:16] [/INFO] [CustomSkinLoader Core]: Profile not found.
[2026-09-01 10:09:16] [/INFO] [CustomSkinLoader Core]: 2/2 Try to load profile from 'Server17'.
[2026-09-01 10:09:16] [/DEBUG] [CustomSkinLoader Core]: Try to request 'https://star-plays-dev.github.io/Web/skins/.png'.
[2026-09-01 10:09:17] [/DEBUG] [CustomSkinLoader Core]: Failed to request (Response Code: 404)
[2026-09-01 10:09:17] [/INFO] [CustomSkinLoader Core]: No texture could be found.
[2026-09-01 10:09:17] [/INFO] [CustomSkinLoader Core]: 's profile not found in load list.
[2026-09-01 10:09:17] [/INFO] [CustomSkinLoader Core]: Loading 's profile.
[2026-09-01 10:09:17] [/INFO] [CustomSkinLoader Core]: 1/2 Try to load profile from 'GameProfile'.
[2026-09-01 10:09:17] [/INFO] [CustomSkinLoader Core]: Profile not found.
[2026-09-01 10:09:17] [/INFO] [CustomSkinLoader Core]: 2/2 Try to load profile from 'Server17'.
[2026-09-01 10:09:17] [/DEBUG] [CustomSkinLoader Core]: Try to request 'https://star-plays-dev.github.io/Web/skins/.png'.
[2026-09-01 10:09:17] [/DEBUG] [CustomSkinLoader Core]: Failed to request (Response Code: 404)
[2026-09-01 10:09:17] [/DEBUG] [CustomSkinLoader Core]: Try to request 'https://star-plays-dev.github.io/Web/capes/.png'.
[2026-09-01 10:09:17] [/DEBUG] [CustomSkinLoader Core]: Failed to request (Response Code: 404)
[2026-09-01 10:09:17] [/DEBUG] [CustomSkinLoader Core]: Try to request 'https://star-plays-dev.github.io/Web/capes/.png'.
[2026-09-01 10:09:17] [/DEBUG] [CustomSkinLoader Core]: Failed to request (Response Code: 404)
[2026-09-01 10:09:17] [/DEBUG] [CustomSkinLoader Core]: Try to request 'https://star-plays-dev.github.io/Web/capes/.png'.
[2026-09-01 10:09:17] [/DEBUG] [CustomSkinLoader Core]: Failed to request (Response Code: 404)
[2026-09-01 10:09:17] [/DEBUG] [CustomSkinLoader Core]: Try to request 'https://star-plays-dev.github.io/Web/capes/.png'.
[2026-09-01 10:09:17] [/DEBUG] [CustomSkinLoader Core]: Failed to request (Response Code: 404)
[2026-09-01 10:09:17] [/DEBUG] [CustomSkinLoader Core]: Try to request 'https://star-plays-dev.github.io/Web/capes/.png'.
[2026-09-01 10:09:17] [/DEBUG] [CustomSkinLoader Core]: Failed to request (Response Code: 404)
[2026-09-01 10:09:17] [/DEBUG] [CustomSkinLoader Core]: Try to request 'https://star-plays-dev.github.io/Web/capes/.png'.
[2026-09-01 10:09:17] [/DEBUG] [CustomSkinLoader Core]: Failed to request (Response Code: 404)
[2026-09-01 10:09:17] [/DEBUG] [CustomSkinLoader Core]: Try to request 'https://star-plays-dev.github.io/Web/capes/.png'.
[2026-09-01 10:09:17] [/DEBUG] [CustomSkinLoader Core]: Failed to request (Response Code: 404)
[2026-09-01 10:09:17] [/DEBUG] [CustomSkinLoader Core]: Try to request 'https://star-plays-dev.github.io/Web/capes/.png'.
[2026-09-01 10:09:17] [/DEBUG] [CustomSkinLoader Core]: Failed to request (Response Code: 404)
[2026-09-01 10:09:17] [/INFO] [CustomSkinLoader Core]: No texture could be found.
[2026-09-01 10:09:17] [/INFO] [CustomSkinLoader Core]: 's profile not found in load list.
[2026-09-01 10:09:17] [/INFO] [CustomSkinLoader Core]: Loading 's profile.
[2026-09-01 10:09:17] [/INFO] [CustomSkinLoader Core]: 1/2 Try to load profile from 'GameProfile'.
[2026-09-01 10:09:17] [/INFO] [CustomSkinLoader Core]: Profile not found.
[2026-09-01 10:09:17] [/INFO] [CustomSkinLoader Core]: 2/2 Try to load profile from 'Server17'.
[2026-09-01 10:09:17] [/DEBUG] [CustomSkinLoader Core]: Try to request 'https://star-plays-dev.github.io/Web/skins/.png'.
[2026-09-01 10:09:17] [/DEBUG] [CustomSkinLoader Core]: Failed to request (Response Code: 404)
[2026-09-01 10:09:17] [/INFO] [CustomSkinLoader Core]: No texture could be found.
[2026-09-01 10:09:17] [/INFO] [CustomSkinLoader Core]: 's profile not found in load list.
[2026-09-01 10:09:17] [/INFO] [CustomSkinLoader Core]: Loading 's profile.
[2026-09-01 10:09:17] [/INFO] [CustomSkinLoader Core]: 1/2 Try to load profile from 'GameProfile'.
[2026-09-01 10:09:17] [/INFO] [CustomSkinLoader Core]: Profile not found.
[2026-09-01 10:09:17] [/INFO] [CustomSkinLoader Core]: 2/2 Try to load profile from 'Server17'.
[2026-09-01 10:09:17] [/DEBUG] [CustomSkinLoader Core]: Try to request 'https://star-plays-dev.github.io/Web/skins/.png'.
[2026-09-01 10:09:17] [/DEBUG] [CustomSkinLoader Core]: Failed to request (Response Code: 404)
[2026-09-01 10:09:17] [/INFO] [CustomSkinLoader Core]: No texture could be found.
[2026-09-01 10:09:17] [/INFO] [CustomSkinLoader Core]: 's profile not found in load list.
[2026-09-01 10:09:17] [/INFO] [CustomSkinLoader Core]: Loading 's profile.
[2026-09-01 10:09:17] [/INFO] [CustomSkinLoader Core]: 1/2 Try to load profile from 'GameProfile'.
[2026-09-01 10:09:17] [/INFO] [CustomSkinLoader Core]: Profile not found.
[2026-09-01 10:09:17] [/INFO] [CustomSkinLoader Core]: 2/2 Try to load profile from 'Server17'.
[2026-09-01 10:09:17] [/DEBUG] [CustomSkinLoader Core]: Try to request 'https://star-plays-dev.github.io/Web/skins/.png'.
[2026-09-01 10:09:17] [/DEBUG] [CustomSkinLoader Core]: Failed to request (Response Code: 404)
[2026-09-01 10:09:17] [/INFO] [CustomSkinLoader Core]: No texture could be found.
[2026-09-01 10:09:17] [/INFO] [CustomSkinLoader Core]: 's profile not found in load list.
[2026-09-01 10:09:17] [/INFO] [CustomSkinLoader Core]: Loading 's profile.
[2026-09-01 10:09:17] [/INFO] [CustomSkinLoader Core]: 1/2 Try to load profile from 'GameProfile'.
[2026-09-01 10:09:17] [/INFO] [CustomSkinLoader Core]: Profile not found.
[2026-09-01 10:09:17] [/INFO] [CustomSkinLoader Core]: 2/2 Try to load profile from 'Server17'.
[2026-09-01 10:09:17] [/DEBUG] [CustomSkinLoader Core]: Try to request 'https://star-plays-dev.github.io/Web/skins/.png'.
[2026-09-01 10:09:17] [/DEBUG] [CustomSkinLoader Core]: Failed to request (Response Code: 404)
[2026-09-01 10:09:17] [/INFO] [CustomSkinLoader Core]: No texture could be found.
[2026-09-01 10:09:17] [/INFO] [CustomSkinLoader Core]: 's profile not found in load list.
[2026-09-01 10:09:17] [/INFO] [CustomSkinLoader Core]: Loading 's profile.
[2026-09-01 10:09:17] [/INFO] [CustomSkinLoader Core]: 1/2 Try to load profile from 'GameProfile'.
[2026-09-01 10:09:17] [/INFO] [CustomSkinLoader Core]: Profile not found.
[2026-09-01 10:09:17] [/INFO] [CustomSkinLoader Core]: 2/2 Try to load profile from 'Server17'.
[2026-09-01 10:09:17] [/DEBUG] [CustomSkinLoader Core]: Try to request 'https://star-plays-dev.github.io/Web/skins/.png'.
[2026-09-01 10:09:17] [/DEBUG] [CustomSkinLoader Core]: Failed to request (Response Code: 404)
[2026-09-01 10:09:17] [/INFO] [CustomSkinLoader Core]: No texture could be found.
[2026-09-01 10:09:17] [/INFO] [CustomSkinLoader Core]: 's profile not found in load list.
[2026-09-01 10:09:17] [/INFO] [CustomSkinLoader Core]: Loading 's profile.
[2026-09-01 10:09:17] [/INFO] [CustomSkinLoader Core]: 1/2 Try to load profile from 'GameProfile'.
[2026-09-01 10:09:17] [/INFO] [CustomSkinLoader Core]: Profile not found.
[2026-09-01 10:09:17] [/INFO] [CustomSkinLoader Core]: 2/2 Try to load profile from 'Server17'.
[2026-09-01 10:09:17] [/DEBUG] [CustomSkinLoader Core]: Try to request 'https://star-plays-dev.github.io/Web/skins/.png'.
[2026-09-01 10:09:17] [/DEBUG] [CustomSkinLoader Core]: Failed to request (Response Code: 404)
[2026-09-01 10:09:17] [/INFO] [CustomSkinLoader Core]: No texture could be found.
[2026-09-01 10:09:17] [/INFO] [CustomSkinLoader Core]: 's profile not found in load list.
[2026-09-01 10:09:17] [/INFO] [CustomSkinLoader Core]: Loading 's profile.
[2026-09-01 10:09:17] [/INFO] [CustomSkinLoader Core]: 1/2 Try to load profile from 'GameProfile'.
[2026-09-01 10:09:17] [/INFO] [CustomSkinLoader Core]: Profile not found.
[2026-09-01 10:09:17] [/INFO] [CustomSkinLoader Core]: 2/2 Try to load profile from 'Server17'.
[2026-09-01 10:09:17] [/DEBUG] [CustomSkinLoader Core]: Try to request 'https://star-plays-dev.github.io/Web/skins/.png'.
[2026-09-01 10:09:17] [/DEBUG] [CustomSkinLoader Core]: Failed to request (Response Code: 404)
[2026-09-01 10:09:17] [/INFO] [CustomSkinLoader Core]: No texture could be found.
[2026-09-01 10:09:17] [/INFO] [CustomSkinLoader Core]: 's profile not found in load list.
[2026-09-01 10:09:17] [/INFO] [CustomSkinLoader Core]: Loading 's profile.
[2026-09-01 10:09:17] [/INFO] [CustomSkinLoader Core]: 1/2 Try to load profile from 'GameProfile'.
[2026-09-01 10:09:17] [/INFO] [CustomSkinLoader Core]: Profile not found.
[2026-09-01 10:09:17] [/INFO] [CustomSkinLoader Core]: 2/2 Try to load profile from 'Server17'.
[2026-09-01 10:09:17] [/DEBUG] [CustomSkinLoader Core]: Try to request 'https://star-plays-dev.github.io/Web/skins/.png'.
[2026-09-01 10:09:17] [/DEBUG] [CustomSkinLoader Core]: Failed to request (Response Code: 404)
[2026-09-01 10:09:17] [/DEBUG] [CustomSkinLoader Core]: Try to request 'https://star-plays-dev.github.io/Web/capes/.png'.
[2026-09-01 10:09:17] [/DEBUG] [CustomSkinLoader Core]: Failed to request (Response Code: 404)
[2026-09-01 10:09:17] [/DEBUG] [CustomSkinLoader Core]: Try to request 'https://star-plays-dev.github.io/Web/capes/.png'.
[2026-09-01 10:09:17] [/DEBUG] [CustomSkinLoader Core]: Failed to request (Response Code: 404)
[2026-09-01 10:09:17] [/DEBUG] [CustomSkinLoader Core]: Try to request 'https://star-plays-dev.github.io/Web/capes/.png'.
[2026-09-01 10:09:17] [/DEBUG] [CustomSkinLoader Core]: Failed to request (Response Code: 404)
[2026-09-01 10:09:17] [/DEBUG] [CustomSkinLoader Core]: Try to request 'https://star-plays-dev.github.io/Web/capes/.png'.
[2026-09-01 10:09:17] [/DEBUG] [CustomSkinLoader Core]: Failed to request (Response Code: 404)
[2026-09-01 10:09:17] [/DEBUG] [CustomSkinLoader Core]: Try to request 'https://star-plays-dev.github.io/Web/capes/.png'.
[2026-09-01 10:09:17] [/DEBUG] [CustomSkinLoader Core]: Failed to request (Response Code: 404)
[2026-09-01 10:09:17] [/DEBUG] [CustomSkinLoader Core]: Try to request 'https://star-plays-dev.github.io/Web/capes/.png'.
[2026-09-01 10:09:17] [/DEBUG] [CustomSkinLoader Core]: Failed to request (Response Code: 404)
[2026-09-01 10:09:17] [/DEBUG] [CustomSkinLoader Core]: Try to request 'https://star-plays-dev.github.io/Web/capes/.png'.
[2026-09-01 10:09:18] [/DEBUG] [CustomSkinLoader Core]: Failed to request (Response Code: 404)
[2026-09-01 10:09:18] [/INFO] [CustomSkinLoader Core]: No texture could be found.
[2026-09-01 10:09:18] [/INFO] [CustomSkinLoader Core]: 's profile not found in load list.
[2026-09-01 10:09:18] [/INFO] [CustomSkinLoader Core]: Loading 's profile.
[2026-09-01 10:09:18] [/INFO] [CustomSkinLoader Core]: 1/2 Try to load profile from 'GameProfile'.
[2026-09-01 10:09:18] [/INFO] [CustomSkinLoader Core]: Profile not found.
[2026-09-01 10:09:18] [/INFO] [CustomSkinLoader Core]: 2/2 Try to load profile from 'Server17'.
[2026-09-01 10:09:18] [/DEBUG] [CustomSkinLoader Core]: Try to request 'https://star-plays-dev.github.io/Web/skins/.png'.
[2026-09-01 10:09:18] [/DEBUG] [CustomSkinLoader Core]: Failed to request (Response Code: 404)
[2026-09-01 10:09:18] [/DEBUG] [CustomSkinLoader Core]: Try to request 'https://star-plays-dev.github.io/Web/capes/.png'.
[2026-09-01 10:09:18] [/DEBUG] [CustomSkinLoader Core]: Failed to request (Response Code: 404)
[2026-09-01 10:09:18] [/INFO] [CustomSkinLoader Core]: No texture could be found.
[2026-09-01 10:09:18] [/INFO] [CustomSkinLoader Core]: 's profile not found in load list.
[2026-09-01 10:09:18] [/INFO] [CustomSkinLoader Core]: Loading 's profile.
[2026-09-01 10:09:18] [/INFO] [CustomSkinLoader Core]: 1/2 Try to load profile from 'GameProfile'.
[2026-09-01 10:09:18] [/INFO] [CustomSkinLoader Core]: Profile not found.
[2026-09-01 10:09:18] [/INFO] [CustomSkinLoader Core]: 2/2 Try to load profile from 'Server17'.
[2026-09-01 10:09:18] [/DEBUG] [CustomSkinLoader Core]: Try to request 'https://star-plays-dev.github.io/Web/skins/.png'.
[2026-09-01 10:09:18] [/DEBUG] [CustomSkinLoader Core]: Failed to request (Response Code: 404)
[2026-09-01 10:09:18] [/INFO] [CustomSkinLoader Core]: No texture could be found.
[2026-09-01 10:09:18] [/INFO] [CustomSkinLoader Core]: 's profile not found in load list.
[2026-09-01 10:09:18] [/INFO] [CustomSkinLoader Core]: Loading 's profile.
[2026-09-01 10:09:18] [/INFO] [CustomSkinLoader Core]: 1/2 Try to load profile from 'GameProfile'.
[2026-09-01 10:09:18] [/INFO] [CustomSkinLoader Core]: Profile not found.
[2026-09-01 10:09:18] [/INFO] [CustomSkinLoader Core]: 2/2 Try to load profile from 'Server17'.
[2026-09-01 10:09:18] [/DEBUG] [CustomSkinLoader Core]: Try to request 'https://star-plays-dev.github.io/Web/skins/.png'.
[2026-09-01 10:09:18] [/DEBUG] [CustomSkinLoader Core]: Failed to request (Response Code: 404)
[2026-09-01 10:09:18] [/INFO] [CustomSkinLoader Core]: No texture could be found.
[2026-09-01 10:09:18] [/INFO] [CustomSkinLoader Core]: 's profile not found in load list.
[2026-09-01 10:09:18] [/INFO] [CustomSkinLoader Core]: Loading 's profile.
[2026-09-01 10:09:18] [/INFO] [CustomSkinLoader Core]: 1/2 Try to load profile from 'GameProfile'.
[2026-09-01 10:09:18] [/INFO] [CustomSkinLoader Core]: Profile not found.
[2026-09-01 10:09:18] [/INFO] [CustomSkinLoader Core]: 2/2 Try to load profile from 'Server17'.
[2026-09-01 10:09:18] [/DEBUG] [CustomSkinLoader Core]: Try to request 'https://star-plays-dev.github.io/Web/skins/.png'.
[2026-09-01 10:09:18] [/DEBUG] [CustomSkinLoader Core]: Failed to request (Response Code: 404)
[2026-09-01 10:09:18] [/INFO] [CustomSkinLoader Core]: No texture could be found.
[2026-09-01 10:09:18] [/INFO] [CustomSkinLoader Core]: 's profile not found in load list.
[2026-09-01 10:09:18] [/INFO] [CustomSkinLoader Core]: Loading 's profile.
[2026-09-01 10:09:18] [/INFO] [CustomSkinLoader Core]: 1/2 Try to load profile from 'GameProfile'.
[2026-09-01 10:09:18] [/INFO] [CustomSkinLoader Core]: Profile not found.
[2026-09-01 10:09:18] [/INFO] [CustomSkinLoader Core]: 2/2 Try to load profile from 'Server17'.
[2026-09-01 10:09:18] [/DEBUG] [CustomSkinLoader Core]: Try to request 'https://star-plays-dev.github.io/Web/skins/.png'.
[2026-09-01 10:09:18] [/DEBUG] [CustomSkinLoader Core]: Failed to request (Response Code: 404)
[2026-09-01 10:09:18] [/INFO] [CustomSkinLoader Core]: No texture could be found.
[2026-09-01 10:09:18] [/INFO] [CustomSkinLoader Core]: 's profile not found in load list.
[2026-09-01 10:09:18] [/INFO] [CustomSkinLoader Core]: Loading 's profile.
[2026-09-01 10:09:18] [/INFO] [CustomSkinLoader Core]: 1/2 Try to load profile from 'GameProfile'.
[2026-09-01 10:09:18] [/INFO] [CustomSkinLoader Core]: Profile not found.
[2026-09-01 10:09:18] [/INFO] [CustomSkinLoader Core]: 2/2 Try to load profile from 'Server17'.
[2026-09-01 10:09:18] [/DEBUG] [CustomSkinLoader Core]: Try to request 'https://star-plays-dev.github.io/Web/skins/.png'.
[2026-09-01 10:09:18] [/DEBUG] [CustomSkinLoader Core]: Failed to request (Response Code: 404)
[2026-09-01 10:09:18] [/INFO] [CustomSkinLoader Core]: No texture could be found.
[2026-09-01 10:09:18] [/INFO] [CustomSkinLoader Core]: 's profile not found in load list.
[2026-09-01 10:09:18] [/INFO] [CustomSkinLoader Core]: Loading 's profile.
[2026-09-01 10:09:18] [/INFO] [CustomSkinLoader Core]: 1/2 Try to load profile from 'GameProfile'.
[2026-09-01 10:09:18] [/INFO] [CustomSkinLoader Core]: Profile not found.
[2026-09-01 10:09:18] [/INFO] [CustomSkinLoader Core]: 2/2 Try to load profile from 'Server17'.
[2026-09-01 10:09:18] [/DEBUG] [CustomSkinLoader Core]: Try to request 'https://star-plays-dev.github.io/Web/skins/.png'.
[2026-09-01 10:09:18] [/DEBUG] [CustomSkinLoader Core]: Failed to request (Response Code: 404)
[2026-09-01 10:09:18] [/DEBUG] [CustomSkinLoader Core]: Try to request 'https://star-plays-dev.github.io/Web/capes/.png'.
[2026-09-01 10:09:18] [/DEBUG] [CustomSkinLoader Core]: Failed to request (Response Code: 404)
[2026-09-01 10:09:18] [/INFO] [CustomSkinLoader Core]: No texture could be found.
[2026-09-01 10:09:18] [/INFO] [CustomSkinLoader Core]: 's profile not found in load list.
[2026-09-01 10:09:18] [/INFO] [CustomSkinLoader Core]: Loading 's profile.
[2026-09-01 10:09:18] [/INFO] [CustomSkinLoader Core]: 1/2 Try to load profile from 'GameProfile'.
[2026-09-01 10:09:18] [/INFO] [CustomSkinLoader Core]: Profile not found.
[2026-09-01 10:09:18] [/INFO] [CustomSkinLoader Core]: 2/2 Try to load profile from 'Server17'.
[2026-09-01 10:09:18] [/DEBUG] [CustomSkinLoader Core]: Try to request 'https://star-plays-dev.github.io/Web/skins/.png'.
[2026-09-01 10:09:18] [/DEBUG] [CustomSkinLoader Core]: Failed to request (Response Code: 404)
[2026-09-01 10:09:18] [/DEBUG] [CustomSkinLoader Core]: Failed to request (Response Code: 404)
[2026-09-01 10:09:18] [/DEBUG] [CustomSkinLoader Core]: Try to request 'https://star-plays-dev.github.io/Web/capes/.png'.
[2026-09-01 10:09:18] [/DEBUG] [CustomSkinLoader Core]: Try to request 'https://star-plays-dev.github.io/Web/capes/.png'.
[2026-09-01 10:09:18] [/DEBUG] [CustomSkinLoader Core]: Failed to request (Response Code: 404)
[2026-09-01 10:09:18] [/DEBUG] [CustomSkinLoader Core]: Try to request 'https://star-plays-dev.github.io/Web/capes/.png'.
[2026-09-01 10:09:18] [/DEBUG] [CustomSkinLoader Core]: Failed to request (Response Code: 404)
[2026-09-01 10:09:18] [/DEBUG] [CustomSkinLoader Core]: Try to request 'https://star-plays-dev.github.io/Web/capes/.png'.
[2026-09-01 10:09:18] [/DEBUG] [CustomSkinLoader Core]: Failed to request (Response Code: 404)
[2026-09-01 10:09:18] [/DEBUG] [CustomSkinLoader Core]: Try to request 'https://star-plays-dev.github.io/Web/capes/.png'.
[2026-09-01 10:09:18] [/DEBUG] [CustomSkinLoader Core]: Failed to request (Response Code: 404)
[2026-09-01 10:09:18] [/DEBUG] [CustomSkinLoader Core]: Try to request 'https://star-plays-dev.github.io/Web/capes/.png'.
[2026-09-01 10:09:18] [/DEBUG] [CustomSkinLoader Core]: Failed to request (Response Code: 404)
[2026-09-01 10:09:18] [/DEBUG] [CustomSkinLoader Core]: Try to request 'https://star-plays-dev.github.io/Web/capes/.png'.
[2026-09-01 10:09:18] [/DEBUG] [CustomSkinLoader Core]: Failed to request (Response Code: 404)
[2026-09-01 10:09:18] [/INFO] [CustomSkinLoader Core]: No texture could be found.
[2026-09-01 10:09:18] [/INFO] [CustomSkinLoader Core]: 's profile not found in load list.
[2026-09-01 10:09:18] [/DEBUG] [CustomSkinLoader Core]: Failed to request (Response Code: 404)
[2026-09-01 10:09:18] [/INFO] [CustomSkinLoader Core]: No texture could be found.
[2026-09-01 10:09:18] [/INFO] [CustomSkinLoader Core]: 's profile not found in load list.
[2026-09-01 10:09:18] [/DEBUG] [CustomSkinLoader Core]: Failed to request (Response Code: 404)
[2026-09-01 10:09:18] [/INFO] [CustomSkinLoader Core]: No texture could be found.
[2026-09-01 10:09:18] [/INFO] [CustomSkinLoader Core]: 's profile not found in load list.
[2026-09-01 10:09:18] [/DEBUG] [CustomSkinLoader Core]: Failed to request (Response Code: 404)
[2026-09-01 10:09:18] [/INFO] [CustomSkinLoader Core]: No texture could be found.
[2026-09-01 10:09:18] [/INFO] [CustomSkinLoader Core]: 's profile not found in load list.
[2026-09-01 10:09:18] [/DEBUG] [CustomSkinLoader Core]: Failed to request (Response Code: 404)
[2026-09-01 10:09:18] [/INFO] [CustomSkinLoader Core]: No texture could be found.
[2026-09-01 10:09:18] [/DEBUG] [CustomSkinLoader Core]: Failed to request (Response Code: 404)
[2026-09-01 10:09:18] [/INFO] [CustomSkinLoader Core]: 's profile not found in load list.
[2026-09-01 10:09:18] [/INFO] [CustomSkinLoader Core]: No texture could be found.
[2026-09-01 10:09:18] [/INFO] [CustomSkinLoader Core]: 's profile not found in load list.
[2026-09-01 10:09:18] [/DEBUG] [CustomSkinLoader Core]: Failed to request (Response Code: 404)
[2026-09-01 10:09:18] [/INFO] [CustomSkinLoader Core]: No texture could be found.
[2026-09-01 10:09:18] [/INFO] [CustomSkinLoader Core]: 's profile not found in load list.
[2026-09-01 10:09:18] [/DEBUG] [CustomSkinLoader Core]: Failed to request (Response Code: 404)
[2026-09-01 10:09:18] [/INFO] [CustomSkinLoader Core]: No texture could be found.
[2026-09-01 10:09:18] [/INFO] [CustomSkinLoader Core]: 's profile not found in load list.
